2026-08-28 20:03:49.499 [main] INFO  customer-service [c.n.n.NeobankBackendApplication] - Starting NeobankBackendApplication using Java 24.0.1 with PID 3804 (D:\neobank-backend\target\classes started by chaud in D:\neobank-backend)
2026-08-28 20:03:49.530 [main] INFO  customer-service [c.n.n.NeobankBackendApplication] - No active profile set, falling back to 1 default profile: "local"
2026-08-28 20:03:55.003 [main] INFO  customer-service [o.s.d.r.c.RepositoryConfigurationDelegate] - Bootstrapping Spring Data JPA repositories in DEFAULT mode.
2026-08-28 20:03:55.397 [main] INFO  customer-service [o.s.d.r.c.RepositoryConfigurationDelegate] - Finished Spring Data repository scanning in 365 ms. Found 9 JPA repository interfaces.
2026-08-28 20:04:02.519 [main] INFO  customer-service [o.s.b.w.e.tomcat.TomcatWebServer] - Tomcat initialized with port 8081 (http)
2026-08-28 20:04:02.624 [main] INFO  customer-service [o.a.coyote.http11.Http11NioProtocol] - Initializing ProtocolHandler ["http-nio-8081"]
2026-08-28 20:04:02.632 [main] INFO  customer-service [o.a.catalina.core.StandardService] - Starting service [Tomcat]
2026-08-28 20:04:02.634 [main] INFO  customer-service [o.a.catalina.core.StandardEngine] - Starting Servlet engine: [Apache Tomcat/10.1.41]
2026-08-28 20:04:03.177 [main] INFO  customer-service [o.a.c.c.C.[Tomcat].[localhost].[/]] - Initializing Spring embedded WebApplicationContext
2026-08-28 20:04:03.181 [main] INFO  customer-service [o.s.b.w.s.c.ServletWebServerApplicationContext] - Root WebApplicationContext: initialization completed in 13449 ms
2026-08-28 20:04:07.822 [main] INFO  customer-service [com.zaxxer.hikari.HikariDataSource] - HikariPool-1 - Starting...
2026-08-28 20:04:09.414 [main] INFO  customer-service [com.zaxxer.hikari.pool.HikariPool] - HikariPool-1 - Added connection com.mysql.cj.jdbc.ConnectionImpl@1d5048d1
2026-08-28 20:04:09.418 [main] INFO  customer-service [com.zaxxer.hikari.HikariDataSource] - HikariPool-1 - Start completed.
2026-08-28 20:04:09.949 [main] INFO  customer-service [org.flywaydb.core.FlywayExecutor] - Database: jdbc:mysql://localhost:3306/customer_db?useSSL=false&allowPublicKeyRetrieval=true&serverTimezone=UTC&createDatabaseIfNotExist=true (MySQL 8.0)
2026-08-28 20:04:10.522 [main] INFO  customer-service [o.f.core.internal.command.DbMigrate] - Current version of schema `customer_db`: 007
2026-08-28 20:04:10.536 [main] INFO  customer-service [o.f.core.internal.command.DbMigrate] - Schema `customer_db` is up to date. No migration necessary.
2026-08-28 20:04:14.136 [main] INFO  customer-service [o.s.o.j.p.SpringPersistenceUnitInfo] - No LoadTimeWeaver setup: ignoring JPA class transformer
2026-08-28 20:04:20.987 [main] INFO  customer-service [o.s.o.j.LocalContainerEntityManagerFactoryBean] - Initialized JPA EntityManagerFactory for persistence unit 'default'
2026-08-28 20:04:26.783 [main] INFO  customer-service [o.s.s.c.a.a.c.InitializeUserDetailsBeanManagerConfigurer$InitializeUserDetailsManagerConfigurer] - Global AuthenticationManager configured with UserDetailsService bean with name userDetailsService
2026-08-28 20:04:29.239 [main] INFO  customer-service [o.s.b.a.e.web.EndpointLinksResolver] - Exposing 3 endpoints beneath base path '/actuator'
2026-08-28 20:04:32.304 [main] INFO  customer-service [o.a.coyote.http11.Http11NioProtocol] - Starting ProtocolHandler ["http-nio-8081"]
2026-08-28 20:04:32.392 [main] INFO  customer-service [o.s.b.w.e.tomcat.TomcatWebServer] - Tomcat started on port 8081 (http) with context path '/'
2026-08-28 20:04:32.457 [main] INFO  customer-service [c.n.n.NeobankBackendApplication] - Started NeobankBackendApplication in 46.788 seconds (process running for 50.1)
2026-08-28 20:04:33.349 [scheduling-1] INFO  customer-service [o.a.k.c.producer.ProducerConfig] - ProducerConfig values: 
	acks = -1
	auto.include.jmx.reporter = true
	batch.size = 16384
	bootstrap.servers = [localhost:9092]
	buffer.memory = 33554432
	client.dns.lookup = use_all_dns_ips
	client.id = customer-service-producer-1
	compression.gzip.level = -1
	compression.lz4.level = 9
	compression.type = none
	compression.zstd.level = 3
	connections.max.idle.ms = 540000
	delivery.timeout.ms = 120000
	enable.idempotence = true
	enable.metrics.push = true
	interceptor.classes = []
	key.serializer = class org.apache.kafka.common.serialization.StringSerializer
	linger.ms = 0
	max.block.ms = 60000
	max.in.flight.requests.per.connection = 5
	max.request.size = 1048576
	metadata.max.age.ms = 300000
	metadata.max.idle.ms = 300000
	metadata.recovery.strategy = none
	metric.reporters = []
	metrics.num.samples = 2
	metrics.recording.level = INFO
	metrics.sample.window.ms = 30000
	partitioner.adaptive.partitioning.enable = true
	partitioner.availability.timeout.ms = 0
	partitioner.class = null
	partitioner.ignore.keys = false
	receive.buffer.bytes = 32768
	reconnect.backoff.max.ms = 1000
	reconnect.backoff.ms = 50
	request.timeout.ms = 30000
	retries = 2147483647
	retry.backoff.max.ms = 1000
	retry.backoff.ms = 100
	sasl.client.callback.handler.class = null
	sasl.jaas.config = null
	sasl.kerberos.kinit.cmd = /usr/bin/kinit
	sasl.kerberos.min.time.before.relogin = 60000
	sasl.kerberos.service.name = null
	sasl.kerberos.ticket.renew.jitter = 0.05
	sasl.kerberos.ticket.renew.window.factor = 0.8
	sasl.login.callback.handler.class = null
	sasl.login.class = null
	sasl.login.connect.timeout.ms = null
	sasl.login.read.timeout.ms = null
	sasl.login.refresh.buffer.seconds = 300
	sasl.login.refresh.min.period.seconds = 60
	sasl.login.refresh.window.factor = 0.8
	sasl.login.refresh.window.jitter = 0.05
	sasl.login.retry.backoff.max.ms = 10000
	sasl.login.retry.backoff.ms = 100
	sasl.mechanism = GSSAPI
	sasl.oauthbearer.clock.skew.seconds = 30
	sasl.oauthbearer.expected.audience = null
	sasl.oauthbearer.expected.issuer = null
	sasl.oauthbearer.header.urlencode = false
	sasl.oauthbearer.jwks.endpoint.refresh.ms = 3600000
	sasl.oauthbearer.jwks.endpoint.retry.backoff.max.ms = 10000
	sasl.oauthbearer.jwks.endpoint.retry.backoff.ms = 100
	sasl.oauthbearer.jwks.endpoint.url = null
	sasl.oauthbearer.scope.claim.name = scope
	sasl.oauthbearer.sub.claim.name = sub
	sasl.oauthbearer.token.endpoint.url = null
	security.protocol = PLAINTEXT
	security.providers = null
	send.buffer.bytes = 131072
	socket.connection.setup.timeout.max.ms = 30000
	socket.connection.setup.timeout.ms = 10000
	ssl.cipher.suites = null
	ssl.enabled.protocols = [TLSv1.2, TLSv1.3]
	ssl.endpoint.identification.algorithm = https
	ssl.engine.factory.class = null
	ssl.key.password = null
	ssl.keymanager.algorithm = SunX509
	ssl.keystore.certificate.chain = null
	ssl.keystore.key = null
	ssl.keystore.location = null
	ssl.keystore.password = null
	ssl.keystore.type = JKS
	ssl.protocol = TLSv1.3
	ssl.provider = null
	ssl.secure.random.implementation = null
	ssl.trustmanager.algorithm = PKIX
	ssl.truststore.certificates = null
	ssl.truststore.location = null
	ssl.truststore.password = null
	ssl.truststore.type = JKS
	transaction.timeout.ms = 60000
	transactional.id = null
	value.serializer = class org.apache.kafka.common.serialization.StringSerializer

2026-08-28 20:04:33.677 [scheduling-1] INFO  customer-service [o.a.k.c.t.i.KafkaMetricsCollector] - initializing Kafka metrics collector
2026-08-28 20:04:33.776 [scheduling-1] INFO  customer-service [o.a.k.clients.producer.KafkaProducer] - [Producer clientId=customer-service-producer-1] Instantiated an idempotent producer.
2026-08-28 20:04:34.142 [scheduling-1] INFO  customer-service [o.a.kafka.common.utils.AppInfoParser] - Kafka version: 3.9.1
2026-08-28 20:04:34.143 [scheduling-1] INFO  customer-service [o.a.kafka.common.utils.AppInfoParser] - Kafka commitId: f745dfdcee2b9851
2026-08-28 20:04:34.143 [scheduling-1] INFO  customer-service [o.a.kafka.common.utils.AppInfoParser] - Kafka startTimeMs: 1787927674138
2026-08-28 20:04:35.603 [kafka-producer-network-thread | customer-service-producer-1] INFO  customer-service [o.apache.kafka.clients.NetworkClient] - [Producer clientId=customer-service-producer-1] Node -1 disconnected.
2026-08-28 20:04:35.607 [kafka-producer-network-thread | customer-service-producer-1] WARN  customer-service [o.apache.kafka.clients.NetworkClient] - [Producer clientId=customer-service-producer-1] Connection to node -1 (localhost/127.0.0.1:9092) could not be established. Node may not be available.
2026-08-28 20:04:35.607 [kafka-producer-network-thread | customer-service-producer-1] WARN  customer-service [o.apache.kafka.clients.NetworkClient] - [Producer clientId=customer-service-producer-1] Bootstrap broker localhost:9092 (id: -1 rack: null) disconnected
2026-08-28 20:04:35.715 [kafka-producer-network-thread | customer-service-producer-1] INFO  customer-service [o.apache.kafka.clients.NetworkClient] - [Producer clientId=customer-service-producer-1] Node -1 disconnected.
2026-08-28 20:04:35.715 [kafka-producer-network-thread | customer-service-producer-1] WARN  customer-service [o.apache.kafka.clients.NetworkClient] - [Producer clientId=customer-service-producer-1] Connection to node -1 (localhost/127.0.0.1:9092) could not be established. Node may not be available.
2026-08-28 20:04:35.716 [kafka-producer-network-thread | customer-service-producer-1] WARN  customer-service [o.apache.kafka.clients.NetworkClient] - [Producer clientId=customer-service-producer-1] Bootstrap broker localhost:9092 (id: -1 rack: null) disconnected
2026-08-28 20:04:35.820 [kafka-producer-network-thread | customer-service-producer-1] INFO  customer-service [o.apache.kafka.clients.NetworkClient] - [Producer clientId=customer-service-producer-1] Node -1 disconnected.
2026-08-28 20:04:35.821 [kafka-producer-network-thread | customer-service-producer-1] WARN  customer-service [o.apache.kafka.clients.NetworkClient] - [Producer clientId=customer-service-producer-1] Connection to node -1 (localhost/127.0.0.1:9092) could not be established. Node may not be available.
2026-08-28 20:04:35.822 [kafka-producer-network-thread | customer-service-producer-1] WARN  customer-service [o.apache.kafka.clients.NetworkClient] - [Producer clientId=customer-service-producer-1] Bootstrap broker localhost:9092 (id: -1 rack: null) disconnected
2026-08-28 20:04:36.067 [kafka-producer-network-thread | customer-service-producer-1] INFO  customer-service [o.apache.kafka.clients.NetworkClient] - [Producer clientId=customer-service-producer-1] Node -1 disconnected.
2026-08-28 20:04:36.071 [kafka-producer-network-thread | customer-service-producer-1] WARN  customer-service [o.apache.kafka.clients.NetworkClient] - [Producer clientId=customer-service-producer-1] Connection to node -1 (localhost/127.0.0.1:9092) could not be established. Node may not be available.
2026-08-28 20:04:36.074 [kafka-producer-network-thread | customer-service-producer-1] WARN  customer-service [o.apache.kafka.clients.NetworkClient] - [Producer clientId=customer-service-producer-1] Bootstrap broker localhost:9092 (id: -1 rack: null) disconnected
2026-08-28 20:04:36.517 [kafka-producer-network-thread | customer-service-producer-1] INFO  customer-service [o.apache.kafka.clients.NetworkClient] - [Producer clientId=customer-service-producer-1] Node -1 disconnected.
2026-08-28 20:04:36.518 [kafka-producer-network-thread | customer-service-producer-1] WARN  customer-service [o.apache.kafka.clients.NetworkClient] - [Producer clientId=customer-service-producer-1] Connection to node -1 (localhost/127.0.0.1:9092) could not be established. Node may not be available.
2026-08-28 20:04:36.518 [kafka-producer-network-thread | customer-service-producer-1] WARN  customer-service [o.apache.kafka.clients.NetworkClient] - [Producer clientId=customer-service-producer-1] Bootstrap broker localhost:9092 (id: -1 rack: null) disconnected
2026-08-28 20:04:37.298 [kafka-producer-network-thread | customer-service-producer-1] INFO  customer-service [o.apache.kafka.clients.NetworkClient] - [Producer clientId=customer-service-producer-1] Node -1 disconnected.
2026-08-28 20:04:37.299 [kafka-producer-network-thread | customer-service-producer-1] WARN  customer-service [o.apache.kafka.clients.NetworkClient] - [Producer clientId=customer-service-producer-1] Connection to node -1 (localhost/127.0.0.1:9092) could not be established. Node may not be available.
2026-08-28 20:04:37.300 [kafka-producer-network-thread | customer-service-producer-1] WARN  customer-service [o.apache.kafka.clients.NetworkClient] - [Producer clientId=customer-service-producer-1] Bootstrap broker localhost:9092 (id: -1 rack: null) disconnected
2026-08-28 20:04:38.334 [kafka-producer-network-thread | customer-service-producer-1] INFO  customer-service [o.apache.kafka.clients.NetworkClient] - [Producer clientId=customer-service-producer-1] Node -1 disconnected.
2026-08-28 20:04:38.335 [kafka-producer-network-thread | customer-service-producer-1] WARN  customer-service [o.apache.kafka.clients.NetworkClient] - [Producer clientId=customer-service-producer-1] Connection to node -1 (localhost/127.0.0.1:9092) could not be established. Node may not be available.
2026-08-28 20:04:38.336 [kafka-producer-network-thread | customer-service-producer-1] WARN  customer-service [o.apache.kafka.clients.NetworkClient] - [Producer clientId=customer-service-producer-1] Bootstrap broker localhost:9092 (id: -1 rack: null) disconnected
2026-08-28 20:04:39.336 [kafka-producer-network-thread | customer-service-producer-1] INFO  customer-service [o.apache.kafka.clients.NetworkClient] - [Producer clientId=customer-service-producer-1] Node -1 disconnected.
2026-08-28 20:04:39.337 [kafka-producer-network-thread | customer-service-producer-1] WARN  customer-service [o.apache.kafka.clients.NetworkClient] - [Producer clientId=customer-service-producer-1] Connection to node -1 (localhost/127.0.0.1:9092) could not be established. Node may not be available.
2026-08-28 20:04:39.337 [kafka-producer-network-thread | customer-service-producer-1] WARN  customer-service [o.apache.kafka.clients.NetworkClient] - [Producer clientId=customer-service-producer-1] Bootstrap broker localhost:9092 (id: -1 rack: null) disconnected
2026-08-28 20:04:40.200 [kafka-producer-network-thread | customer-service-producer-1] INFO  customer-service [o.apache.kafka.clients.NetworkClient] - [Producer clientId=customer-service-producer-1] Node -1 disconnected.
2026-08-28 20:04:40.200 [kafka-producer-network-thread | customer-service-producer-1] WARN  customer-service [o.apache.kafka.clients.NetworkClient] - [Producer clientId=customer-service-producer-1] Connection to node -1 (localhost/127.0.0.1:9092) could not be established. Node may not be available.
2026-08-28 20:04:40.200 [kafka-producer-network-thread | customer-service-producer-1] WARN  customer-service [o.apache.kafka.clients.NetworkClient] - [Producer clientId=customer-service-producer-1] Bootstrap broker localhost:9092 (id: -1 rack: null) disconnected
2026-08-28 20:04:41.075 [kafka-producer-network-thread | customer-service-producer-1] INFO  customer-service [o.apache.kafka.clients.NetworkClient] - [Producer clientId=customer-service-producer-1] Node -1 disconnected.
2026-08-28 20:04:41.076 [kafka-producer-network-thread | customer-service-producer-1] WARN  customer-service [o.apache.kafka.clients.NetworkClient] - [Producer clientId=customer-service-producer-1] Connection to node -1 (localhost/127.0.0.1:9092) could not be established. Node may not be available.
2026-08-28 20:04:41.076 [kafka-producer-network-thread | customer-service-producer-1] WARN  customer-service [o.apache.kafka.clients.NetworkClient] - [Producer clientId=customer-service-producer-1] Bootstrap broker localhost:9092 (id: -1 rack: null) disconnected
2026-08-28 20:04:42.083 [kafka-producer-network-thread | customer-service-producer-1] INFO  customer-service [o.apache.kafka.clients.NetworkClient] - [Producer clientId=customer-service-producer-1] Node -1 disconnected.
2026-08-28 20:04:42.084 [kafka-producer-network-thread | customer-service-producer-1] WARN  customer-service [o.apache.kafka.clients.NetworkClient] - [Producer clientId=customer-service-producer-1] Connection to node -1 (localhost/127.0.0.1:9092) could not be established. Node may not be available.
2026-08-28 20:04:42.084 [kafka-producer-network-thread | customer-service-producer-1] WARN  customer-service [o.apache.kafka.clients.NetworkClient] - [Producer clientId=customer-service-producer-1] Bootstrap broker localhost:9092 (id: -1 rack: null) disconnected
2026-08-28 20:04:43.087 [kafka-producer-network-thread | customer-service-producer-1] INFO  customer-service [o.apache.kafka.clients.NetworkClient] - [Producer clientId=customer-service-producer-1] Node -1 disconnected.
2026-08-28 20:04:43.088 [kafka-producer-network-thread | customer-service-producer-1] WARN  customer-service [o.apache.kafka.clients.NetworkClient] - [Producer clientId=customer-service-producer-1] Connection to node -1 (localhost/127.0.0.1:9092) could not be established. Node may not be available.
2026-08-28 20:04:43.090 [kafka-producer-network-thread | customer-service-producer-1] WARN  customer-service [o.apache.kafka.clients.NetworkClient] - [Producer clientId=customer-service-producer-1] Bootstrap broker localhost:9092 (id: -1 rack: null) disconnected
2026-08-28 20:04:44.108 [kafka-producer-network-thread | customer-service-producer-1] INFO  customer-service [o.apache.kafka.clients.NetworkClient] - [Producer clientId=customer-service-producer-1] Node -1 disconnected.
2026-08-28 20:04:44.108 [kafka-producer-network-thread | customer-service-producer-1] WARN  customer-service [o.apache.kafka.clients.NetworkClient] - [Producer clientId=customer-service-producer-1] Connection to node -1 (localhost/127.0.0.1:9092) could not be established. Node may not be available.
2026-08-28 20:04:44.109 [kafka-producer-network-thread | customer-service-producer-1] WARN  customer-service [o.apache.kafka.clients.NetworkClient] - [Producer clientId=customer-service-producer-1] Bootstrap broker localhost:9092 (id: -1 rack: null) disconnected
2026-08-28 20:04:45.134 [kafka-producer-network-thread | customer-service-producer-1] INFO  customer-service [o.apache.kafka.clients.NetworkClient] - [Producer clientId=customer-service-producer-1] Node -1 disconnected.
2026-08-28 20:04:45.135 [kafka-producer-network-thread | customer-service-producer-1] WARN  customer-service [o.apache.kafka.clients.NetworkClient] - [Producer clientId=customer-service-producer-1] Connection to node -1 (localhost/127.0.0.1:9092) could not be established. Node may not be available.
2026-08-28 20:04:45.136 [kafka-producer-network-thread | customer-service-producer-1] WARN  customer-service [o.apache.kafka.clients.NetworkClient] - [Producer clientId=customer-service-producer-1] Bootstrap broker localhost:9092 (id: -1 rack: null) disconnected
2026-08-28 20:04:46.121 [kafka-producer-network-thread | customer-service-producer-1] INFO  customer-service [o.apache.kafka.clients.NetworkClient] - [Producer clientId=customer-service-producer-1] Node -1 disconnected.
2026-08-28 20:04:46.122 [kafka-producer-network-thread | customer-service-producer-1] WARN  customer-service [o.apache.kafka.clients.NetworkClient] - [Producer clientId=customer-service-producer-1] Connection to node -1 (localhost/127.0.0.1:9092) could not be established. Node may not be available.
2026-08-28 20:04:46.123 [kafka-producer-network-thread | customer-service-producer-1] WARN  customer-service [o.apache.kafka.clients.NetworkClient] - [Producer clientId=customer-service-producer-1] Bootstrap broker localhost:9092 (id: -1 rack: null) disconnected
2026-08-28 20:04:47.136 [kafka-producer-network-thread | customer-service-producer-1] INFO  customer-service [o.apache.kafka.clients.NetworkClient] - [Producer clientId=customer-service-producer-1] Node -1 disconnected.
2026-08-28 20:04:47.137 [kafka-producer-network-thread | customer-service-producer-1] WARN  customer-service [o.apache.kafka.clients.NetworkClient] - [Producer clientId=customer-service-producer-1] Connection to node -1 (localhost/127.0.0.1:9092) could not be established. Node may not be available.
2026-08-28 20:04:47.138 [kafka-producer-network-thread | customer-service-producer-1] WARN  customer-service [o.apache.kafka.clients.NetworkClient] - [Producer clientId=customer-service-producer-1] Bootstrap broker localhost:9092 (id: -1 rack: null) disconnected
2026-08-28 20:04:48.146 [kafka-producer-network-thread | customer-service-producer-1] INFO  customer-service [o.apache.kafka.clients.NetworkClient] - [Producer clientId=customer-service-producer-1] Node -1 disconnected.
2026-08-28 20:04:48.146 [kafka-producer-network-thread | customer-service-producer-1] WARN  customer-service [o.apache.kafka.clients.NetworkClient] - [Producer clientId=customer-service-producer-1] Connection to node -1 (localhost/127.0.0.1:9092) could not be established. Node may not be available.
2026-08-28 20:04:48.146 [kafka-producer-network-thread | customer-service-producer-1] WARN  customer-service [o.apache.kafka.clients.NetworkClient] - [Producer clientId=customer-service-producer-1] Bootstrap broker localhost:9092 (id: -1 rack: null) disconnected
2026-08-28 20:04:49.158 [kafka-producer-network-thread | customer-service-producer-1] INFO  customer-service [o.apache.kafka.clients.NetworkClient] - [Producer clientId=customer-service-producer-1] Node -1 disconnected.
2026-08-28 20:04:49.159 [kafka-producer-network-thread | customer-service-producer-1] WARN  customer-service [o.apache.kafka.clients.NetworkClient] - [Producer clientId=customer-service-producer-1] Connection to node -1 (localhost/127.0.0.1:9092) could not be established. Node may not be available.
2026-08-28 20:04:49.159 [kafka-producer-network-thread | customer-service-producer-1] WARN  customer-service [o.apache.kafka.clients.NetworkClient] - [Producer clientId=customer-service-producer-1] Bootstrap broker localhost:9092 (id: -1 rack: null) disconnected
2026-08-28 20:04:50.097 [kafka-producer-network-thread | customer-service-producer-1] INFO  customer-service [o.apache.kafka.clients.NetworkClient] - [Producer clientId=customer-service-producer-1] Node -1 disconnected.
2026-08-28 20:04:50.098 [kafka-producer-network-thread | customer-service-producer-1] WARN  customer-service [o.apache.kafka.clients.NetworkClient] - [Producer clientId=customer-service-producer-1] Connection to node -1 (localhost/127.0.0.1:9092) could not be established. Node may not be available.
2026-08-28 20:04:50.099 [kafka-producer-network-thread | customer-service-producer-1] WARN  customer-service [o.apache.kafka.clients.NetworkClient] - [Producer clientId=customer-service-producer-1] Bootstrap broker localhost:9092 (id: -1 rack: null) disconnected
2026-08-28 20:04:51.016 [kafka-producer-network-thread | customer-service-producer-1] INFO  customer-service [o.apache.kafka.clients.NetworkClient] - [Producer clientId=customer-service-producer-1] Node -1 disconnected.
2026-08-28 20:04:51.016 [kafka-producer-network-thread | customer-service-producer-1] WARN  customer-service [o.apache.kafka.clients.NetworkClient] - [Producer clientId=customer-service-producer-1] Connection to node -1 (localhost/127.0.0.1:9092) could not be established. Node may not be available.
2026-08-28 20:04:51.016 [kafka-producer-network-thread | customer-service-producer-1] WARN  customer-service [o.apache.kafka.clients.NetworkClient] - [Producer clientId=customer-service-producer-1] Bootstrap broker localhost:9092 (id: -1 rack: null) disconnected
2026-08-28 20:04:52.024 [kafka-producer-network-thread | customer-service-producer-1] INFO  customer-service [o.apache.kafka.clients.NetworkClient] - [Producer clientId=customer-service-producer-1] Node -1 disconnected.
2026-08-28 20:04:52.027 [kafka-producer-network-thread | customer-service-producer-1] WARN  customer-service [o.apache.kafka.clients.NetworkClient] - [Producer clientId=customer-service-producer-1] Connection to node -1 (localhost/127.0.0.1:9092) could not be established. Node may not be available.
2026-08-28 20:04:52.030 [kafka-producer-network-thread | customer-service-producer-1] WARN  customer-service [o.apache.kafka.clients.NetworkClient] - [Producer clientId=customer-service-producer-1] Bootstrap broker localhost:9092 (id: -1 rack: null) disconnected
2026-08-28 20:04:52.897 [kafka-producer-network-thread | customer-service-producer-1] INFO  customer-service [o.apache.kafka.clients.NetworkClient] - [Producer clientId=customer-service-producer-1] Node -1 disconnected.
2026-08-28 20:04:52.897 [kafka-producer-network-thread | customer-service-producer-1] WARN  customer-service [o.apache.kafka.clients.NetworkClient] - [Producer clientId=customer-service-producer-1] Connection to node -1 (localhost/127.0.0.1:9092) could not be established. Node may not be available.
2026-08-28 20:04:52.898 [kafka-producer-network-thread | customer-service-producer-1] WARN  customer-service [o.apache.kafka.clients.NetworkClient] - [Producer clientId=customer-service-producer-1] Bootstrap broker localhost:9092 (id: -1 rack: null) disconnected
2026-08-28 20:04:53.898 [kafka-producer-network-thread | customer-service-producer-1] INFO  customer-service [o.apache.kafka.clients.NetworkClient] - [Producer clientId=customer-service-producer-1] Node -1 disconnected.
2026-08-28 20:04:53.898 [kafka-producer-network-thread | customer-service-producer-1] WARN  customer-service [o.apache.kafka.clients.NetworkClient] - [Producer clientId=customer-service-producer-1] Connection to node -1 (localhost/127.0.0.1:9092) could not be established. Node may not be available.
2026-08-28 20:04:53.899 [kafka-producer-network-thread | customer-service-producer-1] WARN  customer-service [o.apache.kafka.clients.NetworkClient] - [Producer clientId=customer-service-producer-1] Bootstrap broker localhost:9092 (id: -1 rack: null) disconnected
2026-08-28 20:04:54.942 [kafka-producer-network-thread | customer-service-producer-1] INFO  customer-service [o.apache.kafka.clients.NetworkClient] - [Producer clientId=customer-service-producer-1] Node -1 disconnected.
2026-08-28 20:04:54.943 [kafka-producer-network-thread | customer-service-producer-1] WARN  customer-service [o.apache.kafka.clients.NetworkClient] - [Producer clientId=customer-service-producer-1] Connection to node -1 (localhost/127.0.0.1:9092) could not be established. Node may not be available.
2026-08-28 20:04:54.944 [kafka-producer-network-thread | customer-service-producer-1] WARN  customer-service [o.apache.kafka.clients.NetworkClient] - [Producer clientId=customer-service-producer-1] Bootstrap broker localhost:9092 (id: -1 rack: null) disconnected
2026-08-28 20:04:55.949 [kafka-producer-network-thread | customer-service-producer-1] INFO  customer-service [o.apache.kafka.clients.NetworkClient] - [Producer clientId=customer-service-producer-1] Node -1 disconnected.
2026-08-28 20:04:55.950 [kafka-producer-network-thread | customer-service-producer-1] WARN  customer-service [o.apache.kafka.clients.NetworkClient] - [Producer clientId=customer-service-producer-1] Connection to node -1 (localhost/127.0.0.1:9092) could not be established. Node may not be available.
2026-08-28 20:04:55.951 [kafka-producer-network-thread | customer-service-producer-1] WARN  customer-service [o.apache.kafka.clients.NetworkClient] - [Producer clientId=customer-service-producer-1] Bootstrap broker localhost:9092 (id: -1 rack: null) disconnected
2026-08-28 20:04:56.952 [kafka-producer-network-thread | customer-service-producer-1] INFO  customer-service [o.apache.kafka.clients.NetworkClient] - [Producer clientId=customer-service-producer-1] Node -1 disconnected.
2026-08-28 20:04:56.952 [kafka-producer-network-thread | customer-service-producer-1] WARN  customer-service [o.apache.kafka.clients.NetworkClient] - [Producer clientId=customer-service-producer-1] Connection to node -1 (localhost/127.0.0.1:9092) could not be established. Node may not be available.
2026-08-28 20:04:56.952 [kafka-producer-network-thread | customer-service-producer-1] WARN  customer-service [o.apache.kafka.clients.NetworkClient] - [Producer clientId=customer-service-producer-1] Bootstrap broker localhost:9092 (id: -1 rack: null) disconnected
2026-08-28 20:04:57.969 [kafka-producer-network-thread | customer-service-producer-1] INFO  customer-service [o.apache.kafka.clients.NetworkClient] - [Producer clientId=customer-service-producer-1] Node -1 disconnected.
2026-08-28 20:04:57.970 [kafka-producer-network-thread | customer-service-producer-1] WARN  customer-service [o.apache.kafka.clients.NetworkClient] - [Producer clientId=customer-service-producer-1] Connection to node -1 (localhost/127.0.0.1:9092) could not be established. Node may not be available.
2026-08-28 20:04:57.973 [kafka-producer-network-thread | customer-service-producer-1] WARN  customer-service [o.apache.kafka.clients.NetworkClient] - [Producer clientId=customer-service-producer-1] Bootstrap broker localhost:9092 (id: -1 rack: null) disconnected
2026-08-28 20:04:59.018 [kafka-producer-network-thread | customer-service-producer-1] INFO  customer-service [o.apache.kafka.clients.NetworkClient] - [Producer clientId=customer-service-producer-1] Node -1 disconnected.
2026-08-28 20:04:59.018 [kafka-producer-network-thread | customer-service-producer-1] WARN  customer-service [o.apache.kafka.clients.NetworkClient] - [Producer clientId=customer-service-producer-1] Connection to node -1 (localhost/127.0.0.1:9092) could not be established. Node may not be available.
2026-08-28 20:04:59.018 [kafka-producer-network-thread | customer-service-producer-1] WARN  customer-service [o.apache.kafka.clients.NetworkClient] - [Producer clientId=customer-service-producer-1] Bootstrap broker localhost:9092 (id: -1 rack: null) disconnected
2026-08-28 20:05:00.046 [kafka-producer-network-thread | customer-service-producer-1] INFO  customer-service [o.apache.kafka.clients.NetworkClient] - [Producer clientId=customer-service-producer-1] Node -1 disconnected.
2026-08-28 20:05:00.046 [kafka-producer-network-thread | customer-service-producer-1] WARN  customer-service [o.apache.kafka.clients.NetworkClient] - [Producer clientId=customer-service-producer-1] Connection to node -1 (localhost/127.0.0.1:9092) could not be established. Node may not be available.
2026-08-28 20:05:00.046 [kafka-producer-network-thread | customer-service-producer-1] WARN  customer-service [o.apache.kafka.clients.NetworkClient] - [Producer clientId=customer-service-producer-1] Bootstrap broker localhost:9092 (id: -1 rack: null) disconnected
2026-08-28 20:05:01.047 [kafka-producer-network-thread | customer-service-producer-1] INFO  customer-service [o.apache.kafka.clients.NetworkClient] - [Producer clientId=customer-service-producer-1] Node -1 disconnected.
2026-08-28 20:05:01.047 [kafka-producer-network-thread | customer-service-producer-1] WARN  customer-service [o.apache.kafka.clients.NetworkClient] - [Producer clientId=customer-service-producer-1] Connection to node -1 (localhost/127.0.0.1:9092) could not be established. Node may not be available.
2026-08-28 20:05:01.047 [kafka-producer-network-thread | customer-service-producer-1] WARN  customer-service [o.apache.kafka.clients.NetworkClient] - [Producer clientId=customer-service-producer-1] Bootstrap broker localhost:9092 (id: -1 rack: null) disconnected
2026-08-28 20:05:01.911 [kafka-producer-network-thread | customer-service-producer-1] INFO  customer-service [o.apache.kafka.clients.NetworkClient] - [Producer clientId=customer-service-producer-1] Node -1 disconnected.
2026-08-28 20:05:01.912 [kafka-producer-network-thread | customer-service-producer-1] WARN  customer-service [o.apache.kafka.clients.NetworkClient] - [Producer clientId=customer-service-producer-1] Connection to node -1 (localhost/127.0.0.1:9092) could not be established. Node may not be available.
2026-08-28 20:05:01.913 [kafka-producer-network-thread | customer-service-producer-1] WARN  customer-service [o.apache.kafka.clients.NetworkClient] - [Producer clientId=customer-service-producer-1] Bootstrap broker localhost:9092 (id: -1 rack: null) disconnected
2026-08-28 20:05:02.956 [kafka-producer-network-thread | customer-service-producer-1] INFO  customer-service [o.apache.kafka.clients.NetworkClient] - [Producer clientId=customer-service-producer-1] Node -1 disconnected.
2026-08-28 20:05:02.956 [kafka-producer-network-thread | customer-service-producer-1] WARN  customer-service [o.apache.kafka.clients.NetworkClient] - [Producer clientId=customer-service-producer-1] Connection to node -1 (localhost/127.0.0.1:9092) could not be established. Node may not be available.
2026-08-28 20:05:02.957 [kafka-producer-network-thread | customer-service-producer-1] WARN  customer-service [o.apache.kafka.clients.NetworkClient] - [Producer clientId=customer-service-producer-1] Bootstrap broker localhost:9092 (id: -1 rack: null) disconnected
2026-08-28 20:05:03.958 [kafka-producer-network-thread | customer-service-producer-1] INFO  customer-service [o.apache.kafka.clients.NetworkClient] - [Producer clientId=customer-service-producer-1] Node -1 disconnected.
2026-08-28 20:05:03.959 [kafka-producer-network-thread | customer-service-producer-1] WARN  customer-service [o.apache.kafka.clients.NetworkClient] - [Producer clientId=customer-service-producer-1] Connection to node -1 (localhost/127.0.0.1:9092) could not be established. Node may not be available.
2026-08-28 20:05:03.959 [kafka-producer-network-thread | customer-service-producer-1] WARN  customer-service [o.apache.kafka.clients.NetworkClient] - [Producer clientId=customer-service-producer-1] Bootstrap broker localhost:9092 (id: -1 rack: null) disconnected
2026-08-28 20:05:04.820 [kafka-producer-network-thread | customer-service-producer-1] INFO  customer-service [o.apache.kafka.clients.NetworkClient] - [Producer clientId=customer-service-producer-1] Node -1 disconnected.
2026-08-28 20:05:04.820 [kafka-producer-network-thread | customer-service-producer-1] WARN  customer-service [o.apache.kafka.clients.NetworkClient] - [Producer clientId=customer-service-producer-1] Connection to node -1 (localhost/127.0.0.1:9092) could not be established. Node may not be available.
2026-08-28 20:05:04.820 [kafka-producer-network-thread | customer-service-producer-1] WARN  customer-service [o.apache.kafka.clients.NetworkClient] - [Producer clientId=customer-service-producer-1] Bootstrap broker localhost:9092 (id: -1 rack: null) disconnected
2026-08-28 20:05:05.847 [kafka-producer-network-thread | customer-service-producer-1] INFO  customer-service [o.apache.kafka.clients.NetworkClient] - [Producer clientId=customer-service-producer-1] Node -1 disconnected.
2026-08-28 20:05:05.847 [kafka-producer-network-thread | customer-service-producer-1] WARN  customer-service [o.apache.kafka.clients.NetworkClient] - [Producer clientId=customer-service-producer-1] Connection to node -1 (localhost/127.0.0.1:9092) could not be established. Node may not be available.
2026-08-28 20:05:05.848 [kafka-producer-network-thread | customer-service-producer-1] WARN  customer-service [o.apache.kafka.clients.NetworkClient] - [Producer clientId=customer-service-producer-1] Bootstrap broker localhost:9092 (id: -1 rack: null) disconnected
2026-08-28 20:05:06.859 [kafka-producer-network-thread | customer-service-producer-1] INFO  customer-service [o.apache.kafka.clients.NetworkClient] - [Producer clientId=customer-service-producer-1] Node -1 disconnected.
2026-08-28 20:05:06.865 [kafka-producer-network-thread | customer-service-producer-1] WARN  customer-service [o.apache.kafka.clients.NetworkClient] - [Producer clientId=customer-service-producer-1] Connection to node -1 (localhost/127.0.0.1:9092) could not be established. Node may not be available.
2026-08-28 20:05:06.866 [kafka-producer-network-thread | customer-service-producer-1] WARN  customer-service [o.apache.kafka.clients.NetworkClient] - [Producer clientId=customer-service-producer-1] Bootstrap broker localhost:9092 (id: -1 rack: null) disconnected
2026-08-28 20:05:07.774 [kafka-producer-network-thread | customer-service-producer-1] INFO  customer-service [o.apache.kafka.clients.NetworkClient] - [Producer clientId=customer-service-producer-1] Node -1 disconnected.
2026-08-28 20:05:07.774 [kafka-producer-network-thread | customer-service-producer-1] WARN  customer-service [o.apache.kafka.clients.NetworkClient] - [Producer clientId=customer-service-producer-1] Connection to node -1 (localhost/127.0.0.1:9092) could not be established. Node may not be available.
2026-08-28 20:05:07.774 [kafka-producer-network-thread | customer-service-producer-1] WARN  customer-service [o.apache.kafka.clients.NetworkClient] - [Producer clientId=customer-service-producer-1] Bootstrap broker localhost:9092 (id: -1 rack: null) disconnected
2026-08-28 20:05:08.787 [kafka-producer-network-thread | customer-service-producer-1] INFO  customer-service [o.apache.kafka.clients.NetworkClient] - [Producer clientId=customer-service-producer-1] Node -1 disconnected.
2026-08-28 20:05:08.787 [kafka-producer-network-thread | customer-service-producer-1] WARN  customer-service [o.apache.kafka.clients.NetworkClient] - [Producer clientId=customer-service-producer-1] Connection to node -1 (localhost/127.0.0.1:9092) could not be established. Node may not be available.
2026-08-28 20:05:08.787 [kafka-producer-network-thread | customer-service-producer-1] WARN  customer-service [o.apache.kafka.clients.NetworkClient] - [Producer clientId=customer-service-producer-1] Bootstrap broker localhost:9092 (id: -1 rack: null) disconnected
2026-08-28 20:05:09.802 [kafka-producer-network-thread | customer-service-producer-1] INFO  customer-service [o.apache.kafka.clients.NetworkClient] - [Producer clientId=customer-service-producer-1] Node -1 disconnected.
2026-08-28 20:05:09.803 [kafka-producer-network-thread | customer-service-producer-1] WARN  customer-service [o.apache.kafka.clients.NetworkClient] - [Producer clientId=customer-service-producer-1] Connection to node -1 (localhost/127.0.0.1:9092) could not be established. Node may not be available.
2026-08-28 20:05:09.803 [kafka-producer-network-thread | customer-service-producer-1] WARN  customer-service [o.apache.kafka.clients.NetworkClient] - [Producer clientId=customer-service-producer-1] Bootstrap broker localhost:9092 (id: -1 rack: null) disconnected
2026-08-28 20:05:10.626 [kafka-producer-network-thread | customer-service-producer-1] INFO  customer-service [o.apache.kafka.clients.NetworkClient] - [Producer clientId=customer-service-producer-1] Node -1 disconnected.
2026-08-28 20:05:10.627 [kafka-producer-network-thread | customer-service-producer-1] WARN  customer-service [o.apache.kafka.clients.NetworkClient] - [Producer clientId=customer-service-producer-1] Connection to node -1 (localhost/127.0.0.1:9092) could not be established. Node may not be available.
2026-08-28 20:05:10.629 [kafka-producer-network-thread | customer-service-producer-1] WARN  customer-service [o.apache.kafka.clients.NetworkClient] - [Producer clientId=customer-service-producer-1] Bootstrap broker localhost:9092 (id: -1 rack: null) disconnected
2026-08-28 20:05:11.582 [kafka-producer-network-thread | customer-service-producer-1] INFO  customer-service [o.apache.kafka.clients.NetworkClient] - [Producer clientId=customer-service-producer-1] Node -1 disconnected.
2026-08-28 20:05:11.589 [kafka-producer-network-thread | customer-service-producer-1] WARN  customer-service [o.apache.kafka.clients.NetworkClient] - [Producer clientId=customer-service-producer-1] Connection to node -1 (localhost/127.0.0.1:9092) could not be established. Node may not be available.
2026-08-28 20:05:11.589 [kafka-producer-network-thread | customer-service-producer-1] WARN  customer-service [o.apache.kafka.clients.NetworkClient] - [Producer clientId=customer-service-producer-1] Bootstrap broker localhost:9092 (id: -1 rack: null) disconnected
2026-08-28 20:05:12.584 [kafka-producer-network-thread | customer-service-producer-1] INFO  customer-service [o.apache.kafka.clients.NetworkClient] - [Producer clientId=customer-service-producer-1] Node -1 disconnected.
2026-08-28 20:05:12.585 [kafka-producer-network-thread | customer-service-producer-1] WARN  customer-service [o.apache.kafka.clients.NetworkClient] - [Producer clientId=customer-service-producer-1] Connection to node -1 (localhost/127.0.0.1:9092) could not be established. Node may not be available.
2026-08-28 20:05:12.585 [kafka-producer-network-thread | customer-service-producer-1] WARN  customer-service [o.apache.kafka.clients.NetworkClient] - [Producer clientId=customer-service-producer-1] Bootstrap broker localhost:9092 (id: -1 rack: null) disconnected
2026-08-28 20:05:13.585 [kafka-producer-network-thread | customer-service-producer-1] INFO  customer-service [o.apache.kafka.clients.NetworkClient] - [Producer clientId=customer-service-producer-1] Node -1 disconnected.
2026-08-28 20:05:13.586 [kafka-producer-network-thread | customer-service-producer-1] WARN  customer-service [o.apache.kafka.clients.NetworkClient] - [Producer clientId=customer-service-producer-1] Connection to node -1 (localhost/127.0.0.1:9092) could not be established. Node may not be available.
2026-08-28 20:05:13.586 [kafka-producer-network-thread | customer-service-producer-1] WARN  customer-service [o.apache.kafka.clients.NetworkClient] - [Producer clientId=customer-service-producer-1] Bootstrap broker localhost:9092 (id: -1 rack: null) disconnected
2026-08-28 20:05:14.600 [kafka-producer-network-thread | customer-service-producer-1] INFO  customer-service [o.apache.kafka.clients.NetworkClient] - [Producer clientId=customer-service-producer-1] Node -1 disconnected.
2026-08-28 20:05:14.601 [kafka-producer-network-thread | customer-service-producer-1] WARN  customer-service [o.apache.kafka.clients.NetworkClient] - [Producer clientId=customer-service-producer-1] Connection to node -1 (localhost/127.0.0.1:9092) could not be established. Node may not be available.
2026-08-28 20:05:14.601 [kafka-producer-network-thread | customer-service-producer-1] WARN  customer-service [o.apache.kafka.clients.NetworkClient] - [Producer clientId=customer-service-producer-1] Bootstrap broker localhost:9092 (id: -1 rack: null) disconnected
2026-08-28 20:05:15.641 [kafka-producer-network-thread | customer-service-producer-1] INFO  customer-service [o.apache.kafka.clients.NetworkClient] - [Producer clientId=customer-service-producer-1] Node -1 disconnected.
2026-08-28 20:05:15.641 [kafka-producer-network-thread | customer-service-producer-1] WARN  customer-service [o.apache.kafka.clients.NetworkClient] - [Producer clientId=customer-service-producer-1] Connection to node -1 (localhost/127.0.0.1:9092) could not be established. Node may not be available.
2026-08-28 20:05:15.641 [kafka-producer-network-thread | customer-service-producer-1] WARN  customer-service [o.apache.kafka.clients.NetworkClient] - [Producer clientId=customer-service-producer-1] Bootstrap broker localhost:9092 (id: -1 rack: null) disconnected
2026-08-28 20:05:16.664 [kafka-producer-network-thread | customer-service-producer-1] INFO  customer-service [o.apache.kafka.clients.NetworkClient] - [Producer clientId=customer-service-producer-1] Node -1 disconnected.
2026-08-28 20:05:16.664 [kafka-producer-network-thread | customer-service-producer-1] WARN  customer-service [o.apache.kafka.clients.NetworkClient] - [Producer clientId=customer-service-producer-1] Connection to node -1 (localhost/127.0.0.1:9092) could not be established. Node may not be available.
2026-08-28 20:05:16.664 [kafka-producer-network-thread | customer-service-producer-1] WARN  customer-service [o.apache.kafka.clients.NetworkClient] - [Producer clientId=customer-service-producer-1] Bootstrap broker localhost:9092 (id: -1 rack: null) disconnected
2026-08-28 20:05:17.626 [kafka-producer-network-thread | customer-service-producer-1] INFO  customer-service [o.apache.kafka.clients.NetworkClient] - [Producer clientId=customer-service-producer-1] Node -1 disconnected.
2026-08-28 20:05:17.626 [kafka-producer-network-thread | customer-service-producer-1] WARN  customer-service [o.apache.kafka.clients.NetworkClient] - [Producer clientId=customer-service-producer-1] Connection to node -1 (localhost/127.0.0.1:9092) could not be established. Node may not be available.
2026-08-28 20:05:17.626 [kafka-producer-network-thread | customer-service-producer-1] WARN  customer-service [o.apache.kafka.clients.NetworkClient] - [Producer clientId=customer-service-producer-1] Bootstrap broker localhost:9092 (id: -1 rack: null) disconnected
2026-08-28 20:05:18.629 [kafka-producer-network-thread | customer-service-producer-1] INFO  customer-service [o.apache.kafka.clients.NetworkClient] - [Producer clientId=customer-service-producer-1] Node -1 disconnected.
2026-08-28 20:05:18.629 [kafka-producer-network-thread | customer-service-producer-1] WARN  customer-service [o.apache.kafka.clients.NetworkClient] - [Producer clientId=customer-service-producer-1] Connection to node -1 (localhost/127.0.0.1:9092) could not be established. Node may not be available.
2026-08-28 20:05:18.629 [kafka-producer-network-thread | customer-service-producer-1] WARN  customer-service [o.apache.kafka.clients.NetworkClient] - [Producer clientId=customer-service-producer-1] Bootstrap broker localhost:9092 (id: -1 rack: null) disconnected
2026-08-28 20:05:19.672 [kafka-producer-network-thread | customer-service-producer-1] INFO  customer-service [o.apache.kafka.clients.NetworkClient] - [Producer clientId=customer-service-producer-1] Node -1 disconnected.
2026-08-28 20:05:19.672 [kafka-producer-network-thread | customer-service-producer-1] WARN  customer-service [o.apache.kafka.clients.NetworkClient] - [Producer clientId=customer-service-producer-1] Connection to node -1 (localhost/127.0.0.1:9092) could not be established. Node may not be available.
2026-08-28 20:05:19.672 [kafka-producer-network-thread | customer-service-producer-1] WARN  customer-service [o.apache.kafka.clients.NetworkClient] - [Producer clientId=customer-service-producer-1] Bootstrap broker localhost:9092 (id: -1 rack: null) disconnected
2026-08-28 20:05:20.689 [kafka-producer-network-thread | customer-service-producer-1] INFO  customer-service [o.apache.kafka.clients.NetworkClient] - [Producer clientId=customer-service-producer-1] Node -1 disconnected.
2026-08-28 20:05:20.689 [kafka-producer-network-thread | customer-service-producer-1] WARN  customer-service [o.apache.kafka.clients.NetworkClient] - [Producer clientId=customer-service-producer-1] Connection to node -1 (localhost/127.0.0.1:9092) could not be established. Node may not be available.
2026-08-28 20:05:20.689 [kafka-producer-network-thread | customer-service-producer-1] WARN  customer-service [o.apache.kafka.clients.NetworkClient] - [Producer clientId=customer-service-producer-1] Bootstrap broker localhost:9092 (id: -1 rack: null) disconnected
2026-08-28 20:05:21.691 [kafka-producer-network-thread | customer-service-producer-1] INFO  customer-service [o.apache.kafka.clients.NetworkClient] - [Producer clientId=customer-service-producer-1] Node -1 disconnected.
2026-08-28 20:05:21.691 [kafka-producer-network-thread | customer-service-producer-1] WARN  customer-service [o.apache.kafka.clients.NetworkClient] - [Producer clientId=customer-service-producer-1] Connection to node -1 (localhost/127.0.0.1:9092) could not be established. Node may not be available.
2026-08-28 20:05:21.691 [kafka-producer-network-thread | customer-service-producer-1] WARN  customer-service [o.apache.kafka.clients.NetworkClient] - [Producer clientId=customer-service-producer-1] Bootstrap broker localhost:9092 (id: -1 rack: null) disconnected
2026-08-28 20:05:22.691 [kafka-producer-network-thread | customer-service-producer-1] INFO  customer-service [o.apache.kafka.clients.NetworkClient] - [Producer clientId=customer-service-producer-1] Node -1 disconnected.
2026-08-28 20:05:22.691 [kafka-producer-network-thread | customer-service-producer-1] WARN  customer-service [o.apache.kafka.clients.NetworkClient] - [Producer clientId=customer-service-producer-1] Connection to node -1 (localhost/127.0.0.1:9092) could not be established. Node may not be available.
2026-08-28 20:05:22.691 [kafka-producer-network-thread | customer-service-producer-1] WARN  customer-service [o.apache.kafka.clients.NetworkClient] - [Producer clientId=customer-service-producer-1] Bootstrap broker localhost:9092 (id: -1 rack: null) disconnected
2026-08-28 20:05:23.548 [kafka-producer-network-thread | customer-service-producer-1] INFO  customer-service [o.apache.kafka.clients.NetworkClient] - [Producer clientId=customer-service-producer-1] Node -1 disconnected.
2026-08-28 20:05:23.549 [kafka-producer-network-thread | customer-service-producer-1] WARN  customer-service [o.apache.kafka.clients.NetworkClient] - [Producer clientId=customer-service-producer-1] Connection to node -1 (localhost/127.0.0.1:9092) could not be established. Node may not be available.
2026-08-28 20:05:23.549 [kafka-producer-network-thread | customer-service-producer-1] WARN  customer-service [o.apache.kafka.clients.NetworkClient] - [Producer clientId=customer-service-producer-1] Bootstrap broker localhost:9092 (id: -1 rack: null) disconnected
2026-08-28 20:05:24.560 [kafka-producer-network-thread | customer-service-producer-1] INFO  customer-service [o.apache.kafka.clients.NetworkClient] - [Producer clientId=customer-service-producer-1] Node -1 disconnected.
2026-08-28 20:05:24.561 [kafka-producer-network-thread | customer-service-producer-1] WARN  customer-service [o.apache.kafka.clients.NetworkClient] - [Producer clientId=customer-service-producer-1] Connection to node -1 (localhost/127.0.0.1:9092) could not be established. Node may not be available.
2026-08-28 20:05:24.561 [kafka-producer-network-thread | customer-service-producer-1] WARN  customer-service [o.apache.kafka.clients.NetworkClient] - [Producer clientId=customer-service-producer-1] Bootstrap broker localhost:9092 (id: -1 rack: null) disconnected
2026-08-28 20:05:25.565 [kafka-producer-network-thread | customer-service-producer-1] INFO  customer-service [o.apache.kafka.clients.NetworkClient] - [Producer clientId=customer-service-producer-1] Node -1 disconnected.
2026-08-28 20:05:25.565 [kafka-producer-network-thread | customer-service-producer-1] WARN  customer-service [o.apache.kafka.clients.NetworkClient] - [Producer clientId=customer-service-producer-1] Connection to node -1 (localhost/127.0.0.1:9092) could not be established. Node may not be available.
2026-08-28 20:05:25.566 [kafka-producer-network-thread | customer-service-producer-1] WARN  customer-service [o.apache.kafka.clients.NetworkClient] - [Producer clientId=customer-service-producer-1] Bootstrap broker localhost:9092 (id: -1 rack: null) disconnected
2026-08-28 20:05:26.509 [kafka-producer-network-thread | customer-service-producer-1] INFO  customer-service [o.apache.kafka.clients.NetworkClient] - [Producer clientId=customer-service-producer-1] Node -1 disconnected.
2026-08-28 20:05:26.510 [kafka-producer-network-thread | customer-service-producer-1] WARN  customer-service [o.apache.kafka.clients.NetworkClient] - [Producer clientId=customer-service-producer-1] Connection to node -1 (localhost/127.0.0.1:9092) could not be established. Node may not be available.
2026-08-28 20:05:26.517 [kafka-producer-network-thread | customer-service-producer-1] WARN  customer-service [o.apache.kafka.clients.NetworkClient] - [Producer clientId=customer-service-producer-1] Bootstrap broker localhost:9092 (id: -1 rack: null) disconnected
2026-08-28 20:05:27.560 [kafka-producer-network-thread | customer-service-producer-1] INFO  customer-service [o.apache.kafka.clients.NetworkClient] - [Producer clientId=customer-service-producer-1] Node -1 disconnected.
2026-08-28 20:05:27.561 [kafka-producer-network-thread | customer-service-producer-1] WARN  customer-service [o.apache.kafka.clients.NetworkClient] - [Producer clientId=customer-service-producer-1] Connection to node -1 (localhost/127.0.0.1:9092) could not be established. Node may not be available.
2026-08-28 20:05:27.561 [kafka-producer-network-thread | customer-service-producer-1] WARN  customer-service [o.apache.kafka.clients.NetworkClient] - [Producer clientId=customer-service-producer-1] Bootstrap broker localhost:9092 (id: -1 rack: null) disconnected
2026-08-28 20:05:28.521 [kafka-producer-network-thread | customer-service-producer-1] INFO  customer-service [o.apache.kafka.clients.NetworkClient] - [Producer clientId=customer-service-producer-1] Node -1 disconnected.
2026-08-28 20:05:28.521 [kafka-producer-network-thread | customer-service-producer-1] WARN  customer-service [o.apache.kafka.clients.NetworkClient] - [Producer clientId=customer-service-producer-1] Connection to node -1 (localhost/127.0.0.1:9092) could not be established. Node may not be available.
2026-08-28 20:05:28.521 [kafka-producer-network-thread | customer-service-producer-1] WARN  customer-service [o.apache.kafka.clients.NetworkClient] - [Producer clientId=customer-service-producer-1] Bootstrap broker localhost:9092 (id: -1 rack: null) disconnected
2026-08-28 20:05:29.548 [kafka-producer-network-thread | customer-service-producer-1] INFO  customer-service [o.apache.kafka.clients.NetworkClient] - [Producer clientId=customer-service-producer-1] Node -1 disconnected.
2026-08-28 20:05:29.549 [kafka-producer-network-thread | customer-service-producer-1] WARN  customer-service [o.apache.kafka.clients.NetworkClient] - [Producer clientId=customer-service-producer-1] Connection to node -1 (localhost/127.0.0.1:9092) could not be established. Node may not be available.
2026-08-28 20:05:29.550 [kafka-producer-network-thread | customer-service-producer-1] WARN  customer-service [o.apache.kafka.clients.NetworkClient] - [Producer clientId=customer-service-producer-1] Bootstrap broker localhost:9092 (id: -1 rack: null) disconnected
2026-08-28 20:05:30.566 [kafka-producer-network-thread | customer-service-producer-1] INFO  customer-service [o.apache.kafka.clients.NetworkClient] - [Producer clientId=customer-service-producer-1] Node -1 disconnected.
2026-08-28 20:05:30.566 [kafka-producer-network-thread | customer-service-producer-1] WARN  customer-service [o.apache.kafka.clients.NetworkClient] - [Producer clientId=customer-service-producer-1] Connection to node -1 (localhost/127.0.0.1:9092) could not be established. Node may not be available.
2026-08-28 20:05:30.566 [kafka-producer-network-thread | customer-service-producer-1] WARN  customer-service [o.apache.kafka.clients.NetworkClient] - [Producer clientId=customer-service-producer-1] Bootstrap broker localhost:9092 (id: -1 rack: null) disconnected
2026-08-28 20:05:31.567 [kafka-producer-network-thread | customer-service-producer-1] INFO  customer-service [o.apache.kafka.clients.NetworkClient] - [Producer clientId=customer-service-producer-1] Node -1 disconnected.
2026-08-28 20:05:31.567 [kafka-producer-network-thread | customer-service-producer-1] WARN  customer-service [o.apache.kafka.clients.NetworkClient] - [Producer clientId=customer-service-producer-1] Connection to node -1 (localhost/127.0.0.1:9092) could not be established. Node may not be available.
2026-08-28 20:05:31.567 [kafka-producer-network-thread | customer-service-producer-1] WARN  customer-service [o.apache.kafka.clients.NetworkClient] - [Producer clientId=customer-service-producer-1] Bootstrap broker localhost:9092 (id: -1 rack: null) disconnected
2026-08-28 20:05:32.569 [kafka-producer-network-thread | customer-service-producer-1] INFO  customer-service [o.apache.kafka.clients.NetworkClient] - [Producer clientId=customer-service-producer-1] Node -1 disconnected.
2026-08-28 20:05:32.569 [kafka-producer-network-thread | customer-service-producer-1] WARN  customer-service [o.apache.kafka.clients.NetworkClient] - [Producer clientId=customer-service-producer-1] Connection to node -1 (localhost/127.0.0.1:9092) could not be established. Node may not be available.
2026-08-28 20:05:32.570 [kafka-producer-network-thread | customer-service-producer-1] WARN  customer-service [o.apache.kafka.clients.NetworkClient] - [Producer clientId=customer-service-producer-1] Bootstrap broker localhost:9092 (id: -1 rack: null) disconnected
2026-08-28 20:05:33.571 [kafka-producer-network-thread | customer-service-producer-1] INFO  customer-service [o.apache.kafka.clients.NetworkClient] - [Producer clientId=customer-service-producer-1] Node -1 disconnected.
2026-08-28 20:05:33.572 [kafka-producer-network-thread | customer-service-producer-1] WARN  customer-service [o.apache.kafka.clients.NetworkClient] - [Producer clientId=customer-service-producer-1] Connection to node -1 (localhost/127.0.0.1:9092) could not be established. Node may not be available.
2026-08-28 20:05:33.573 [kafka-producer-network-thread | customer-service-producer-1] WARN  customer-service [o.apache.kafka.clients.NetworkClient] - [Producer clientId=customer-service-producer-1] Bootstrap broker localhost:9092 (id: -1 rack: null) disconnected
2026-08-28 20:05:34.176 [scheduling-1] ERROR customer-service [o.s.k.s.LoggingProducerListener] - Exception thrown when sending a message with key='147cea59-2853-4458-b20d-60820af4f0cd' and payload='{"data": {"reason": "ONBOARDING_STARTED", "effectiveAt": "2026-08-27T22:46:20.2784666", "lifecycleId...' to topic customer.lifecycle.changed:
org.apache.kafka.common.errors.TimeoutException: Topic customer.lifecycle.changed not present in metadata after 60000 ms.
2026-08-28 20:05:34.185 [scheduling-1] WARN  customer-service [c.n.n.l.i.p.m.CustomerLifecycleOutboxPublisher] - Failed to publish outbox event id=1
org.springframework.kafka.KafkaException: Send failed
	at org.springframework.kafka.core.KafkaTemplate.doSend(KafkaTemplate.java:863)
	at org.springframework.kafka.core.KafkaTemplate.observeSend(KafkaTemplate.java:820)
	at org.springframework.kafka.core.KafkaTemplate.send(KafkaTemplate.java:603)
	at com.neobank.neobank_backend.lifecycle.infrastructure.persistence.message.CustomerLifecycleOutboxPublisher.publishPendingEvents(CustomerLifecycleOutboxPublisher.java:45)
	at java.base/jdk.internal.reflect.DirectMethodHandleAccessor.invoke(DirectMethodHandleAccessor.java:104)
	at java.base/java.lang.reflect.Method.invoke(Method.java:565)
	at org.springframework.aop.support.AopUtils.invokeJoinpointUsingReflection(AopUtils.java:359)
	at org.springframework.aop.framework.ReflectiveMethodInvocation.invokeJoinpoint(ReflectiveMethodInvocation.java:196)
	at org.springframework.aop.framework.ReflectiveMethodInvocation.proceed(ReflectiveMethodInvocation.java:163)
	at org.springframework.transaction.interceptor.TransactionAspectSupport.invokeWithinTransaction(TransactionAspectSupport.java:380)
	at org.springframework.transaction.interceptor.TransactionInterceptor.invoke(TransactionInterceptor.java:119)
	at org.springframework.aop.framework.ReflectiveMethodInvocation.proceed(ReflectiveMethodInvocation.java:184)
	at org.springframework.aop.framework.CglibAopProxy$DynamicAdvisedInterceptor.intercept(CglibAopProxy.java:728)
	at com.neobank.neobank_backend.lifecycle.infrastructure.persistence.message.CustomerLifecycleOutboxPublisher$$SpringCGLIB$$0.publishPendingEvents(<generated>)
	at java.base/jdk.internal.reflect.DirectMethodHandleAccessor.invoke(DirectMethodHandleAccessor.java:104)
	at java.base/java.lang.reflect.Method.invoke(Method.java:565)
	at org.springframework.scheduling.support.ScheduledMethodRunnable.runInternal(ScheduledMethodRunnable.java:130)
	at org.springframework.scheduling.support.ScheduledMethodRunnable.lambda$run$2(ScheduledMethodRunnable.java:124)
	at io.micrometer.observation.Observation.observe(Observation.java:498)
	at org.springframework.scheduling.support.ScheduledMethodRunnable.run(ScheduledMethodRunnable.java:124)
	at org.springframework.scheduling.config.Task$OutcomeTrackingRunnable.run(Task.java:85)
	at org.springframework.scheduling.support.DelegatingErrorHandlingRunnable.run(DelegatingErrorHandlingRunnable.java:54)
	at java.base/java.util.concurrent.Executors$RunnableAdapter.call(Executors.java:545)
	at java.base/java.util.concurrent.FutureTask.runAndReset(FutureTask.java:369)
	at java.base/java.util.concurrent.ScheduledThreadPoolExecutor$ScheduledFutureTask.run(ScheduledThreadPoolExecutor.java:310)
	at java.base/java.util.concurrent.ThreadPoolExecutor.runWorker(ThreadPoolExecutor.java:1095)
	at java.base/java.util.concurrent.ThreadPoolExecutor$Worker.run(ThreadPoolExecutor.java:619)
	at java.base/java.lang.Thread.run(Thread.java:1447)
Caused by: org.apache.kafka.common.errors.TimeoutException: Topic customer.lifecycle.changed not present in metadata after 60000 ms.
2026-08-28 20:05:34.622 [kafka-producer-network-thread | customer-service-producer-1] INFO  customer-service [o.apache.kafka.clients.NetworkClient] - [Producer clientId=customer-service-producer-1] Node -1 disconnected.
2026-08-28 20:05:34.623 [kafka-producer-network-thread | customer-service-producer-1] WARN  customer-service [o.apache.kafka.clients.NetworkClient] - [Producer clientId=customer-service-producer-1] Connection to node -1 (localhost/127.0.0.1:9092) could not be established. Node may not be available.
2026-08-28 20:05:34.623 [kafka-producer-network-thread | customer-service-producer-1] WARN  customer-service [o.apache.kafka.clients.NetworkClient] - [Producer clientId=customer-service-producer-1] Bootstrap broker localhost:9092 (id: -1 rack: null) disconnected
2026-08-28 20:05:35.601 [kafka-producer-network-thread | customer-service-producer-1] INFO  customer-service [o.apache.kafka.clients.NetworkClient] - [Producer clientId=customer-service-producer-1] Node -1 disconnected.
2026-08-28 20:05:35.602 [kafka-producer-network-thread | customer-service-producer-1] WARN  customer-service [o.apache.kafka.clients.NetworkClient] - [Producer clientId=customer-service-producer-1] Connection to node -1 (localhost/127.0.0.1:9092) could not be established. Node may not be available.
2026-08-28 20:05:35.602 [kafka-producer-network-thread | customer-service-producer-1] WARN  customer-service [o.apache.kafka.clients.NetworkClient] - [Producer clientId=customer-service-producer-1] Bootstrap broker localhost:9092 (id: -1 rack: null) disconnected
2026-08-28 20:05:36.588 [kafka-producer-network-thread | customer-service-producer-1] INFO  customer-service [o.apache.kafka.clients.NetworkClient] - [Producer clientId=customer-service-producer-1] Node -1 disconnected.
2026-08-28 20:05:36.588 [kafka-producer-network-thread | customer-service-producer-1] WARN  customer-service [o.apache.kafka.clients.NetworkClient] - [Producer clientId=customer-service-producer-1] Connection to node -1 (localhost/127.0.0.1:9092) could not be established. Node may not be available.
2026-08-28 20:05:36.588 [kafka-producer-network-thread | customer-service-producer-1] WARN  customer-service [o.apache.kafka.clients.NetworkClient] - [Producer clientId=customer-service-producer-1] Bootstrap broker localhost:9092 (id: -1 rack: null) disconnected
2026-08-28 20:05:37.504 [kafka-producer-network-thread | customer-service-producer-1] INFO  customer-service [o.apache.kafka.clients.NetworkClient] - [Producer clientId=customer-service-producer-1] Node -1 disconnected.
2026-08-28 20:05:37.505 [kafka-producer-network-thread | customer-service-producer-1] WARN  customer-service [o.apache.kafka.clients.NetworkClient] - [Producer clientId=customer-service-producer-1] Connection to node -1 (localhost/127.0.0.1:9092) could not be established. Node may not be available.
2026-08-28 20:05:37.505 [kafka-producer-network-thread | customer-service-producer-1] WARN  customer-service [o.apache.kafka.clients.NetworkClient] - [Producer clientId=customer-service-producer-1] Bootstrap broker localhost:9092 (id: -1 rack: null) disconnected
2026-08-28 20:05:38.472 [kafka-producer-network-thread | customer-service-producer-1] INFO  customer-service [o.apache.kafka.clients.NetworkClient] - [Producer clientId=customer-service-producer-1] Node -1 disconnected.
2026-08-28 20:05:38.474 [kafka-producer-network-thread | customer-service-producer-1] WARN  customer-service [o.apache.kafka.clients.NetworkClient] - [Producer clientId=customer-service-producer-1] Connection to node -1 (localhost/127.0.0.1:9092) could not be established. Node may not be available.
2026-08-28 20:05:38.474 [kafka-producer-network-thread | customer-service-producer-1] WARN  customer-service [o.apache.kafka.clients.NetworkClient] - [Producer clientId=customer-service-producer-1] Bootstrap broker localhost:9092 (id: -1 rack: null) disconnected
2026-08-28 20:05:39.433 [kafka-producer-network-thread | customer-service-producer-1] INFO  customer-service [o.apache.kafka.clients.NetworkClient] - [Producer clientId=customer-service-producer-1] Node -1 disconnected.
2026-08-28 20:05:39.434 [kafka-producer-network-thread | customer-service-producer-1] WARN  customer-service [o.apache.kafka.clients.NetworkClient] - [Producer clientId=customer-service-producer-1] Connection to node -1 (localhost/127.0.0.1:9092) could not be established. Node may not be available.
2026-08-28 20:05:39.434 [kafka-producer-network-thread | customer-service-producer-1] WARN  customer-service [o.apache.kafka.clients.NetworkClient] - [Producer clientId=customer-service-producer-1] Bootstrap broker localhost:9092 (id: -1 rack: null) disconnected
2026-08-28 20:05:40.293 [kafka-producer-network-thread | customer-service-producer-1] INFO  customer-service [o.apache.kafka.clients.NetworkClient] - [Producer clientId=customer-service-producer-1] Node -1 disconnected.
2026-08-28 20:05:40.293 [kafka-producer-network-thread | customer-service-producer-1] WARN  customer-service [o.apache.kafka.clients.NetworkClient] - [Producer clientId=customer-service-producer-1] Connection to node -1 (localhost/127.0.0.1:9092) could not be established. Node may not be available.
2026-08-28 20:05:40.294 [kafka-producer-network-thread | customer-service-producer-1] WARN  customer-service [o.apache.kafka.clients.NetworkClient] - [Producer clientId=customer-service-producer-1] Bootstrap broker localhost:9092 (id: -1 rack: null) disconnected
2026-08-28 20:05:41.303 [kafka-producer-network-thread | customer-service-producer-1] INFO  customer-service [o.apache.kafka.clients.NetworkClient] - [Producer clientId=customer-service-producer-1] Node -1 disconnected.
2026-08-28 20:05:41.303 [kafka-producer-network-thread | customer-service-producer-1] WARN  customer-service [o.apache.kafka.clients.NetworkClient] - [Producer clientId=customer-service-producer-1] Connection to node -1 (localhost/127.0.0.1:9092) could not be established. Node may not be available.
2026-08-28 20:05:41.304 [kafka-producer-network-thread | customer-service-producer-1] WARN  customer-service [o.apache.kafka.clients.NetworkClient] - [Producer clientId=customer-service-producer-1] Bootstrap broker localhost:9092 (id: -1 rack: null) disconnected
2026-08-28 20:05:42.304 [kafka-producer-network-thread | customer-service-producer-1] INFO  customer-service [o.apache.kafka.clients.NetworkClient] - [Producer clientId=customer-service-producer-1] Node -1 disconnected.
2026-08-28 20:05:42.305 [kafka-producer-network-thread | customer-service-producer-1] WARN  customer-service [o.apache.kafka.clients.NetworkClient] - [Producer clientId=customer-service-producer-1] Connection to node -1 (localhost/127.0.0.1:9092) could not be established. Node may not be available.
2026-08-28 20:05:42.305 [kafka-producer-network-thread | customer-service-producer-1] WARN  customer-service [o.apache.kafka.clients.NetworkClient] - [Producer clientId=customer-service-producer-1] Bootstrap broker localhost:9092 (id: -1 rack: null) disconnected
2026-08-28 20:05:43.321 [kafka-producer-network-thread | customer-service-producer-1] INFO  customer-service [o.apache.kafka.clients.NetworkClient] - [Producer clientId=customer-service-producer-1] Node -1 disconnected.
2026-08-28 20:05:43.322 [kafka-producer-network-thread | customer-service-producer-1] WARN  customer-service [o.apache.kafka.clients.NetworkClient] - [Producer clientId=customer-service-producer-1] Connection to node -1 (localhost/127.0.0.1:9092) could not be established. Node may not be available.
2026-08-28 20:05:43.322 [kafka-producer-network-thread | customer-service-producer-1] WARN  customer-service [o.apache.kafka.clients.NetworkClient] - [Producer clientId=customer-service-producer-1] Bootstrap broker localhost:9092 (id: -1 rack: null) disconnected
2026-08-28 20:05:44.322 [kafka-producer-network-thread | customer-service-producer-1] INFO  customer-service [o.apache.kafka.clients.NetworkClient] - [Producer clientId=customer-service-producer-1] Node -1 disconnected.
2026-08-28 20:05:44.323 [kafka-producer-network-thread | customer-service-producer-1] WARN  customer-service [o.apache.kafka.clients.NetworkClient] - [Producer clientId=customer-service-producer-1] Connection to node -1 (localhost/127.0.0.1:9092) could not be established. Node may not be available.
2026-08-28 20:05:44.323 [kafka-producer-network-thread | customer-service-producer-1] WARN  customer-service [o.apache.kafka.clients.NetworkClient] - [Producer clientId=customer-service-producer-1] Bootstrap broker localhost:9092 (id: -1 rack: null) disconnected
2026-08-28 20:05:45.134 [kafka-producer-network-thread | customer-service-producer-1] INFO  customer-service [o.apache.kafka.clients.NetworkClient] - [Producer clientId=customer-service-producer-1] Node -1 disconnected.
2026-08-28 20:05:45.134 [kafka-producer-network-thread | customer-service-producer-1] WARN  customer-service [o.apache.kafka.clients.NetworkClient] - [Producer clientId=customer-service-producer-1] Connection to node -1 (localhost/127.0.0.1:9092) could not be established. Node may not be available.
2026-08-28 20:05:45.134 [kafka-producer-network-thread | customer-service-producer-1] WARN  customer-service [o.apache.kafka.clients.NetworkClient] - [Producer clientId=customer-service-producer-1] Bootstrap broker localhost:9092 (id: -1 rack: null) disconnected
2026-08-28 20:05:46.147 [kafka-producer-network-thread | customer-service-producer-1] INFO  customer-service [o.apache.kafka.clients.NetworkClient] - [Producer clientId=customer-service-producer-1] Node -1 disconnected.
2026-08-28 20:05:46.148 [kafka-producer-network-thread | customer-service-producer-1] WARN  customer-service [o.apache.kafka.clients.NetworkClient] - [Producer clientId=customer-service-producer-1] Connection to node -1 (localhost/127.0.0.1:9092) could not be established. Node may not be available.
2026-08-28 20:05:46.148 [kafka-producer-network-thread | customer-service-producer-1] WARN  customer-service [o.apache.kafka.clients.NetworkClient] - [Producer clientId=customer-service-producer-1] Bootstrap broker localhost:9092 (id: -1 rack: null) disconnected
2026-08-28 20:05:47.195 [kafka-producer-network-thread | customer-service-producer-1] INFO  customer-service [o.apache.kafka.clients.NetworkClient] - [Producer clientId=customer-service-producer-1] Node -1 disconnected.
2026-08-28 20:05:47.196 [kafka-producer-network-thread | customer-service-producer-1] WARN  customer-service [o.apache.kafka.clients.NetworkClient] - [Producer clientId=customer-service-producer-1] Connection to node -1 (localhost/127.0.0.1:9092) could not be established. Node may not be available.
2026-08-28 20:05:47.196 [kafka-producer-network-thread | customer-service-producer-1] WARN  customer-service [o.apache.kafka.clients.NetworkClient] - [Producer clientId=customer-service-producer-1] Bootstrap broker localhost:9092 (id: -1 rack: null) disconnected
2026-08-28 20:05:48.197 [kafka-producer-network-thread | customer-service-producer-1] INFO  customer-service [o.apache.kafka.clients.NetworkClient] - [Producer clientId=customer-service-producer-1] Node -1 disconnected.
2026-08-28 20:05:48.198 [kafka-producer-network-thread | customer-service-producer-1] WARN  customer-service [o.apache.kafka.clients.NetworkClient] - [Producer clientId=customer-service-producer-1] Connection to node -1 (localhost/127.0.0.1:9092) could not be established. Node may not be available.
2026-08-28 20:05:48.198 [kafka-producer-network-thread | customer-service-producer-1] WARN  customer-service [o.apache.kafka.clients.NetworkClient] - [Producer clientId=customer-service-producer-1] Bootstrap broker localhost:9092 (id: -1 rack: null) disconnected
2026-08-28 20:05:49.206 [kafka-producer-network-thread | customer-service-producer-1] INFO  customer-service [o.apache.kafka.clients.NetworkClient] - [Producer clientId=customer-service-producer-1] Node -1 disconnected.
2026-08-28 20:05:49.208 [kafka-producer-network-thread | customer-service-producer-1] WARN  customer-service [o.apache.kafka.clients.NetworkClient] - [Producer clientId=customer-service-producer-1] Connection to node -1 (localhost/127.0.0.1:9092) could not be established. Node may not be available.
2026-08-28 20:05:49.208 [kafka-producer-network-thread | customer-service-producer-1] WARN  customer-service [o.apache.kafka.clients.NetworkClient] - [Producer clientId=customer-service-producer-1] Bootstrap broker localhost:9092 (id: -1 rack: null) disconnected
2026-08-28 20:05:50.207 [kafka-producer-network-thread | customer-service-producer-1] INFO  customer-service [o.apache.kafka.clients.NetworkClient] - [Producer clientId=customer-service-producer-1] Node -1 disconnected.
2026-08-28 20:05:50.207 [kafka-producer-network-thread | customer-service-producer-1] WARN  customer-service [o.apache.kafka.clients.NetworkClient] - [Producer clientId=customer-service-producer-1] Connection to node -1 (localhost/127.0.0.1:9092) could not be established. Node may not be available.
2026-08-28 20:05:50.207 [kafka-producer-network-thread | customer-service-producer-1] WARN  customer-service [o.apache.kafka.clients.NetworkClient] - [Producer clientId=customer-service-producer-1] Bootstrap broker localhost:9092 (id: -1 rack: null) disconnected
2026-08-28 20:05:51.020 [kafka-producer-network-thread | customer-service-producer-1] INFO  customer-service [o.apache.kafka.clients.NetworkClient] - [Producer clientId=customer-service-producer-1] Node -1 disconnected.
2026-08-28 20:05:51.020 [kafka-producer-network-thread | customer-service-producer-1] WARN  customer-service [o.apache.kafka.clients.NetworkClient] - [Producer clientId=customer-service-producer-1] Connection to node -1 (localhost/127.0.0.1:9092) could not be established. Node may not be available.
2026-08-28 20:05:51.020 [kafka-producer-network-thread | customer-service-producer-1] WARN  customer-service [o.apache.kafka.clients.NetworkClient] - [Producer clientId=customer-service-producer-1] Bootstrap broker localhost:9092 (id: -1 rack: null) disconnected
2026-08-28 20:05:52.065 [kafka-producer-network-thread | customer-service-producer-1] INFO  customer-service [o.apache.kafka.clients.NetworkClient] - [Producer clientId=customer-service-producer-1] Node -1 disconnected.
2026-08-28 20:05:52.066 [kafka-producer-network-thread | customer-service-producer-1] WARN  customer-service [o.apache.kafka.clients.NetworkClient] - [Producer clientId=customer-service-producer-1] Connection to node -1 (localhost/127.0.0.1:9092) could not be established. Node may not be available.
2026-08-28 20:05:52.067 [kafka-producer-network-thread | customer-service-producer-1] WARN  customer-service [o.apache.kafka.clients.NetworkClient] - [Producer clientId=customer-service-producer-1] Bootstrap broker localhost:9092 (id: -1 rack: null) disconnected
2026-08-28 20:05:52.924 [kafka-producer-network-thread | customer-service-producer-1] INFO  customer-service [o.apache.kafka.clients.NetworkClient] - [Producer clientId=customer-service-producer-1] Node -1 disconnected.
2026-08-28 20:05:52.925 [kafka-producer-network-thread | customer-service-producer-1] WARN  customer-service [o.apache.kafka.clients.NetworkClient] - [Producer clientId=customer-service-producer-1] Connection to node -1 (localhost/127.0.0.1:9092) could not be established. Node may not be available.
2026-08-28 20:05:52.926 [kafka-producer-network-thread | customer-service-producer-1] WARN  customer-service [o.apache.kafka.clients.NetworkClient] - [Producer clientId=customer-service-producer-1] Bootstrap broker localhost:9092 (id: -1 rack: null) disconnected
2026-08-28 20:05:53.975 [kafka-producer-network-thread | customer-service-producer-1] INFO  customer-service [o.apache.kafka.clients.NetworkClient] - [Producer clientId=customer-service-producer-1] Node -1 disconnected.
2026-08-28 20:05:53.976 [kafka-producer-network-thread | customer-service-producer-1] WARN  customer-service [o.apache.kafka.clients.NetworkClient] - [Producer clientId=customer-service-producer-1] Connection to node -1 (localhost/127.0.0.1:9092) could not be established. Node may not be available.
2026-08-28 20:05:53.977 [kafka-producer-network-thread | customer-service-producer-1] WARN  customer-service [o.apache.kafka.clients.NetworkClient] - [Producer clientId=customer-service-producer-1] Bootstrap broker localhost:9092 (id: -1 rack: null) disconnected
2026-08-28 20:05:54.976 [kafka-producer-network-thread | customer-service-producer-1] INFO  customer-service [o.apache.kafka.clients.NetworkClient] - [Producer clientId=customer-service-producer-1] Node -1 disconnected.
2026-08-28 20:05:54.976 [kafka-producer-network-thread | customer-service-producer-1] WARN  customer-service [o.apache.kafka.clients.NetworkClient] - [Producer clientId=customer-service-producer-1] Connection to node -1 (localhost/127.0.0.1:9092) could not be established. Node may not be available.
2026-08-28 20:05:54.976 [kafka-producer-network-thread | customer-service-producer-1] WARN  customer-service [o.apache.kafka.clients.NetworkClient] - [Producer clientId=customer-service-producer-1] Bootstrap broker localhost:9092 (id: -1 rack: null) disconnected
2026-08-28 20:05:55.977 [kafka-producer-network-thread | customer-service-producer-1] INFO  customer-service [o.apache.kafka.clients.NetworkClient] - [Producer clientId=customer-service-producer-1] Node -1 disconnected.
2026-08-28 20:05:55.977 [kafka-producer-network-thread | customer-service-producer-1] WARN  customer-service [o.apache.kafka.clients.NetworkClient] - [Producer clientId=customer-service-producer-1] Connection to node -1 (localhost/127.0.0.1:9092) could not be established. Node may not be available.
2026-08-28 20:05:55.978 [kafka-producer-network-thread | customer-service-producer-1] WARN  customer-service [o.apache.kafka.clients.NetworkClient] - [Producer clientId=customer-service-producer-1] Bootstrap broker localhost:9092 (id: -1 rack: null) disconnected
2026-08-28 20:05:57.009 [kafka-producer-network-thread | customer-service-producer-1] INFO  customer-service [o.apache.kafka.clients.NetworkClient] - [Producer clientId=customer-service-producer-1] Node -1 disconnected.
2026-08-28 20:05:57.010 [kafka-producer-network-thread | customer-service-producer-1] WARN  customer-service [o.apache.kafka.clients.NetworkClient] - [Producer clientId=customer-service-producer-1] Connection to node -1 (localhost/127.0.0.1:9092) could not be established. Node may not be available.
2026-08-28 20:05:57.010 [kafka-producer-network-thread | customer-service-producer-1] WARN  customer-service [o.apache.kafka.clients.NetworkClient] - [Producer clientId=customer-service-producer-1] Bootstrap broker localhost:9092 (id: -1 rack: null) disconnected
2026-08-28 20:05:57.956 [kafka-producer-network-thread | customer-service-producer-1] INFO  customer-service [o.apache.kafka.clients.NetworkClient] - [Producer clientId=customer-service-producer-1] Node -1 disconnected.
2026-08-28 20:05:57.957 [kafka-producer-network-thread | customer-service-producer-1] WARN  customer-service [o.apache.kafka.clients.NetworkClient] - [Producer clientId=customer-service-producer-1] Connection to node -1 (localhost/127.0.0.1:9092) could not be established. Node may not be available.
2026-08-28 20:05:57.957 [kafka-producer-network-thread | customer-service-producer-1] WARN  customer-service [o.apache.kafka.clients.NetworkClient] - [Producer clientId=customer-service-producer-1] Bootstrap broker localhost:9092 (id: -1 rack: null) disconnected
2026-08-28 20:05:58.967 [kafka-producer-network-thread | customer-service-producer-1] INFO  customer-service [o.apache.kafka.clients.NetworkClient] - [Producer clientId=customer-service-producer-1] Node -1 disconnected.
2026-08-28 20:05:58.967 [kafka-producer-network-thread | customer-service-producer-1] WARN  customer-service [o.apache.kafka.clients.NetworkClient] - [Producer clientId=customer-service-producer-1] Connection to node -1 (localhost/127.0.0.1:9092) could not be established. Node may not be available.
2026-08-28 20:05:58.967 [kafka-producer-network-thread | customer-service-producer-1] WARN  customer-service [o.apache.kafka.clients.NetworkClient] - [Producer clientId=customer-service-producer-1] Bootstrap broker localhost:9092 (id: -1 rack: null) disconnected
2026-08-28 20:05:59.928 [kafka-producer-network-thread | customer-service-producer-1] INFO  customer-service [o.apache.kafka.clients.NetworkClient] - [Producer clientId=customer-service-producer-1] Node -1 disconnected.
2026-08-28 20:05:59.928 [kafka-producer-network-thread | customer-service-producer-1] WARN  customer-service [o.apache.kafka.clients.NetworkClient] - [Producer clientId=customer-service-producer-1] Connection to node -1 (localhost/127.0.0.1:9092) could not be established. Node may not be available.
2026-08-28 20:05:59.929 [kafka-producer-network-thread | customer-service-producer-1] WARN  customer-service [o.apache.kafka.clients.NetworkClient] - [Producer clientId=customer-service-producer-1] Bootstrap broker localhost:9092 (id: -1 rack: null) disconnected
2026-08-28 20:06:00.736 [kafka-producer-network-thread | customer-service-producer-1] INFO  customer-service [o.apache.kafka.clients.NetworkClient] - [Producer clientId=customer-service-producer-1] Node -1 disconnected.
2026-08-28 20:06:00.736 [kafka-producer-network-thread | customer-service-producer-1] WARN  customer-service [o.apache.kafka.clients.NetworkClient] - [Producer clientId=customer-service-producer-1] Connection to node -1 (localhost/127.0.0.1:9092) could not be established. Node may not be available.
2026-08-28 20:06:00.736 [kafka-producer-network-thread | customer-service-producer-1] WARN  customer-service [o.apache.kafka.clients.NetworkClient] - [Producer clientId=customer-service-producer-1] Bootstrap broker localhost:9092 (id: -1 rack: null) disconnected
2026-08-28 20:06:01.737 [kafka-producer-network-thread | customer-service-producer-1] INFO  customer-service [o.apache.kafka.clients.NetworkClient] - [Producer clientId=customer-service-producer-1] Node -1 disconnected.
2026-08-28 20:06:01.738 [kafka-producer-network-thread | customer-service-producer-1] WARN  customer-service [o.apache.kafka.clients.NetworkClient] - [Producer clientId=customer-service-producer-1] Connection to node -1 (localhost/127.0.0.1:9092) could not be established. Node may not be available.
2026-08-28 20:06:01.738 [kafka-producer-network-thread | customer-service-producer-1] WARN  customer-service [o.apache.kafka.clients.NetworkClient] - [Producer clientId=customer-service-producer-1] Bootstrap broker localhost:9092 (id: -1 rack: null) disconnected
2026-08-28 20:06:02.738 [kafka-producer-network-thread | customer-service-producer-1] INFO  customer-service [o.apache.kafka.clients.NetworkClient] - [Producer clientId=customer-service-producer-1] Node -1 disconnected.
2026-08-28 20:06:02.738 [kafka-producer-network-thread | customer-service-producer-1] WARN  customer-service [o.apache.kafka.clients.NetworkClient] - [Producer clientId=customer-service-producer-1] Connection to node -1 (localhost/127.0.0.1:9092) could not be established. Node may not be available.
2026-08-28 20:06:02.738 [kafka-producer-network-thread | customer-service-producer-1] WARN  customer-service [o.apache.kafka.clients.NetworkClient] - [Producer clientId=customer-service-producer-1] Bootstrap broker localhost:9092 (id: -1 rack: null) disconnected
2026-08-28 20:06:03.784 [kafka-producer-network-thread | customer-service-producer-1] INFO  customer-service [o.apache.kafka.clients.NetworkClient] - [Producer clientId=customer-service-producer-1] Node -1 disconnected.
2026-08-28 20:06:03.785 [kafka-producer-network-thread | customer-service-producer-1] WARN  customer-service [o.apache.kafka.clients.NetworkClient] - [Producer clientId=customer-service-producer-1] Connection to node -1 (localhost/127.0.0.1:9092) could not be established. Node may not be available.
2026-08-28 20:06:03.785 [kafka-producer-network-thread | customer-service-producer-1] WARN  customer-service [o.apache.kafka.clients.NetworkClient] - [Producer clientId=customer-service-producer-1] Bootstrap broker localhost:9092 (id: -1 rack: null) disconnected
2026-08-28 20:06:04.796 [kafka-producer-network-thread | customer-service-producer-1] INFO  customer-service [o.apache.kafka.clients.NetworkClient] - [Producer clientId=customer-service-producer-1] Node -1 disconnected.
2026-08-28 20:06:04.797 [kafka-producer-network-thread | customer-service-producer-1] WARN  customer-service [o.apache.kafka.clients.NetworkClient] - [Producer clientId=customer-service-producer-1] Connection to node -1 (localhost/127.0.0.1:9092) could not be established. Node may not be available.
2026-08-28 20:06:04.798 [kafka-producer-network-thread | customer-service-producer-1] WARN  customer-service [o.apache.kafka.clients.NetworkClient] - [Producer clientId=customer-service-producer-1] Bootstrap broker localhost:9092 (id: -1 rack: null) disconnected
2026-08-28 20:06:05.801 [kafka-producer-network-thread | customer-service-producer-1] INFO  customer-service [o.apache.kafka.clients.NetworkClient] - [Producer clientId=customer-service-producer-1] Node -1 disconnected.
2026-08-28 20:06:05.801 [kafka-producer-network-thread | customer-service-producer-1] WARN  customer-service [o.apache.kafka.clients.NetworkClient] - [Producer clientId=customer-service-producer-1] Connection to node -1 (localhost/127.0.0.1:9092) could not be established. Node may not be available.
2026-08-28 20:06:05.801 [kafka-producer-network-thread | customer-service-producer-1] WARN  customer-service [o.apache.kafka.clients.NetworkClient] - [Producer clientId=customer-service-producer-1] Bootstrap broker localhost:9092 (id: -1 rack: null) disconnected
2026-08-28 20:06:06.757 [kafka-producer-network-thread | customer-service-producer-1] INFO  customer-service [o.apache.kafka.clients.NetworkClient] - [Producer clientId=customer-service-producer-1] Node -1 disconnected.
2026-08-28 20:06:06.758 [kafka-producer-network-thread | customer-service-producer-1] WARN  customer-service [o.apache.kafka.clients.NetworkClient] - [Producer clientId=customer-service-producer-1] Connection to node -1 (localhost/127.0.0.1:9092) could not be established. Node may not be available.
2026-08-28 20:06:06.758 [kafka-producer-network-thread | customer-service-producer-1] WARN  customer-service [o.apache.kafka.clients.NetworkClient] - [Producer clientId=customer-service-producer-1] Bootstrap broker localhost:9092 (id: -1 rack: null) disconnected
2026-08-28 20:06:07.768 [kafka-producer-network-thread | customer-service-producer-1] INFO  customer-service [o.apache.kafka.clients.NetworkClient] - [Producer clientId=customer-service-producer-1] Node -1 disconnected.
2026-08-28 20:06:07.769 [kafka-producer-network-thread | customer-service-producer-1] WARN  customer-service [o.apache.kafka.clients.NetworkClient] - [Producer clientId=customer-service-producer-1] Connection to node -1 (localhost/127.0.0.1:9092) could not be established. Node may not be available.
2026-08-28 20:06:07.770 [kafka-producer-network-thread | customer-service-producer-1] WARN  customer-service [o.apache.kafka.clients.NetworkClient] - [Producer clientId=customer-service-producer-1] Bootstrap broker localhost:9092 (id: -1 rack: null) disconnected
2026-08-28 20:06:08.731 [kafka-producer-network-thread | customer-service-producer-1] INFO  customer-service [o.apache.kafka.clients.NetworkClient] - [Producer clientId=customer-service-producer-1] Node -1 disconnected.
2026-08-28 20:06:08.732 [kafka-producer-network-thread | customer-service-producer-1] WARN  customer-service [o.apache.kafka.clients.NetworkClient] - [Producer clientId=customer-service-producer-1] Connection to node -1 (localhost/127.0.0.1:9092) could not be established. Node may not be available.
2026-08-28 20:06:08.732 [kafka-producer-network-thread | customer-service-producer-1] WARN  customer-service [o.apache.kafka.clients.NetworkClient] - [Producer clientId=customer-service-producer-1] Bootstrap broker localhost:9092 (id: -1 rack: null) disconnected
2026-08-28 20:06:09.743 [kafka-producer-network-thread | customer-service-producer-1] INFO  customer-service [o.apache.kafka.clients.NetworkClient] - [Producer clientId=customer-service-producer-1] Node -1 disconnected.
2026-08-28 20:06:09.743 [kafka-producer-network-thread | customer-service-producer-1] WARN  customer-service [o.apache.kafka.clients.NetworkClient] - [Producer clientId=customer-service-producer-1] Connection to node -1 (localhost/127.0.0.1:9092) could not be established. Node may not be available.
2026-08-28 20:06:09.743 [kafka-producer-network-thread | customer-service-producer-1] WARN  customer-service [o.apache.kafka.clients.NetworkClient] - [Producer clientId=customer-service-producer-1] Bootstrap broker localhost:9092 (id: -1 rack: null) disconnected
2026-08-28 20:06:10.750 [kafka-producer-network-thread | customer-service-producer-1] INFO  customer-service [o.apache.kafka.clients.NetworkClient] - [Producer clientId=customer-service-producer-1] Node -1 disconnected.
2026-08-28 20:06:10.750 [kafka-producer-network-thread | customer-service-producer-1] WARN  customer-service [o.apache.kafka.clients.NetworkClient] - [Producer clientId=customer-service-producer-1] Connection to node -1 (localhost/127.0.0.1:9092) could not be established. Node may not be available.
2026-08-28 20:06:10.750 [kafka-producer-network-thread | customer-service-producer-1] WARN  customer-service [o.apache.kafka.clients.NetworkClient] - [Producer clientId=customer-service-producer-1] Bootstrap broker localhost:9092 (id: -1 rack: null) disconnected
2026-08-28 20:06:11.790 [kafka-producer-network-thread | customer-service-producer-1] INFO  customer-service [o.apache.kafka.clients.NetworkClient] - [Producer clientId=customer-service-producer-1] Node -1 disconnected.
2026-08-28 20:06:11.790 [kafka-producer-network-thread | customer-service-producer-1] WARN  customer-service [o.apache.kafka.clients.NetworkClient] - [Producer clientId=customer-service-producer-1] Connection to node -1 (localhost/127.0.0.1:9092) could not be established. Node may not be available.
2026-08-28 20:06:11.791 [kafka-producer-network-thread | customer-service-producer-1] WARN  customer-service [o.apache.kafka.clients.NetworkClient] - [Producer clientId=customer-service-producer-1] Bootstrap broker localhost:9092 (id: -1 rack: null) disconnected
2026-08-28 20:06:12.660 [kafka-producer-network-thread | customer-service-producer-1] INFO  customer-service [o.apache.kafka.clients.NetworkClient] - [Producer clientId=customer-service-producer-1] Node -1 disconnected.
2026-08-28 20:06:12.660 [kafka-producer-network-thread | customer-service-producer-1] WARN  customer-service [o.apache.kafka.clients.NetworkClient] - [Producer clientId=customer-service-producer-1] Connection to node -1 (localhost/127.0.0.1:9092) could not be established. Node may not be available.
2026-08-28 20:06:12.661 [kafka-producer-network-thread | customer-service-producer-1] WARN  customer-service [o.apache.kafka.clients.NetworkClient] - [Producer clientId=customer-service-producer-1] Bootstrap broker localhost:9092 (id: -1 rack: null) disconnected
2026-08-28 20:06:13.665 [kafka-producer-network-thread | customer-service-producer-1] INFO  customer-service [o.apache.kafka.clients.NetworkClient] - [Producer clientId=customer-service-producer-1] Node -1 disconnected.
2026-08-28 20:06:13.665 [kafka-producer-network-thread | customer-service-producer-1] WARN  customer-service [o.apache.kafka.clients.NetworkClient] - [Producer clientId=customer-service-producer-1] Connection to node -1 (localhost/127.0.0.1:9092) could not be established. Node may not be available.
2026-08-28 20:06:13.666 [kafka-producer-network-thread | customer-service-producer-1] WARN  customer-service [o.apache.kafka.clients.NetworkClient] - [Producer clientId=customer-service-producer-1] Bootstrap broker localhost:9092 (id: -1 rack: null) disconnected
2026-08-28 20:06:14.667 [kafka-producer-network-thread | customer-service-producer-1] INFO  customer-service [o.apache.kafka.clients.NetworkClient] - [Producer clientId=customer-service-producer-1] Node -1 disconnected.
2026-08-28 20:06:14.668 [kafka-producer-network-thread | customer-service-producer-1] WARN  customer-service [o.apache.kafka.clients.NetworkClient] - [Producer clientId=customer-service-producer-1] Connection to node -1 (localhost/127.0.0.1:9092) could not be established. Node may not be available.
2026-08-28 20:06:14.668 [kafka-producer-network-thread | customer-service-producer-1] WARN  customer-service [o.apache.kafka.clients.NetworkClient] - [Producer clientId=customer-service-producer-1] Bootstrap broker localhost:9092 (id: -1 rack: null) disconnected
2026-08-28 20:06:15.522 [kafka-producer-network-thread | customer-service-producer-1] INFO  customer-service [o.apache.kafka.clients.NetworkClient] - [Producer clientId=customer-service-producer-1] Node -1 disconnected.
2026-08-28 20:06:15.523 [kafka-producer-network-thread | customer-service-producer-1] WARN  customer-service [o.apache.kafka.clients.NetworkClient] - [Producer clientId=customer-service-producer-1] Connection to node -1 (localhost/127.0.0.1:9092) could not be established. Node may not be available.
2026-08-28 20:06:15.524 [kafka-producer-network-thread | customer-service-producer-1] WARN  customer-service [o.apache.kafka.clients.NetworkClient] - [Producer clientId=customer-service-producer-1] Bootstrap broker localhost:9092 (id: -1 rack: null) disconnected
2026-08-28 20:06:16.524 [kafka-producer-network-thread | customer-service-producer-1] INFO  customer-service [o.apache.kafka.clients.NetworkClient] - [Producer clientId=customer-service-producer-1] Node -1 disconnected.
2026-08-28 20:06:16.524 [kafka-producer-network-thread | customer-service-producer-1] WARN  customer-service [o.apache.kafka.clients.NetworkClient] - [Producer clientId=customer-service-producer-1] Connection to node -1 (localhost/127.0.0.1:9092) could not be established. Node may not be available.
2026-08-28 20:06:16.524 [kafka-producer-network-thread | customer-service-producer-1] WARN  customer-service [o.apache.kafka.clients.NetworkClient] - [Producer clientId=customer-service-producer-1] Bootstrap broker localhost:9092 (id: -1 rack: null) disconnected
2026-08-28 20:06:17.436 [kafka-producer-network-thread | customer-service-producer-1] INFO  customer-service [o.apache.kafka.clients.NetworkClient] - [Producer clientId=customer-service-producer-1] Node -1 disconnected.
2026-08-28 20:06:17.436 [kafka-producer-network-thread | customer-service-producer-1] WARN  customer-service [o.apache.kafka.clients.NetworkClient] - [Producer clientId=customer-service-producer-1] Connection to node -1 (localhost/127.0.0.1:9092) could not be established. Node may not be available.
2026-08-28 20:06:17.436 [kafka-producer-network-thread | customer-service-producer-1] WARN  customer-service [o.apache.kafka.clients.NetworkClient] - [Producer clientId=customer-service-producer-1] Bootstrap broker localhost:9092 (id: -1 rack: null) disconnected
2026-08-28 20:06:18.392 [kafka-producer-network-thread | customer-service-producer-1] INFO  customer-service [o.apache.kafka.clients.NetworkClient] - [Producer clientId=customer-service-producer-1] Node -1 disconnected.
2026-08-28 20:06:18.393 [kafka-producer-network-thread | customer-service-producer-1] WARN  customer-service [o.apache.kafka.clients.NetworkClient] - [Producer clientId=customer-service-producer-1] Connection to node -1 (localhost/127.0.0.1:9092) could not be established. Node may not be available.
2026-08-28 20:06:18.393 [kafka-producer-network-thread | customer-service-producer-1] WARN  customer-service [o.apache.kafka.clients.NetworkClient] - [Producer clientId=customer-service-producer-1] Bootstrap broker localhost:9092 (id: -1 rack: null) disconnected
2026-08-28 20:06:19.354 [kafka-producer-network-thread | customer-service-producer-1] INFO  customer-service [o.apache.kafka.clients.NetworkClient] - [Producer clientId=customer-service-producer-1] Node -1 disconnected.
2026-08-28 20:06:19.355 [kafka-producer-network-thread | customer-service-producer-1] WARN  customer-service [o.apache.kafka.clients.NetworkClient] - [Producer clientId=customer-service-producer-1] Connection to node -1 (localhost/127.0.0.1:9092) could not be established. Node may not be available.
2026-08-28 20:06:19.355 [kafka-producer-network-thread | customer-service-producer-1] WARN  customer-service [o.apache.kafka.clients.NetworkClient] - [Producer clientId=customer-service-producer-1] Bootstrap broker localhost:9092 (id: -1 rack: null) disconnected
2026-08-28 20:06:20.218 [kafka-producer-network-thread | customer-service-producer-1] INFO  customer-service [o.apache.kafka.clients.NetworkClient] - [Producer clientId=customer-service-producer-1] Node -1 disconnected.
2026-08-28 20:06:20.219 [kafka-producer-network-thread | customer-service-producer-1] WARN  customer-service [o.apache.kafka.clients.NetworkClient] - [Producer clientId=customer-service-producer-1] Connection to node -1 (localhost/127.0.0.1:9092) could not be established. Node may not be available.
2026-08-28 20:06:20.219 [kafka-producer-network-thread | customer-service-producer-1] WARN  customer-service [o.apache.kafka.clients.NetworkClient] - [Producer clientId=customer-service-producer-1] Bootstrap broker localhost:9092 (id: -1 rack: null) disconnected
2026-08-28 20:06:21.229 [kafka-producer-network-thread | customer-service-producer-1] INFO  customer-service [o.apache.kafka.clients.NetworkClient] - [Producer clientId=customer-service-producer-1] Node -1 disconnected.
2026-08-28 20:06:21.230 [kafka-producer-network-thread | customer-service-producer-1] WARN  customer-service [o.apache.kafka.clients.NetworkClient] - [Producer clientId=customer-service-producer-1] Connection to node -1 (localhost/127.0.0.1:9092) could not be established. Node may not be available.
2026-08-28 20:06:21.231 [kafka-producer-network-thread | customer-service-producer-1] WARN  customer-service [o.apache.kafka.clients.NetworkClient] - [Producer clientId=customer-service-producer-1] Bootstrap broker localhost:9092 (id: -1 rack: null) disconnected
2026-08-28 20:06:22.229 [kafka-producer-network-thread | customer-service-producer-1] INFO  customer-service [o.apache.kafka.clients.NetworkClient] - [Producer clientId=customer-service-producer-1] Node -1 disconnected.
2026-08-28 20:06:22.230 [kafka-producer-network-thread | customer-service-producer-1] WARN  customer-service [o.apache.kafka.clients.NetworkClient] - [Producer clientId=customer-service-producer-1] Connection to node -1 (localhost/127.0.0.1:9092) could not be established. Node may not be available.
2026-08-28 20:06:22.230 [kafka-producer-network-thread | customer-service-producer-1] WARN  customer-service [o.apache.kafka.clients.NetworkClient] - [Producer clientId=customer-service-producer-1] Bootstrap broker localhost:9092 (id: -1 rack: null) disconnected
2026-08-28 20:06:23.231 [kafka-producer-network-thread | customer-service-producer-1] INFO  customer-service [o.apache.kafka.clients.NetworkClient] - [Producer clientId=customer-service-producer-1] Node -1 disconnected.
2026-08-28 20:06:23.231 [kafka-producer-network-thread | customer-service-producer-1] WARN  customer-service [o.apache.kafka.clients.NetworkClient] - [Producer clientId=customer-service-producer-1] Connection to node -1 (localhost/127.0.0.1:9092) could not be established. Node may not be available.
2026-08-28 20:06:23.231 [kafka-producer-network-thread | customer-service-producer-1] WARN  customer-service [o.apache.kafka.clients.NetworkClient] - [Producer clientId=customer-service-producer-1] Bootstrap broker localhost:9092 (id: -1 rack: null) disconnected
2026-08-28 20:06:24.233 [kafka-producer-network-thread | customer-service-producer-1] INFO  customer-service [o.apache.kafka.clients.NetworkClient] - [Producer clientId=customer-service-producer-1] Node -1 disconnected.
2026-08-28 20:06:24.233 [kafka-producer-network-thread | customer-service-producer-1] WARN  customer-service [o.apache.kafka.clients.NetworkClient] - [Producer clientId=customer-service-producer-1] Connection to node -1 (localhost/127.0.0.1:9092) could not be established. Node may not be available.
2026-08-28 20:06:24.233 [kafka-producer-network-thread | customer-service-producer-1] WARN  customer-service [o.apache.kafka.clients.NetworkClient] - [Producer clientId=customer-service-producer-1] Bootstrap broker localhost:9092 (id: -1 rack: null) disconnected
2026-08-28 20:06:25.235 [kafka-producer-network-thread | customer-service-producer-1] INFO  customer-service [o.apache.kafka.clients.NetworkClient] - [Producer clientId=customer-service-producer-1] Node -1 disconnected.
2026-08-28 20:06:25.235 [kafka-producer-network-thread | customer-service-producer-1] WARN  customer-service [o.apache.kafka.clients.NetworkClient] - [Producer clientId=customer-service-producer-1] Connection to node -1 (localhost/127.0.0.1:9092) could not be established. Node may not be available.
2026-08-28 20:06:25.235 [kafka-producer-network-thread | customer-service-producer-1] WARN  customer-service [o.apache.kafka.clients.NetworkClient] - [Producer clientId=customer-service-producer-1] Bootstrap broker localhost:9092 (id: -1 rack: null) disconnected
2026-08-28 20:06:26.237 [kafka-producer-network-thread | customer-service-producer-1] INFO  customer-service [o.apache.kafka.clients.NetworkClient] - [Producer clientId=customer-service-producer-1] Node -1 disconnected.
2026-08-28 20:06:26.237 [kafka-producer-network-thread | customer-service-producer-1] WARN  customer-service [o.apache.kafka.clients.NetworkClient] - [Producer clientId=customer-service-producer-1] Connection to node -1 (localhost/127.0.0.1:9092) could not be established. Node may not be available.
2026-08-28 20:06:26.237 [kafka-producer-network-thread | customer-service-producer-1] WARN  customer-service [o.apache.kafka.clients.NetworkClient] - [Producer clientId=customer-service-producer-1] Bootstrap broker localhost:9092 (id: -1 rack: null) disconnected
2026-08-28 20:06:27.286 [kafka-producer-network-thread | customer-service-producer-1] INFO  customer-service [o.apache.kafka.clients.NetworkClient] - [Producer clientId=customer-service-producer-1] Node -1 disconnected.
2026-08-28 20:06:27.286 [kafka-producer-network-thread | customer-service-producer-1] WARN  customer-service [o.apache.kafka.clients.NetworkClient] - [Producer clientId=customer-service-producer-1] Connection to node -1 (localhost/127.0.0.1:9092) could not be established. Node may not be available.
2026-08-28 20:06:27.287 [kafka-producer-network-thread | customer-service-producer-1] WARN  customer-service [o.apache.kafka.clients.NetworkClient] - [Producer clientId=customer-service-producer-1] Bootstrap broker localhost:9092 (id: -1 rack: null) disconnected
2026-08-28 20:06:28.290 [kafka-producer-network-thread | customer-service-producer-1] INFO  customer-service [o.apache.kafka.clients.NetworkClient] - [Producer clientId=customer-service-producer-1] Node -1 disconnected.
2026-08-28 20:06:28.290 [kafka-producer-network-thread | customer-service-producer-1] WARN  customer-service [o.apache.kafka.clients.NetworkClient] - [Producer clientId=customer-service-producer-1] Connection to node -1 (localhost/127.0.0.1:9092) could not be established. Node may not be available.
2026-08-28 20:06:28.290 [kafka-producer-network-thread | customer-service-producer-1] WARN  customer-service [o.apache.kafka.clients.NetworkClient] - [Producer clientId=customer-service-producer-1] Bootstrap broker localhost:9092 (id: -1 rack: null) disconnected
2026-08-28 20:06:29.300 [kafka-producer-network-thread | customer-service-producer-1] INFO  customer-service [o.apache.kafka.clients.NetworkClient] - [Producer clientId=customer-service-producer-1] Node -1 disconnected.
2026-08-28 20:06:29.301 [kafka-producer-network-thread | customer-service-producer-1] WARN  customer-service [o.apache.kafka.clients.NetworkClient] - [Producer clientId=customer-service-producer-1] Connection to node -1 (localhost/127.0.0.1:9092) could not be established. Node may not be available.
2026-08-28 20:06:29.301 [kafka-producer-network-thread | customer-service-producer-1] WARN  customer-service [o.apache.kafka.clients.NetworkClient] - [Producer clientId=customer-service-producer-1] Bootstrap broker localhost:9092 (id: -1 rack: null) disconnected
2026-08-28 20:06:30.302 [kafka-producer-network-thread | customer-service-producer-1] INFO  customer-service [o.apache.kafka.clients.NetworkClient] - [Producer clientId=customer-service-producer-1] Node -1 disconnected.
2026-08-28 20:06:30.303 [kafka-producer-network-thread | customer-service-producer-1] WARN  customer-service [o.apache.kafka.clients.NetworkClient] - [Producer clientId=customer-service-producer-1] Connection to node -1 (localhost/127.0.0.1:9092) could not be established. Node may not be available.
2026-08-28 20:06:30.303 [kafka-producer-network-thread | customer-service-producer-1] WARN  customer-service [o.apache.kafka.clients.NetworkClient] - [Producer clientId=customer-service-producer-1] Bootstrap broker localhost:9092 (id: -1 rack: null) disconnected
2026-08-28 20:06:31.318 [kafka-producer-network-thread | customer-service-producer-1] INFO  customer-service [o.apache.kafka.clients.NetworkClient] - [Producer clientId=customer-service-producer-1] Node -1 disconnected.
2026-08-28 20:06:31.318 [kafka-producer-network-thread | customer-service-producer-1] WARN  customer-service [o.apache.kafka.clients.NetworkClient] - [Producer clientId=customer-service-producer-1] Connection to node -1 (localhost/127.0.0.1:9092) could not be established. Node may not be available.
2026-08-28 20:06:31.318 [kafka-producer-network-thread | customer-service-producer-1] WARN  customer-service [o.apache.kafka.clients.NetworkClient] - [Producer clientId=customer-service-producer-1] Bootstrap broker localhost:9092 (id: -1 rack: null) disconnected
2026-08-28 20:06:32.319 [kafka-producer-network-thread | customer-service-producer-1] INFO  customer-service [o.apache.kafka.clients.NetworkClient] - [Producer clientId=customer-service-producer-1] Node -1 disconnected.
2026-08-28 20:06:32.320 [kafka-producer-network-thread | customer-service-producer-1] WARN  customer-service [o.apache.kafka.clients.NetworkClient] - [Producer clientId=customer-service-producer-1] Connection to node -1 (localhost/127.0.0.1:9092) could not be established. Node may not be available.
2026-08-28 20:06:32.320 [kafka-producer-network-thread | customer-service-producer-1] WARN  customer-service [o.apache.kafka.clients.NetworkClient] - [Producer clientId=customer-service-producer-1] Bootstrap broker localhost:9092 (id: -1 rack: null) disconnected
2026-08-28 20:06:33.221 [kafka-producer-network-thread | customer-service-producer-1] INFO  customer-service [o.apache.kafka.clients.NetworkClient] - [Producer clientId=customer-service-producer-1] Node -1 disconnected.
2026-08-28 20:06:33.221 [kafka-producer-network-thread | customer-service-producer-1] WARN  customer-service [o.apache.kafka.clients.NetworkClient] - [Producer clientId=customer-service-producer-1] Connection to node -1 (localhost/127.0.0.1:9092) could not be established. Node may not be available.
2026-08-28 20:06:33.221 [kafka-producer-network-thread | customer-service-producer-1] WARN  customer-service [o.apache.kafka.clients.NetworkClient] - [Producer clientId=customer-service-producer-1] Bootstrap broker localhost:9092 (id: -1 rack: null) disconnected
2026-08-28 20:06:34.109 [kafka-producer-network-thread | customer-service-producer-1] INFO  customer-service [o.apache.kafka.clients.NetworkClient] - [Producer clientId=customer-service-producer-1] Node -1 disconnected.
2026-08-28 20:06:34.110 [kafka-producer-network-thread | customer-service-producer-1] WARN  customer-service [o.apache.kafka.clients.NetworkClient] - [Producer clientId=customer-service-producer-1] Connection to node -1 (localhost/127.0.0.1:9092) could not be established. Node may not be available.
2026-08-28 20:06:34.110 [kafka-producer-network-thread | customer-service-producer-1] WARN  customer-service [o.apache.kafka.clients.NetworkClient] - [Producer clientId=customer-service-producer-1] Bootstrap broker localhost:9092 (id: -1 rack: null) disconnected
2026-08-28 20:06:35.082 [kafka-producer-network-thread | customer-service-producer-1] INFO  customer-service [o.apache.kafka.clients.NetworkClient] - [Producer clientId=customer-service-producer-1] Node -1 disconnected.
2026-08-28 20:06:35.083 [kafka-producer-network-thread | customer-service-producer-1] WARN  customer-service [o.apache.kafka.clients.NetworkClient] - [Producer clientId=customer-service-producer-1] Connection to node -1 (localhost/127.0.0.1:9092) could not be established. Node may not be available.
2026-08-28 20:06:35.083 [kafka-producer-network-thread | customer-service-producer-1] WARN  customer-service [o.apache.kafka.clients.NetworkClient] - [Producer clientId=customer-service-producer-1] Bootstrap broker localhost:9092 (id: -1 rack: null) disconnected
2026-08-28 20:06:36.097 [kafka-producer-network-thread | customer-service-producer-1] INFO  customer-service [o.apache.kafka.clients.NetworkClient] - [Producer clientId=customer-service-producer-1] Node -1 disconnected.
2026-08-28 20:06:36.097 [kafka-producer-network-thread | customer-service-producer-1] WARN  customer-service [o.apache.kafka.clients.NetworkClient] - [Producer clientId=customer-service-producer-1] Connection to node -1 (localhost/127.0.0.1:9092) could not be established. Node may not be available.
2026-08-28 20:06:36.097 [kafka-producer-network-thread | customer-service-producer-1] WARN  customer-service [o.apache.kafka.clients.NetworkClient] - [Producer clientId=customer-service-producer-1] Bootstrap broker localhost:9092 (id: -1 rack: null) disconnected
2026-08-28 20:06:37.056 [kafka-producer-network-thread | customer-service-producer-1] INFO  customer-service [o.apache.kafka.clients.NetworkClient] - [Producer clientId=customer-service-producer-1] Node -1 disconnected.
2026-08-28 20:06:37.056 [kafka-producer-network-thread | customer-service-producer-1] WARN  customer-service [o.apache.kafka.clients.NetworkClient] - [Producer clientId=customer-service-producer-1] Connection to node -1 (localhost/127.0.0.1:9092) could not be established. Node may not be available.
2026-08-28 20:06:37.056 [kafka-producer-network-thread | customer-service-producer-1] WARN  customer-service [o.apache.kafka.clients.NetworkClient] - [Producer clientId=customer-service-producer-1] Bootstrap broker localhost:9092 (id: -1 rack: null) disconnected
2026-08-28 20:06:37.913 [kafka-producer-network-thread | customer-service-producer-1] INFO  customer-service [o.apache.kafka.clients.NetworkClient] - [Producer clientId=customer-service-producer-1] Node -1 disconnected.
2026-08-28 20:06:37.913 [kafka-producer-network-thread | customer-service-producer-1] WARN  customer-service [o.apache.kafka.clients.NetworkClient] - [Producer clientId=customer-service-producer-1] Connection to node -1 (localhost/127.0.0.1:9092) could not be established. Node may not be available.
2026-08-28 20:06:37.913 [kafka-producer-network-thread | customer-service-producer-1] WARN  customer-service [o.apache.kafka.clients.NetworkClient] - [Producer clientId=customer-service-producer-1] Bootstrap broker localhost:9092 (id: -1 rack: null) disconnected
2026-08-28 20:06:38.914 [kafka-producer-network-thread | customer-service-producer-1] INFO  customer-service [o.apache.kafka.clients.NetworkClient] - [Producer clientId=customer-service-producer-1] Node -1 disconnected.
2026-08-28 20:06:38.914 [kafka-producer-network-thread | customer-service-producer-1] WARN  customer-service [o.apache.kafka.clients.NetworkClient] - [Producer clientId=customer-service-producer-1] Connection to node -1 (localhost/127.0.0.1:9092) could not be established. Node may not be available.
2026-08-28 20:06:38.914 [kafka-producer-network-thread | customer-service-producer-1] WARN  customer-service [o.apache.kafka.clients.NetworkClient] - [Producer clientId=customer-service-producer-1] Bootstrap broker localhost:9092 (id: -1 rack: null) disconnected
2026-08-28 20:06:39.771 [kafka-producer-network-thread | customer-service-producer-1] INFO  customer-service [o.apache.kafka.clients.NetworkClient] - [Producer clientId=customer-service-producer-1] Node -1 disconnected.
2026-08-28 20:06:39.771 [kafka-producer-network-thread | customer-service-producer-1] WARN  customer-service [o.apache.kafka.clients.NetworkClient] - [Producer clientId=customer-service-producer-1] Connection to node -1 (localhost/127.0.0.1:9092) could not be established. Node may not be available.
2026-08-28 20:06:39.772 [kafka-producer-network-thread | customer-service-producer-1] WARN  customer-service [o.apache.kafka.clients.NetworkClient] - [Producer clientId=customer-service-producer-1] Bootstrap broker localhost:9092 (id: -1 rack: null) disconnected
2026-08-28 20:06:40.670 [kafka-producer-network-thread | customer-service-producer-1] INFO  customer-service [o.apache.kafka.clients.NetworkClient] - [Producer clientId=customer-service-producer-1] Node -1 disconnected.
2026-08-28 20:06:40.670 [kafka-producer-network-thread | customer-service-producer-1] WARN  customer-service [o.apache.kafka.clients.NetworkClient] - [Producer clientId=customer-service-producer-1] Connection to node -1 (localhost/127.0.0.1:9092) could not be established. Node may not be available.
2026-08-28 20:06:40.671 [kafka-producer-network-thread | customer-service-producer-1] WARN  customer-service [o.apache.kafka.clients.NetworkClient] - [Producer clientId=customer-service-producer-1] Bootstrap broker localhost:9092 (id: -1 rack: null) disconnected
2026-08-28 20:06:41.701 [kafka-producer-network-thread | customer-service-producer-1] INFO  customer-service [o.apache.kafka.clients.NetworkClient] - [Producer clientId=customer-service-producer-1] Node -1 disconnected.
2026-08-28 20:06:41.701 [kafka-producer-network-thread | customer-service-producer-1] WARN  customer-service [o.apache.kafka.clients.NetworkClient] - [Producer clientId=customer-service-producer-1] Connection to node -1 (localhost/127.0.0.1:9092) could not be established. Node may not be available.
2026-08-28 20:06:41.702 [kafka-producer-network-thread | customer-service-producer-1] WARN  customer-service [o.apache.kafka.clients.NetworkClient] - [Producer clientId=customer-service-producer-1] Bootstrap broker localhost:9092 (id: -1 rack: null) disconnected
2026-08-28 20:06:42.627 [kafka-producer-network-thread | customer-service-producer-1] INFO  customer-service [o.apache.kafka.clients.NetworkClient] - [Producer clientId=customer-service-producer-1] Node -1 disconnected.
2026-08-28 20:06:42.628 [kafka-producer-network-thread | customer-service-producer-1] WARN  customer-service [o.apache.kafka.clients.NetworkClient] - [Producer clientId=customer-service-producer-1] Connection to node -1 (localhost/127.0.0.1:9092) could not be established. Node may not be available.
2026-08-28 20:06:42.628 [kafka-producer-network-thread | customer-service-producer-1] WARN  customer-service [o.apache.kafka.clients.NetworkClient] - [Producer clientId=customer-service-producer-1] Bootstrap broker localhost:9092 (id: -1 rack: null) disconnected
2026-08-28 20:06:43.567 [kafka-producer-network-thread | customer-service-producer-1] INFO  customer-service [o.apache.kafka.clients.NetworkClient] - [Producer clientId=customer-service-producer-1] Node -1 disconnected.
2026-08-28 20:06:43.567 [kafka-producer-network-thread | customer-service-producer-1] WARN  customer-service [o.apache.kafka.clients.NetworkClient] - [Producer clientId=customer-service-producer-1] Connection to node -1 (localhost/127.0.0.1:9092) could not be established. Node may not be available.
2026-08-28 20:06:43.568 [kafka-producer-network-thread | customer-service-producer-1] WARN  customer-service [o.apache.kafka.clients.NetworkClient] - [Producer clientId=customer-service-producer-1] Bootstrap broker localhost:9092 (id: -1 rack: null) disconnected
2026-08-28 20:06:44.515 [kafka-producer-network-thread | customer-service-producer-1] INFO  customer-service [o.apache.kafka.clients.NetworkClient] - [Producer clientId=customer-service-producer-1] Node -1 disconnected.
2026-08-28 20:06:44.516 [kafka-producer-network-thread | customer-service-producer-1] WARN  customer-service [o.apache.kafka.clients.NetworkClient] - [Producer clientId=customer-service-producer-1] Connection to node -1 (localhost/127.0.0.1:9092) could not be established. Node may not be available.
2026-08-28 20:06:44.516 [kafka-producer-network-thread | customer-service-producer-1] WARN  customer-service [o.apache.kafka.clients.NetworkClient] - [Producer clientId=customer-service-producer-1] Bootstrap broker localhost:9092 (id: -1 rack: null) disconnected
2026-08-28 20:06:45.516 [kafka-producer-network-thread | customer-service-producer-1] INFO  customer-service [o.apache.kafka.clients.NetworkClient] - [Producer clientId=customer-service-producer-1] Node -1 disconnected.
2026-08-28 20:06:45.516 [kafka-producer-network-thread | customer-service-producer-1] WARN  customer-service [o.apache.kafka.clients.NetworkClient] - [Producer clientId=customer-service-producer-1] Connection to node -1 (localhost/127.0.0.1:9092) could not be established. Node may not be available.
2026-08-28 20:06:45.516 [kafka-producer-network-thread | customer-service-producer-1] WARN  customer-service [o.apache.kafka.clients.NetworkClient] - [Producer clientId=customer-service-producer-1] Bootstrap broker localhost:9092 (id: -1 rack: null) disconnected
2026-08-28 20:06:46.374 [kafka-producer-network-thread | customer-service-producer-1] INFO  customer-service [o.apache.kafka.clients.NetworkClient] - [Producer clientId=customer-service-producer-1] Node -1 disconnected.
2026-08-28 20:06:46.375 [kafka-producer-network-thread | customer-service-producer-1] WARN  customer-service [o.apache.kafka.clients.NetworkClient] - [Producer clientId=customer-service-producer-1] Connection to node -1 (localhost/127.0.0.1:9092) could not be established. Node may not be available.
2026-08-28 20:06:46.375 [kafka-producer-network-thread | customer-service-producer-1] WARN  customer-service [o.apache.kafka.clients.NetworkClient] - [Producer clientId=customer-service-producer-1] Bootstrap broker localhost:9092 (id: -1 rack: null) disconnected
2026-08-28 20:06:47.420 [kafka-producer-network-thread | customer-service-producer-1] INFO  customer-service [o.apache.kafka.clients.NetworkClient] - [Producer clientId=customer-service-producer-1] Node -1 disconnected.
2026-08-28 20:06:47.421 [kafka-producer-network-thread | customer-service-producer-1] WARN  customer-service [o.apache.kafka.clients.NetworkClient] - [Producer clientId=customer-service-producer-1] Connection to node -1 (localhost/127.0.0.1:9092) could not be established. Node may not be available.
2026-08-28 20:06:47.421 [kafka-producer-network-thread | customer-service-producer-1] WARN  customer-service [o.apache.kafka.clients.NetworkClient] - [Producer clientId=customer-service-producer-1] Bootstrap broker localhost:9092 (id: -1 rack: null) disconnected
2026-08-28 20:06:48.282 [kafka-producer-network-thread | customer-service-producer-1] INFO  customer-service [o.apache.kafka.clients.NetworkClient] - [Producer clientId=customer-service-producer-1] Node -1 disconnected.
2026-08-28 20:06:48.283 [kafka-producer-network-thread | customer-service-producer-1] WARN  customer-service [o.apache.kafka.clients.NetworkClient] - [Producer clientId=customer-service-producer-1] Connection to node -1 (localhost/127.0.0.1:9092) could not be established. Node may not be available.
2026-08-28 20:06:48.283 [kafka-producer-network-thread | customer-service-producer-1] WARN  customer-service [o.apache.kafka.clients.NetworkClient] - [Producer clientId=customer-service-producer-1] Bootstrap broker localhost:9092 (id: -1 rack: null) disconnected
2026-08-28 20:06:49.295 [kafka-producer-network-thread | customer-service-producer-1] INFO  customer-service [o.apache.kafka.clients.NetworkClient] - [Producer clientId=customer-service-producer-1] Node -1 disconnected.
2026-08-28 20:06:49.295 [kafka-producer-network-thread | customer-service-producer-1] WARN  customer-service [o.apache.kafka.clients.NetworkClient] - [Producer clientId=customer-service-producer-1] Connection to node -1 (localhost/127.0.0.1:9092) could not be established. Node may not be available.
2026-08-28 20:06:49.295 [kafka-producer-network-thread | customer-service-producer-1] WARN  customer-service [o.apache.kafka.clients.NetworkClient] - [Producer clientId=customer-service-producer-1] Bootstrap broker localhost:9092 (id: -1 rack: null) disconnected
2026-08-28 20:06:50.296 [kafka-producer-network-thread | customer-service-producer-1] INFO  customer-service [o.apache.kafka.clients.NetworkClient] - [Producer clientId=customer-service-producer-1] Node -1 disconnected.
2026-08-28 20:06:50.296 [kafka-producer-network-thread | customer-service-producer-1] WARN  customer-service [o.apache.kafka.clients.NetworkClient] - [Producer clientId=customer-service-producer-1] Connection to node -1 (localhost/127.0.0.1:9092) could not be established. Node may not be available.
2026-08-28 20:06:50.296 [kafka-producer-network-thread | customer-service-producer-1] WARN  customer-service [o.apache.kafka.clients.NetworkClient] - [Producer clientId=customer-service-producer-1] Bootstrap broker localhost:9092 (id: -1 rack: null) disconnected
2026-08-28 20:06:51.256 [kafka-producer-network-thread | customer-service-producer-1] INFO  customer-service [o.apache.kafka.clients.NetworkClient] - [Producer clientId=customer-service-producer-1] Node -1 disconnected.
2026-08-28 20:06:51.256 [kafka-producer-network-thread | customer-service-producer-1] WARN  customer-service [o.apache.kafka.clients.NetworkClient] - [Producer clientId=customer-service-producer-1] Connection to node -1 (localhost/127.0.0.1:9092) could not be established. Node may not be available.
2026-08-28 20:06:51.256 [kafka-producer-network-thread | customer-service-producer-1] WARN  customer-service [o.apache.kafka.clients.NetworkClient] - [Producer clientId=customer-service-producer-1] Bootstrap broker localhost:9092 (id: -1 rack: null) disconnected
2026-08-28 20:06:52.295 [kafka-producer-network-thread | customer-service-producer-1] INFO  customer-service [o.apache.kafka.clients.NetworkClient] - [Producer clientId=customer-service-producer-1] Node -1 disconnected.
2026-08-28 20:06:52.296 [kafka-producer-network-thread | customer-service-producer-1] WARN  customer-service [o.apache.kafka.clients.NetworkClient] - [Producer clientId=customer-service-producer-1] Connection to node -1 (localhost/127.0.0.1:9092) could not be established. Node may not be available.
2026-08-28 20:06:52.296 [kafka-producer-network-thread | customer-service-producer-1] WARN  customer-service [o.apache.kafka.clients.NetworkClient] - [Producer clientId=customer-service-producer-1] Bootstrap broker localhost:9092 (id: -1 rack: null) disconnected
2026-08-28 20:06:53.132 [kafka-producer-network-thread | customer-service-producer-1] INFO  customer-service [o.apache.kafka.clients.NetworkClient] - [Producer clientId=customer-service-producer-1] Node -1 disconnected.
2026-08-28 20:06:53.132 [kafka-producer-network-thread | customer-service-producer-1] WARN  customer-service [o.apache.kafka.clients.NetworkClient] - [Producer clientId=customer-service-producer-1] Connection to node -1 (localhost/127.0.0.1:9092) could not be established. Node may not be available.
2026-08-28 20:06:53.132 [kafka-producer-network-thread | customer-service-producer-1] WARN  customer-service [o.apache.kafka.clients.NetworkClient] - [Producer clientId=customer-service-producer-1] Bootstrap broker localhost:9092 (id: -1 rack: null) disconnected
2026-08-28 20:06:54.062 [kafka-producer-network-thread | customer-service-producer-1] INFO  customer-service [o.apache.kafka.clients.NetworkClient] - [Producer clientId=customer-service-producer-1] Node -1 disconnected.
2026-08-28 20:06:54.062 [kafka-producer-network-thread | customer-service-producer-1] WARN  customer-service [o.apache.kafka.clients.NetworkClient] - [Producer clientId=customer-service-producer-1] Connection to node -1 (localhost/127.0.0.1:9092) could not be established. Node may not be available.
2026-08-28 20:06:54.062 [kafka-producer-network-thread | customer-service-producer-1] WARN  customer-service [o.apache.kafka.clients.NetworkClient] - [Producer clientId=customer-service-producer-1] Bootstrap broker localhost:9092 (id: -1 rack: null) disconnected
2026-08-28 20:06:55.077 [kafka-producer-network-thread | customer-service-producer-1] INFO  customer-service [o.apache.kafka.clients.NetworkClient] - [Producer clientId=customer-service-producer-1] Node -1 disconnected.
2026-08-28 20:06:55.077 [kafka-producer-network-thread | customer-service-producer-1] WARN  customer-service [o.apache.kafka.clients.NetworkClient] - [Producer clientId=customer-service-producer-1] Connection to node -1 (localhost/127.0.0.1:9092) could not be established. Node may not be available.
2026-08-28 20:06:55.077 [kafka-producer-network-thread | customer-service-producer-1] WARN  customer-service [o.apache.kafka.clients.NetworkClient] - [Producer clientId=customer-service-producer-1] Bootstrap broker localhost:9092 (id: -1 rack: null) disconnected
2026-08-28 20:06:55.991 [kafka-producer-network-thread | customer-service-producer-1] INFO  customer-service [o.apache.kafka.clients.NetworkClient] - [Producer clientId=customer-service-producer-1] Node -1 disconnected.
2026-08-28 20:06:55.992 [kafka-producer-network-thread | customer-service-producer-1] WARN  customer-service [o.apache.kafka.clients.NetworkClient] - [Producer clientId=customer-service-producer-1] Connection to node -1 (localhost/127.0.0.1:9092) could not be established. Node may not be available.
2026-08-28 20:06:55.992 [kafka-producer-network-thread | customer-service-producer-1] WARN  customer-service [o.apache.kafka.clients.NetworkClient] - [Producer clientId=customer-service-producer-1] Bootstrap broker localhost:9092 (id: -1 rack: null) disconnected
2026-08-28 20:06:57.013 [kafka-producer-network-thread | customer-service-producer-1] INFO  customer-service [o.apache.kafka.clients.NetworkClient] - [Producer clientId=customer-service-producer-1] Node -1 disconnected.
2026-08-28 20:06:57.014 [kafka-producer-network-thread | customer-service-producer-1] WARN  customer-service [o.apache.kafka.clients.NetworkClient] - [Producer clientId=customer-service-producer-1] Connection to node -1 (localhost/127.0.0.1:9092) could not be established. Node may not be available.
2026-08-28 20:06:57.014 [kafka-producer-network-thread | customer-service-producer-1] WARN  customer-service [o.apache.kafka.clients.NetworkClient] - [Producer clientId=customer-service-producer-1] Bootstrap broker localhost:9092 (id: -1 rack: null) disconnected
2026-08-28 20:06:57.928 [kafka-producer-network-thread | customer-service-producer-1] INFO  customer-service [o.apache.kafka.clients.NetworkClient] - [Producer clientId=customer-service-producer-1] Node -1 disconnected.
2026-08-28 20:06:57.928 [kafka-producer-network-thread | customer-service-producer-1] WARN  customer-service [o.apache.kafka.clients.NetworkClient] - [Producer clientId=customer-service-producer-1] Connection to node -1 (localhost/127.0.0.1:9092) could not be established. Node may not be available.
2026-08-28 20:06:57.928 [kafka-producer-network-thread | customer-service-producer-1] WARN  customer-service [o.apache.kafka.clients.NetworkClient] - [Producer clientId=customer-service-producer-1] Bootstrap broker localhost:9092 (id: -1 rack: null) disconnected
2026-08-28 20:06:58.939 [kafka-producer-network-thread | customer-service-producer-1] INFO  customer-service [o.apache.kafka.clients.NetworkClient] - [Producer clientId=customer-service-producer-1] Node -1 disconnected.
2026-08-28 20:06:58.939 [kafka-producer-network-thread | customer-service-producer-1] WARN  customer-service [o.apache.kafka.clients.NetworkClient] - [Producer clientId=customer-service-producer-1] Connection to node -1 (localhost/127.0.0.1:9092) could not be established. Node may not be available.
2026-08-28 20:06:58.939 [kafka-producer-network-thread | customer-service-producer-1] WARN  customer-service [o.apache.kafka.clients.NetworkClient] - [Producer clientId=customer-service-producer-1] Bootstrap broker localhost:9092 (id: -1 rack: null) disconnected
2026-08-28 20:06:59.900 [kafka-producer-network-thread | customer-service-producer-1] INFO  customer-service [o.apache.kafka.clients.NetworkClient] - [Producer clientId=customer-service-producer-1] Node -1 disconnected.
2026-08-28 20:06:59.900 [kafka-producer-network-thread | customer-service-producer-1] WARN  customer-service [o.apache.kafka.clients.NetworkClient] - [Producer clientId=customer-service-producer-1] Connection to node -1 (localhost/127.0.0.1:9092) could not be established. Node may not be available.
2026-08-28 20:06:59.900 [kafka-producer-network-thread | customer-service-producer-1] WARN  customer-service [o.apache.kafka.clients.NetworkClient] - [Producer clientId=customer-service-producer-1] Bootstrap broker localhost:9092 (id: -1 rack: null) disconnected
2026-08-28 20:07:00.915 [kafka-producer-network-thread | customer-service-producer-1] INFO  customer-service [o.apache.kafka.clients.NetworkClient] - [Producer clientId=customer-service-producer-1] Node -1 disconnected.
2026-08-28 20:07:00.915 [kafka-producer-network-thread | customer-service-producer-1] WARN  customer-service [o.apache.kafka.clients.NetworkClient] - [Producer clientId=customer-service-producer-1] Connection to node -1 (localhost/127.0.0.1:9092) could not be established. Node may not be available.
2026-08-28 20:07:00.915 [kafka-producer-network-thread | customer-service-producer-1] WARN  customer-service [o.apache.kafka.clients.NetworkClient] - [Producer clientId=customer-service-producer-1] Bootstrap broker localhost:9092 (id: -1 rack: null) disconnected
2026-08-28 20:07:01.729 [kafka-producer-network-thread | customer-service-producer-1] INFO  customer-service [o.apache.kafka.clients.NetworkClient] - [Producer clientId=customer-service-producer-1] Node -1 disconnected.
2026-08-28 20:07:01.729 [kafka-producer-network-thread | customer-service-producer-1] WARN  customer-service [o.apache.kafka.clients.NetworkClient] - [Producer clientId=customer-service-producer-1] Connection to node -1 (localhost/127.0.0.1:9092) could not be established. Node may not be available.
2026-08-28 20:07:01.729 [kafka-producer-network-thread | customer-service-producer-1] WARN  customer-service [o.apache.kafka.clients.NetworkClient] - [Producer clientId=customer-service-producer-1] Bootstrap broker localhost:9092 (id: -1 rack: null) disconnected
2026-08-28 20:07:02.774 [kafka-producer-network-thread | customer-service-producer-1] INFO  customer-service [o.apache.kafka.clients.NetworkClient] - [Producer clientId=customer-service-producer-1] Node -1 disconnected.
2026-08-28 20:07:02.775 [kafka-producer-network-thread | customer-service-producer-1] WARN  customer-service [o.apache.kafka.clients.NetworkClient] - [Producer clientId=customer-service-producer-1] Connection to node -1 (localhost/127.0.0.1:9092) could not be established. Node may not be available.
2026-08-28 20:07:02.775 [kafka-producer-network-thread | customer-service-producer-1] WARN  customer-service [o.apache.kafka.clients.NetworkClient] - [Producer clientId=customer-service-producer-1] Bootstrap broker localhost:9092 (id: -1 rack: null) disconnected
2026-08-28 20:07:03.775 [kafka-producer-network-thread | customer-service-producer-1] INFO  customer-service [o.apache.kafka.clients.NetworkClient] - [Producer clientId=customer-service-producer-1] Node -1 disconnected.
2026-08-28 20:07:03.776 [kafka-producer-network-thread | customer-service-producer-1] WARN  customer-service [o.apache.kafka.clients.NetworkClient] - [Producer clientId=customer-service-producer-1] Connection to node -1 (localhost/127.0.0.1:9092) could not be established. Node may not be available.
2026-08-28 20:07:03.776 [kafka-producer-network-thread | customer-service-producer-1] WARN  customer-service [o.apache.kafka.clients.NetworkClient] - [Producer clientId=customer-service-producer-1] Bootstrap broker localhost:9092 (id: -1 rack: null) disconnected
2026-08-28 20:07:04.785 [kafka-producer-network-thread | customer-service-producer-1] INFO  customer-service [o.apache.kafka.clients.NetworkClient] - [Producer clientId=customer-service-producer-1] Node -1 disconnected.
2026-08-28 20:07:04.786 [kafka-producer-network-thread | customer-service-producer-1] WARN  customer-service [o.apache.kafka.clients.NetworkClient] - [Producer clientId=customer-service-producer-1] Connection to node -1 (localhost/127.0.0.1:9092) could not be established. Node may not be available.
2026-08-28 20:07:04.786 [kafka-producer-network-thread | customer-service-producer-1] WARN  customer-service [o.apache.kafka.clients.NetworkClient] - [Producer clientId=customer-service-producer-1] Bootstrap broker localhost:9092 (id: -1 rack: null) disconnected
2026-08-28 20:07:05.786 [kafka-producer-network-thread | customer-service-producer-1] INFO  customer-service [o.apache.kafka.clients.NetworkClient] - [Producer clientId=customer-service-producer-1] Node -1 disconnected.
2026-08-28 20:07:05.786 [kafka-producer-network-thread | customer-service-producer-1] WARN  customer-service [o.apache.kafka.clients.NetworkClient] - [Producer clientId=customer-service-producer-1] Connection to node -1 (localhost/127.0.0.1:9092) could not be established. Node may not be available.
2026-08-28 20:07:05.787 [kafka-producer-network-thread | customer-service-producer-1] WARN  customer-service [o.apache.kafka.clients.NetworkClient] - [Producer clientId=customer-service-producer-1] Bootstrap broker localhost:9092 (id: -1 rack: null) disconnected
2026-08-28 20:07:06.694 [kafka-producer-network-thread | customer-service-producer-1] INFO  customer-service [o.apache.kafka.clients.NetworkClient] - [Producer clientId=customer-service-producer-1] Node -1 disconnected.
2026-08-28 20:07:06.694 [kafka-producer-network-thread | customer-service-producer-1] WARN  customer-service [o.apache.kafka.clients.NetworkClient] - [Producer clientId=customer-service-producer-1] Connection to node -1 (localhost/127.0.0.1:9092) could not be established. Node may not be available.
2026-08-28 20:07:06.696 [kafka-producer-network-thread | customer-service-producer-1] WARN  customer-service [o.apache.kafka.clients.NetworkClient] - [Producer clientId=customer-service-producer-1] Bootstrap broker localhost:9092 (id: -1 rack: null) disconnected
2026-08-28 20:07:07.705 [kafka-producer-network-thread | customer-service-producer-1] INFO  customer-service [o.apache.kafka.clients.NetworkClient] - [Producer clientId=customer-service-producer-1] Node -1 disconnected.
2026-08-28 20:07:07.706 [kafka-producer-network-thread | customer-service-producer-1] WARN  customer-service [o.apache.kafka.clients.NetworkClient] - [Producer clientId=customer-service-producer-1] Connection to node -1 (localhost/127.0.0.1:9092) could not be established. Node may not be available.
2026-08-28 20:07:07.706 [kafka-producer-network-thread | customer-service-producer-1] WARN  customer-service [o.apache.kafka.clients.NetworkClient] - [Producer clientId=customer-service-producer-1] Bootstrap broker localhost:9092 (id: -1 rack: null) disconnected
2026-08-28 20:07:08.707 [kafka-producer-network-thread | customer-service-producer-1] INFO  customer-service [o.apache.kafka.clients.NetworkClient] - [Producer clientId=customer-service-producer-1] Node -1 disconnected.
2026-08-28 20:07:08.708 [kafka-producer-network-thread | customer-service-producer-1] WARN  customer-service [o.apache.kafka.clients.NetworkClient] - [Producer clientId=customer-service-producer-1] Connection to node -1 (localhost/127.0.0.1:9092) could not be established. Node may not be available.
2026-08-28 20:07:08.709 [kafka-producer-network-thread | customer-service-producer-1] WARN  customer-service [o.apache.kafka.clients.NetworkClient] - [Producer clientId=customer-service-producer-1] Bootstrap broker localhost:9092 (id: -1 rack: null) disconnected
2026-08-28 20:07:09.709 [kafka-producer-network-thread | customer-service-producer-1] INFO  customer-service [o.apache.kafka.clients.NetworkClient] - [Producer clientId=customer-service-producer-1] Node -1 disconnected.
2026-08-28 20:07:09.709 [kafka-producer-network-thread | customer-service-producer-1] WARN  customer-service [o.apache.kafka.clients.NetworkClient] - [Producer clientId=customer-service-producer-1] Connection to node -1 (localhost/127.0.0.1:9092) could not be established. Node may not be available.
2026-08-28 20:07:09.710 [kafka-producer-network-thread | customer-service-producer-1] WARN  customer-service [o.apache.kafka.clients.NetworkClient] - [Producer clientId=customer-service-producer-1] Bootstrap broker localhost:9092 (id: -1 rack: null) disconnected
2026-08-28 20:07:10.711 [kafka-producer-network-thread | customer-service-producer-1] INFO  customer-service [o.apache.kafka.clients.NetworkClient] - [Producer clientId=customer-service-producer-1] Node -1 disconnected.
2026-08-28 20:07:10.711 [kafka-producer-network-thread | customer-service-producer-1] WARN  customer-service [o.apache.kafka.clients.NetworkClient] - [Producer clientId=customer-service-producer-1] Connection to node -1 (localhost/127.0.0.1:9092) could not be established. Node may not be available.
2026-08-28 20:07:10.711 [kafka-producer-network-thread | customer-service-producer-1] WARN  customer-service [o.apache.kafka.clients.NetworkClient] - [Producer clientId=customer-service-producer-1] Bootstrap broker localhost:9092 (id: -1 rack: null) disconnected
2026-08-28 20:07:11.757 [kafka-producer-network-thread | customer-service-producer-1] INFO  customer-service [o.apache.kafka.clients.NetworkClient] - [Producer clientId=customer-service-producer-1] Node -1 disconnected.
2026-08-28 20:07:11.758 [kafka-producer-network-thread | customer-service-producer-1] WARN  customer-service [o.apache.kafka.clients.NetworkClient] - [Producer clientId=customer-service-producer-1] Connection to node -1 (localhost/127.0.0.1:9092) could not be established. Node may not be available.
2026-08-28 20:07:11.758 [kafka-producer-network-thread | customer-service-producer-1] WARN  customer-service [o.apache.kafka.clients.NetworkClient] - [Producer clientId=customer-service-producer-1] Bootstrap broker localhost:9092 (id: -1 rack: null) disconnected
2026-08-28 20:07:12.758 [kafka-producer-network-thread | customer-service-producer-1] INFO  customer-service [o.apache.kafka.clients.NetworkClient] - [Producer clientId=customer-service-producer-1] Node -1 disconnected.
2026-08-28 20:07:12.759 [kafka-producer-network-thread | customer-service-producer-1] WARN  customer-service [o.apache.kafka.clients.NetworkClient] - [Producer clientId=customer-service-producer-1] Connection to node -1 (localhost/127.0.0.1:9092) could not be established. Node may not be available.
2026-08-28 20:07:12.759 [kafka-producer-network-thread | customer-service-producer-1] WARN  customer-service [o.apache.kafka.clients.NetworkClient] - [Producer clientId=customer-service-producer-1] Bootstrap broker localhost:9092 (id: -1 rack: null) disconnected
2026-08-28 20:07:13.764 [kafka-producer-network-thread | customer-service-producer-1] INFO  customer-service [o.apache.kafka.clients.NetworkClient] - [Producer clientId=customer-service-producer-1] Node -1 disconnected.
2026-08-28 20:07:13.765 [kafka-producer-network-thread | customer-service-producer-1] WARN  customer-service [o.apache.kafka.clients.NetworkClient] - [Producer clientId=customer-service-producer-1] Connection to node -1 (localhost/127.0.0.1:9092) could not be established. Node may not be available.
2026-08-28 20:07:13.765 [kafka-producer-network-thread | customer-service-producer-1] WARN  customer-service [o.apache.kafka.clients.NetworkClient] - [Producer clientId=customer-service-producer-1] Bootstrap broker localhost:9092 (id: -1 rack: null) disconnected
2026-08-28 20:07:14.715 [kafka-producer-network-thread | customer-service-producer-1] INFO  customer-service [o.apache.kafka.clients.NetworkClient] - [Producer clientId=customer-service-producer-1] Node -1 disconnected.
2026-08-28 20:07:14.716 [kafka-producer-network-thread | customer-service-producer-1] WARN  customer-service [o.apache.kafka.clients.NetworkClient] - [Producer clientId=customer-service-producer-1] Connection to node -1 (localhost/127.0.0.1:9092) could not be established. Node may not be available.
2026-08-28 20:07:14.716 [kafka-producer-network-thread | customer-service-producer-1] WARN  customer-service [o.apache.kafka.clients.NetworkClient] - [Producer clientId=customer-service-producer-1] Bootstrap broker localhost:9092 (id: -1 rack: null) disconnected
2026-08-28 20:07:15.723 [kafka-producer-network-thread | customer-service-producer-1] INFO  customer-service [o.apache.kafka.clients.NetworkClient] - [Producer clientId=customer-service-producer-1] Node -1 disconnected.
2026-08-28 20:07:15.724 [kafka-producer-network-thread | customer-service-producer-1] WARN  customer-service [o.apache.kafka.clients.NetworkClient] - [Producer clientId=customer-service-producer-1] Connection to node -1 (localhost/127.0.0.1:9092) could not be established. Node may not be available.
2026-08-28 20:07:15.725 [kafka-producer-network-thread | customer-service-producer-1] WARN  customer-service [o.apache.kafka.clients.NetworkClient] - [Producer clientId=customer-service-producer-1] Bootstrap broker localhost:9092 (id: -1 rack: null) disconnected
2026-08-28 20:07:16.725 [kafka-producer-network-thread | customer-service-producer-1] INFO  customer-service [o.apache.kafka.clients.NetworkClient] - [Producer clientId=customer-service-producer-1] Node -1 disconnected.
2026-08-28 20:07:16.725 [kafka-producer-network-thread | customer-service-producer-1] WARN  customer-service [o.apache.kafka.clients.NetworkClient] - [Producer clientId=customer-service-producer-1] Connection to node -1 (localhost/127.0.0.1:9092) could not be established. Node may not be available.
2026-08-28 20:07:16.726 [kafka-producer-network-thread | customer-service-producer-1] WARN  customer-service [o.apache.kafka.clients.NetworkClient] - [Producer clientId=customer-service-producer-1] Bootstrap broker localhost:9092 (id: -1 rack: null) disconnected
2026-08-28 20:07:17.585 [kafka-producer-network-thread | customer-service-producer-1] INFO  customer-service [o.apache.kafka.clients.NetworkClient] - [Producer clientId=customer-service-producer-1] Node -1 disconnected.
2026-08-28 20:07:17.586 [kafka-producer-network-thread | customer-service-producer-1] WARN  customer-service [o.apache.kafka.clients.NetworkClient] - [Producer clientId=customer-service-producer-1] Connection to node -1 (localhost/127.0.0.1:9092) could not be established. Node may not be available.
2026-08-28 20:07:17.586 [kafka-producer-network-thread | customer-service-producer-1] WARN  customer-service [o.apache.kafka.clients.NetworkClient] - [Producer clientId=customer-service-producer-1] Bootstrap broker localhost:9092 (id: -1 rack: null) disconnected
2026-08-28 20:07:18.596 [kafka-producer-network-thread | customer-service-producer-1] INFO  customer-service [o.apache.kafka.clients.NetworkClient] - [Producer clientId=customer-service-producer-1] Node -1 disconnected.
2026-08-28 20:07:18.597 [kafka-producer-network-thread | customer-service-producer-1] WARN  customer-service [o.apache.kafka.clients.NetworkClient] - [Producer clientId=customer-service-producer-1] Connection to node -1 (localhost/127.0.0.1:9092) could not be established. Node may not be available.
2026-08-28 20:07:18.597 [kafka-producer-network-thread | customer-service-producer-1] WARN  customer-service [o.apache.kafka.clients.NetworkClient] - [Producer clientId=customer-service-producer-1] Bootstrap broker localhost:9092 (id: -1 rack: null) disconnected
2026-08-28 20:07:19.453 [kafka-producer-network-thread | customer-service-producer-1] INFO  customer-service [o.apache.kafka.clients.NetworkClient] - [Producer clientId=customer-service-producer-1] Node -1 disconnected.
2026-08-28 20:07:19.454 [kafka-producer-network-thread | customer-service-producer-1] WARN  customer-service [o.apache.kafka.clients.NetworkClient] - [Producer clientId=customer-service-producer-1] Connection to node -1 (localhost/127.0.0.1:9092) could not be established. Node may not be available.
2026-08-28 20:07:19.454 [kafka-producer-network-thread | customer-service-producer-1] WARN  customer-service [o.apache.kafka.clients.NetworkClient] - [Producer clientId=customer-service-producer-1] Bootstrap broker localhost:9092 (id: -1 rack: null) disconnected
2026-08-28 20:07:20.417 [kafka-producer-network-thread | customer-service-producer-1] INFO  customer-service [o.apache.kafka.clients.NetworkClient] - [Producer clientId=customer-service-producer-1] Node -1 disconnected.
2026-08-28 20:07:20.418 [kafka-producer-network-thread | customer-service-producer-1] WARN  customer-service [o.apache.kafka.clients.NetworkClient] - [Producer clientId=customer-service-producer-1] Connection to node -1 (localhost/127.0.0.1:9092) could not be established. Node may not be available.
2026-08-28 20:07:20.418 [kafka-producer-network-thread | customer-service-producer-1] WARN  customer-service [o.apache.kafka.clients.NetworkClient] - [Producer clientId=customer-service-producer-1] Bootstrap broker localhost:9092 (id: -1 rack: null) disconnected
2026-08-28 20:07:21.227 [kafka-producer-network-thread | customer-service-producer-1] INFO  customer-service [o.apache.kafka.clients.NetworkClient] - [Producer clientId=customer-service-producer-1] Node -1 disconnected.
2026-08-28 20:07:21.227 [kafka-producer-network-thread | customer-service-producer-1] WARN  customer-service [o.apache.kafka.clients.NetworkClient] - [Producer clientId=customer-service-producer-1] Connection to node -1 (localhost/127.0.0.1:9092) could not be established. Node may not be available.
2026-08-28 20:07:21.227 [kafka-producer-network-thread | customer-service-producer-1] WARN  customer-service [o.apache.kafka.clients.NetworkClient] - [Producer clientId=customer-service-producer-1] Bootstrap broker localhost:9092 (id: -1 rack: null) disconnected
2026-08-28 20:07:22.239 [kafka-producer-network-thread | customer-service-producer-1] INFO  customer-service [o.apache.kafka.clients.NetworkClient] - [Producer clientId=customer-service-producer-1] Node -1 disconnected.
2026-08-28 20:07:22.239 [kafka-producer-network-thread | customer-service-producer-1] WARN  customer-service [o.apache.kafka.clients.NetworkClient] - [Producer clientId=customer-service-producer-1] Connection to node -1 (localhost/127.0.0.1:9092) could not be established. Node may not be available.
2026-08-28 20:07:22.239 [kafka-producer-network-thread | customer-service-producer-1] WARN  customer-service [o.apache.kafka.clients.NetworkClient] - [Producer clientId=customer-service-producer-1] Bootstrap broker localhost:9092 (id: -1 rack: null) disconnected
2026-08-28 20:07:23.241 [kafka-producer-network-thread | customer-service-producer-1] INFO  customer-service [o.apache.kafka.clients.NetworkClient] - [Producer clientId=customer-service-producer-1] Node -1 disconnected.
2026-08-28 20:07:23.241 [kafka-producer-network-thread | customer-service-producer-1] WARN  customer-service [o.apache.kafka.clients.NetworkClient] - [Producer clientId=customer-service-producer-1] Connection to node -1 (localhost/127.0.0.1:9092) could not be established. Node may not be available.
2026-08-28 20:07:23.241 [kafka-producer-network-thread | customer-service-producer-1] WARN  customer-service [o.apache.kafka.clients.NetworkClient] - [Producer clientId=customer-service-producer-1] Bootstrap broker localhost:9092 (id: -1 rack: null) disconnected
2026-08-28 20:07:24.120 [kafka-producer-network-thread | customer-service-producer-1] INFO  customer-service [o.apache.kafka.clients.NetworkClient] - [Producer clientId=customer-service-producer-1] Node -1 disconnected.
2026-08-28 20:07:24.121 [kafka-producer-network-thread | customer-service-producer-1] WARN  customer-service [o.apache.kafka.clients.NetworkClient] - [Producer clientId=customer-service-producer-1] Connection to node -1 (localhost/127.0.0.1:9092) could not be established. Node may not be available.
2026-08-28 20:07:24.121 [kafka-producer-network-thread | customer-service-producer-1] WARN  customer-service [o.apache.kafka.clients.NetworkClient] - [Producer clientId=customer-service-producer-1] Bootstrap broker localhost:9092 (id: -1 rack: null) disconnected
2026-08-28 20:07:25.160 [kafka-producer-network-thread | customer-service-producer-1] INFO  customer-service [o.apache.kafka.clients.NetworkClient] - [Producer clientId=customer-service-producer-1] Node -1 disconnected.
2026-08-28 20:07:25.160 [kafka-producer-network-thread | customer-service-producer-1] WARN  customer-service [o.apache.kafka.clients.NetworkClient] - [Producer clientId=customer-service-producer-1] Connection to node -1 (localhost/127.0.0.1:9092) could not be established. Node may not be available.
2026-08-28 20:07:25.160 [kafka-producer-network-thread | customer-service-producer-1] WARN  customer-service [o.apache.kafka.clients.NetworkClient] - [Producer clientId=customer-service-producer-1] Bootstrap broker localhost:9092 (id: -1 rack: null) disconnected
2026-08-28 20:07:26.024 [kafka-producer-network-thread | customer-service-producer-1] INFO  customer-service [o.apache.kafka.clients.NetworkClient] - [Producer clientId=customer-service-producer-1] Node -1 disconnected.
2026-08-28 20:07:26.024 [kafka-producer-network-thread | customer-service-producer-1] WARN  customer-service [o.apache.kafka.clients.NetworkClient] - [Producer clientId=customer-service-producer-1] Connection to node -1 (localhost/127.0.0.1:9092) could not be established. Node may not be available.
2026-08-28 20:07:26.024 [kafka-producer-network-thread | customer-service-producer-1] WARN  customer-service [o.apache.kafka.clients.NetworkClient] - [Producer clientId=customer-service-producer-1] Bootstrap broker localhost:9092 (id: -1 rack: null) disconnected
2026-08-28 20:07:27.035 [kafka-producer-network-thread | customer-service-producer-1] INFO  customer-service [o.apache.kafka.clients.NetworkClient] - [Producer clientId=customer-service-producer-1] Node -1 disconnected.
2026-08-28 20:07:27.035 [kafka-producer-network-thread | customer-service-producer-1] WARN  customer-service [o.apache.kafka.clients.NetworkClient] - [Producer clientId=customer-service-producer-1] Connection to node -1 (localhost/127.0.0.1:9092) could not be established. Node may not be available.
2026-08-28 20:07:27.035 [kafka-producer-network-thread | customer-service-producer-1] WARN  customer-service [o.apache.kafka.clients.NetworkClient] - [Producer clientId=customer-service-producer-1] Bootstrap broker localhost:9092 (id: -1 rack: null) disconnected
2026-08-28 20:07:28.053 [kafka-producer-network-thread | customer-service-producer-1] INFO  customer-service [o.apache.kafka.clients.NetworkClient] - [Producer clientId=customer-service-producer-1] Node -1 disconnected.
2026-08-28 20:07:28.054 [kafka-producer-network-thread | customer-service-producer-1] WARN  customer-service [o.apache.kafka.clients.NetworkClient] - [Producer clientId=customer-service-producer-1] Connection to node -1 (localhost/127.0.0.1:9092) could not be established. Node may not be available.
2026-08-28 20:07:28.054 [kafka-producer-network-thread | customer-service-producer-1] WARN  customer-service [o.apache.kafka.clients.NetworkClient] - [Producer clientId=customer-service-producer-1] Bootstrap broker localhost:9092 (id: -1 rack: null) disconnected
2026-08-28 20:07:29.053 [kafka-producer-network-thread | customer-service-producer-1] INFO  customer-service [o.apache.kafka.clients.NetworkClient] - [Producer clientId=customer-service-producer-1] Node -1 disconnected.
2026-08-28 20:07:29.053 [kafka-producer-network-thread | customer-service-producer-1] WARN  customer-service [o.apache.kafka.clients.NetworkClient] - [Producer clientId=customer-service-producer-1] Connection to node -1 (localhost/127.0.0.1:9092) could not be established. Node may not be available.
2026-08-28 20:07:29.054 [kafka-producer-network-thread | customer-service-producer-1] WARN  customer-service [o.apache.kafka.clients.NetworkClient] - [Producer clientId=customer-service-producer-1] Bootstrap broker localhost:9092 (id: -1 rack: null) disconnected
2026-08-28 20:07:30.057 [kafka-producer-network-thread | customer-service-producer-1] INFO  customer-service [o.apache.kafka.clients.NetworkClient] - [Producer clientId=customer-service-producer-1] Node -1 disconnected.
2026-08-28 20:07:30.061 [kafka-producer-network-thread | customer-service-producer-1] WARN  customer-service [o.apache.kafka.clients.NetworkClient] - [Producer clientId=customer-service-producer-1] Connection to node -1 (localhost/127.0.0.1:9092) could not be established. Node may not be available.
2026-08-28 20:07:30.061 [kafka-producer-network-thread | customer-service-producer-1] WARN  customer-service [o.apache.kafka.clients.NetworkClient] - [Producer clientId=customer-service-producer-1] Bootstrap broker localhost:9092 (id: -1 rack: null) disconnected
2026-08-28 20:07:30.980 [kafka-producer-network-thread | customer-service-producer-1] INFO  customer-service [o.apache.kafka.clients.NetworkClient] - [Producer clientId=customer-service-producer-1] Node -1 disconnected.
2026-08-28 20:07:30.980 [kafka-producer-network-thread | customer-service-producer-1] WARN  customer-service [o.apache.kafka.clients.NetworkClient] - [Producer clientId=customer-service-producer-1] Connection to node -1 (localhost/127.0.0.1:9092) could not be established. Node may not be available.
2026-08-28 20:07:30.981 [kafka-producer-network-thread | customer-service-producer-1] WARN  customer-service [o.apache.kafka.clients.NetworkClient] - [Producer clientId=customer-service-producer-1] Bootstrap broker localhost:9092 (id: -1 rack: null) disconnected
2026-08-28 20:07:31.982 [kafka-producer-network-thread | customer-service-producer-1] INFO  customer-service [o.apache.kafka.clients.NetworkClient] - [Producer clientId=customer-service-producer-1] Node -1 disconnected.
2026-08-28 20:07:31.982 [kafka-producer-network-thread | customer-service-producer-1] WARN  customer-service [o.apache.kafka.clients.NetworkClient] - [Producer clientId=customer-service-producer-1] Connection to node -1 (localhost/127.0.0.1:9092) could not be established. Node may not be available.
2026-08-28 20:07:31.982 [kafka-producer-network-thread | customer-service-producer-1] WARN  customer-service [o.apache.kafka.clients.NetworkClient] - [Producer clientId=customer-service-producer-1] Bootstrap broker localhost:9092 (id: -1 rack: null) disconnected
2026-08-28 20:07:32.983 [kafka-producer-network-thread | customer-service-producer-1] INFO  customer-service [o.apache.kafka.clients.NetworkClient] - [Producer clientId=customer-service-producer-1] Node -1 disconnected.
2026-08-28 20:07:32.984 [kafka-producer-network-thread | customer-service-producer-1] WARN  customer-service [o.apache.kafka.clients.NetworkClient] - [Producer clientId=customer-service-producer-1] Connection to node -1 (localhost/127.0.0.1:9092) could not be established. Node may not be available.
2026-08-28 20:07:32.984 [kafka-producer-network-thread | customer-service-producer-1] WARN  customer-service [o.apache.kafka.clients.NetworkClient] - [Producer clientId=customer-service-producer-1] Bootstrap broker localhost:9092 (id: -1 rack: null) disconnected
2026-08-28 20:07:33.990 [kafka-producer-network-thread | customer-service-producer-1] INFO  customer-service [o.apache.kafka.clients.NetworkClient] - [Producer clientId=customer-service-producer-1] Node -1 disconnected.
2026-08-28 20:07:33.990 [kafka-producer-network-thread | customer-service-producer-1] WARN  customer-service [o.apache.kafka.clients.NetworkClient] - [Producer clientId=customer-service-producer-1] Connection to node -1 (localhost/127.0.0.1:9092) could not be established. Node may not be available.
2026-08-28 20:07:33.990 [kafka-producer-network-thread | customer-service-producer-1] WARN  customer-service [o.apache.kafka.clients.NetworkClient] - [Producer clientId=customer-service-producer-1] Bootstrap broker localhost:9092 (id: -1 rack: null) disconnected
2026-08-28 20:07:34.951 [kafka-producer-network-thread | customer-service-producer-1] INFO  customer-service [o.apache.kafka.clients.NetworkClient] - [Producer clientId=customer-service-producer-1] Node -1 disconnected.
2026-08-28 20:07:34.952 [kafka-producer-network-thread | customer-service-producer-1] WARN  customer-service [o.apache.kafka.clients.NetworkClient] - [Producer clientId=customer-service-producer-1] Connection to node -1 (localhost/127.0.0.1:9092) could not be established. Node may not be available.
2026-08-28 20:07:34.952 [kafka-producer-network-thread | customer-service-producer-1] WARN  customer-service [o.apache.kafka.clients.NetworkClient] - [Producer clientId=customer-service-producer-1] Bootstrap broker localhost:9092 (id: -1 rack: null) disconnected
2026-08-28 20:07:35.971 [kafka-producer-network-thread | customer-service-producer-1] INFO  customer-service [o.apache.kafka.clients.NetworkClient] - [Producer clientId=customer-service-producer-1] Node -1 disconnected.
2026-08-28 20:07:35.975 [kafka-producer-network-thread | customer-service-producer-1] WARN  customer-service [o.apache.kafka.clients.NetworkClient] - [Producer clientId=customer-service-producer-1] Connection to node -1 (localhost/127.0.0.1:9092) could not be established. Node may not be available.
2026-08-28 20:07:35.975 [kafka-producer-network-thread | customer-service-producer-1] WARN  customer-service [o.apache.kafka.clients.NetworkClient] - [Producer clientId=customer-service-producer-1] Bootstrap broker localhost:9092 (id: -1 rack: null) disconnected
2026-08-28 20:07:36.986 [kafka-producer-network-thread | customer-service-producer-1] INFO  customer-service [o.apache.kafka.clients.NetworkClient] - [Producer clientId=customer-service-producer-1] Node -1 disconnected.
2026-08-28 20:07:36.987 [kafka-producer-network-thread | customer-service-producer-1] WARN  customer-service [o.apache.kafka.clients.NetworkClient] - [Producer clientId=customer-service-producer-1] Connection to node -1 (localhost/127.0.0.1:9092) could not be established. Node may not be available.
2026-08-28 20:07:36.987 [kafka-producer-network-thread | customer-service-producer-1] WARN  customer-service [o.apache.kafka.clients.NetworkClient] - [Producer clientId=customer-service-producer-1] Bootstrap broker localhost:9092 (id: -1 rack: null) disconnected
2026-08-28 20:07:37.844 [kafka-producer-network-thread | customer-service-producer-1] INFO  customer-service [o.apache.kafka.clients.NetworkClient] - [Producer clientId=customer-service-producer-1] Node -1 disconnected.
2026-08-28 20:07:37.844 [kafka-producer-network-thread | customer-service-producer-1] WARN  customer-service [o.apache.kafka.clients.NetworkClient] - [Producer clientId=customer-service-producer-1] Connection to node -1 (localhost/127.0.0.1:9092) could not be established. Node may not be available.
2026-08-28 20:07:37.845 [kafka-producer-network-thread | customer-service-producer-1] WARN  customer-service [o.apache.kafka.clients.NetworkClient] - [Producer clientId=customer-service-producer-1] Bootstrap broker localhost:9092 (id: -1 rack: null) disconnected
2026-08-28 20:07:38.893 [kafka-producer-network-thread | customer-service-producer-1] INFO  customer-service [o.apache.kafka.clients.NetworkClient] - [Producer clientId=customer-service-producer-1] Node -1 disconnected.
2026-08-28 20:07:38.893 [kafka-producer-network-thread | customer-service-producer-1] WARN  customer-service [o.apache.kafka.clients.NetworkClient] - [Producer clientId=customer-service-producer-1] Connection to node -1 (localhost/127.0.0.1:9092) could not be established. Node may not be available.
2026-08-28 20:07:38.893 [kafka-producer-network-thread | customer-service-producer-1] WARN  customer-service [o.apache.kafka.clients.NetworkClient] - [Producer clientId=customer-service-producer-1] Bootstrap broker localhost:9092 (id: -1 rack: null) disconnected
2026-08-28 20:07:39.894 [kafka-producer-network-thread | customer-service-producer-1] INFO  customer-service [o.apache.kafka.clients.NetworkClient] - [Producer clientId=customer-service-producer-1] Node -1 disconnected.
2026-08-28 20:07:39.895 [kafka-producer-network-thread | customer-service-producer-1] WARN  customer-service [o.apache.kafka.clients.NetworkClient] - [Producer clientId=customer-service-producer-1] Connection to node -1 (localhost/127.0.0.1:9092) could not be established. Node may not be available.
2026-08-28 20:07:39.895 [kafka-producer-network-thread | customer-service-producer-1] WARN  customer-service [o.apache.kafka.clients.NetworkClient] - [Producer clientId=customer-service-producer-1] Bootstrap broker localhost:9092 (id: -1 rack: null) disconnected
2026-08-28 20:07:40.938 [kafka-producer-network-thread | customer-service-producer-1] INFO  customer-service [o.apache.kafka.clients.NetworkClient] - [Producer clientId=customer-service-producer-1] Node -1 disconnected.
2026-08-28 20:07:40.939 [kafka-producer-network-thread | customer-service-producer-1] WARN  customer-service [o.apache.kafka.clients.NetworkClient] - [Producer clientId=customer-service-producer-1] Connection to node -1 (localhost/127.0.0.1:9092) could not be established. Node may not be available.
2026-08-28 20:07:40.939 [kafka-producer-network-thread | customer-service-producer-1] WARN  customer-service [o.apache.kafka.clients.NetworkClient] - [Producer clientId=customer-service-producer-1] Bootstrap broker localhost:9092 (id: -1 rack: null) disconnected
2026-08-28 20:07:41.796 [kafka-producer-network-thread | customer-service-producer-1] INFO  customer-service [o.apache.kafka.clients.NetworkClient] - [Producer clientId=customer-service-producer-1] Node -1 disconnected.
2026-08-28 20:07:41.797 [kafka-producer-network-thread | customer-service-producer-1] WARN  customer-service [o.apache.kafka.clients.NetworkClient] - [Producer clientId=customer-service-producer-1] Connection to node -1 (localhost/127.0.0.1:9092) could not be established. Node may not be available.
2026-08-28 20:07:41.797 [kafka-producer-network-thread | customer-service-producer-1] WARN  customer-service [o.apache.kafka.clients.NetworkClient] - [Producer clientId=customer-service-producer-1] Bootstrap broker localhost:9092 (id: -1 rack: null) disconnected
2026-08-28 20:07:42.799 [kafka-producer-network-thread | customer-service-producer-1] INFO  customer-service [o.apache.kafka.clients.NetworkClient] - [Producer clientId=customer-service-producer-1] Node -1 disconnected.
2026-08-28 20:07:42.799 [kafka-producer-network-thread | customer-service-producer-1] WARN  customer-service [o.apache.kafka.clients.NetworkClient] - [Producer clientId=customer-service-producer-1] Connection to node -1 (localhost/127.0.0.1:9092) could not be established. Node may not be available.
2026-08-28 20:07:42.799 [kafka-producer-network-thread | customer-service-producer-1] WARN  customer-service [o.apache.kafka.clients.NetworkClient] - [Producer clientId=customer-service-producer-1] Bootstrap broker localhost:9092 (id: -1 rack: null) disconnected
2026-08-28 20:07:43.801 [kafka-producer-network-thread | customer-service-producer-1] INFO  customer-service [o.apache.kafka.clients.NetworkClient] - [Producer clientId=customer-service-producer-1] Node -1 disconnected.
2026-08-28 20:07:43.804 [kafka-producer-network-thread | customer-service-producer-1] WARN  customer-service [o.apache.kafka.clients.NetworkClient] - [Producer clientId=customer-service-producer-1] Connection to node -1 (localhost/127.0.0.1:9092) could not be established. Node may not be available.
2026-08-28 20:07:43.806 [kafka-producer-network-thread | customer-service-producer-1] WARN  customer-service [o.apache.kafka.clients.NetworkClient] - [Producer clientId=customer-service-producer-1] Bootstrap broker localhost:9092 (id: -1 rack: null) disconnected
2026-08-28 20:07:44.804 [kafka-producer-network-thread | customer-service-producer-1] INFO  customer-service [o.apache.kafka.clients.NetworkClient] - [Producer clientId=customer-service-producer-1] Node -1 disconnected.
2026-08-28 20:07:44.805 [kafka-producer-network-thread | customer-service-producer-1] WARN  customer-service [o.apache.kafka.clients.NetworkClient] - [Producer clientId=customer-service-producer-1] Connection to node -1 (localhost/127.0.0.1:9092) could not be established. Node may not be available.
2026-08-28 20:07:44.805 [kafka-producer-network-thread | customer-service-producer-1] WARN  customer-service [o.apache.kafka.clients.NetworkClient] - [Producer clientId=customer-service-producer-1] Bootstrap broker localhost:9092 (id: -1 rack: null) disconnected
2026-08-28 20:07:45.814 [kafka-producer-network-thread | customer-service-producer-1] INFO  customer-service [o.apache.kafka.clients.NetworkClient] - [Producer clientId=customer-service-producer-1] Node -1 disconnected.
2026-08-28 20:07:45.815 [kafka-producer-network-thread | customer-service-producer-1] WARN  customer-service [o.apache.kafka.clients.NetworkClient] - [Producer clientId=customer-service-producer-1] Connection to node -1 (localhost/127.0.0.1:9092) could not be established. Node may not be available.
2026-08-28 20:07:45.815 [kafka-producer-network-thread | customer-service-producer-1] WARN  customer-service [o.apache.kafka.clients.NetworkClient] - [Producer clientId=customer-service-producer-1] Bootstrap broker localhost:9092 (id: -1 rack: null) disconnected
2026-08-28 20:07:46.816 [kafka-producer-network-thread | customer-service-producer-1] INFO  customer-service [o.apache.kafka.clients.NetworkClient] - [Producer clientId=customer-service-producer-1] Node -1 disconnected.
2026-08-28 20:07:46.816 [kafka-producer-network-thread | customer-service-producer-1] WARN  customer-service [o.apache.kafka.clients.NetworkClient] - [Producer clientId=customer-service-producer-1] Connection to node -1 (localhost/127.0.0.1:9092) could not be established. Node may not be available.
2026-08-28 20:07:46.816 [kafka-producer-network-thread | customer-service-producer-1] WARN  customer-service [o.apache.kafka.clients.NetworkClient] - [Producer clientId=customer-service-producer-1] Bootstrap broker localhost:9092 (id: -1 rack: null) disconnected
2026-08-28 20:07:47.724 [kafka-producer-network-thread | customer-service-producer-1] INFO  customer-service [o.apache.kafka.clients.NetworkClient] - [Producer clientId=customer-service-producer-1] Node -1 disconnected.
2026-08-28 20:07:47.725 [kafka-producer-network-thread | customer-service-producer-1] WARN  customer-service [o.apache.kafka.clients.NetworkClient] - [Producer clientId=customer-service-producer-1] Connection to node -1 (localhost/127.0.0.1:9092) could not be established. Node may not be available.
2026-08-28 20:07:47.725 [kafka-producer-network-thread | customer-service-producer-1] WARN  customer-service [o.apache.kafka.clients.NetworkClient] - [Producer clientId=customer-service-producer-1] Bootstrap broker localhost:9092 (id: -1 rack: null) disconnected
2026-08-28 20:07:48.734 [kafka-producer-network-thread | customer-service-producer-1] INFO  customer-service [o.apache.kafka.clients.NetworkClient] - [Producer clientId=customer-service-producer-1] Node -1 disconnected.
2026-08-28 20:07:48.734 [kafka-producer-network-thread | customer-service-producer-1] WARN  customer-service [o.apache.kafka.clients.NetworkClient] - [Producer clientId=customer-service-producer-1] Connection to node -1 (localhost/127.0.0.1:9092) could not be established. Node may not be available.
2026-08-28 20:07:48.734 [kafka-producer-network-thread | customer-service-producer-1] WARN  customer-service [o.apache.kafka.clients.NetworkClient] - [Producer clientId=customer-service-producer-1] Bootstrap broker localhost:9092 (id: -1 rack: null) disconnected
2026-08-28 20:07:49.677 [kafka-producer-network-thread | customer-service-producer-1] INFO  customer-service [o.apache.kafka.clients.NetworkClient] - [Producer clientId=customer-service-producer-1] Node -1 disconnected.
2026-08-28 20:07:49.677 [kafka-producer-network-thread | customer-service-producer-1] WARN  customer-service [o.apache.kafka.clients.NetworkClient] - [Producer clientId=customer-service-producer-1] Connection to node -1 (localhost/127.0.0.1:9092) could not be established. Node may not be available.
2026-08-28 20:07:49.678 [kafka-producer-network-thread | customer-service-producer-1] WARN  customer-service [o.apache.kafka.clients.NetworkClient] - [Producer clientId=customer-service-producer-1] Bootstrap broker localhost:9092 (id: -1 rack: null) disconnected
2026-08-28 20:07:50.723 [kafka-producer-network-thread | customer-service-producer-1] INFO  customer-service [o.apache.kafka.clients.NetworkClient] - [Producer clientId=customer-service-producer-1] Node -1 disconnected.
2026-08-28 20:07:50.724 [kafka-producer-network-thread | customer-service-producer-1] WARN  customer-service [o.apache.kafka.clients.NetworkClient] - [Producer clientId=customer-service-producer-1] Connection to node -1 (localhost/127.0.0.1:9092) could not be established. Node may not be available.
2026-08-28 20:07:50.724 [kafka-producer-network-thread | customer-service-producer-1] WARN  customer-service [o.apache.kafka.clients.NetworkClient] - [Producer clientId=customer-service-producer-1] Bootstrap broker localhost:9092 (id: -1 rack: null) disconnected
2026-08-28 20:07:51.747 [kafka-producer-network-thread | customer-service-producer-1] INFO  customer-service [o.apache.kafka.clients.NetworkClient] - [Producer clientId=customer-service-producer-1] Node -1 disconnected.
2026-08-28 20:07:51.748 [kafka-producer-network-thread | customer-service-producer-1] WARN  customer-service [o.apache.kafka.clients.NetworkClient] - [Producer clientId=customer-service-producer-1] Connection to node -1 (localhost/127.0.0.1:9092) could not be established. Node may not be available.
2026-08-28 20:07:51.749 [kafka-producer-network-thread | customer-service-producer-1] WARN  customer-service [o.apache.kafka.clients.NetworkClient] - [Producer clientId=customer-service-producer-1] Bootstrap broker localhost:9092 (id: -1 rack: null) disconnected
2026-08-28 20:07:52.776 [kafka-producer-network-thread | customer-service-producer-1] INFO  customer-service [o.apache.kafka.clients.NetworkClient] - [Producer clientId=customer-service-producer-1] Node -1 disconnected.
2026-08-28 20:07:52.780 [kafka-producer-network-thread | customer-service-producer-1] WARN  customer-service [o.apache.kafka.clients.NetworkClient] - [Producer clientId=customer-service-producer-1] Connection to node -1 (localhost/127.0.0.1:9092) could not be established. Node may not be available.
2026-08-28 20:07:52.780 [kafka-producer-network-thread | customer-service-producer-1] WARN  customer-service [o.apache.kafka.clients.NetworkClient] - [Producer clientId=customer-service-producer-1] Bootstrap broker localhost:9092 (id: -1 rack: null) disconnected
2026-08-28 20:07:53.777 [kafka-producer-network-thread | customer-service-producer-1] INFO  customer-service [o.apache.kafka.clients.NetworkClient] - [Producer clientId=customer-service-producer-1] Node -1 disconnected.
2026-08-28 20:07:53.777 [kafka-producer-network-thread | customer-service-producer-1] WARN  customer-service [o.apache.kafka.clients.NetworkClient] - [Producer clientId=customer-service-producer-1] Connection to node -1 (localhost/127.0.0.1:9092) could not be established. Node may not be available.
2026-08-28 20:07:53.777 [kafka-producer-network-thread | customer-service-producer-1] WARN  customer-service [o.apache.kafka.clients.NetworkClient] - [Producer clientId=customer-service-producer-1] Bootstrap broker localhost:9092 (id: -1 rack: null) disconnected
2026-08-28 20:07:54.829 [kafka-producer-network-thread | customer-service-producer-1] INFO  customer-service [o.apache.kafka.clients.NetworkClient] - [Producer clientId=customer-service-producer-1] Node -1 disconnected.
2026-08-28 20:07:54.829 [kafka-producer-network-thread | customer-service-producer-1] WARN  customer-service [o.apache.kafka.clients.NetworkClient] - [Producer clientId=customer-service-producer-1] Connection to node -1 (localhost/127.0.0.1:9092) could not be established. Node may not be available.
2026-08-28 20:07:54.829 [kafka-producer-network-thread | customer-service-producer-1] WARN  customer-service [o.apache.kafka.clients.NetworkClient] - [Producer clientId=customer-service-producer-1] Bootstrap broker localhost:9092 (id: -1 rack: null) disconnected
2026-08-28 20:07:55.832 [kafka-producer-network-thread | customer-service-producer-1] INFO  customer-service [o.apache.kafka.clients.NetworkClient] - [Producer clientId=customer-service-producer-1] Node -1 disconnected.
2026-08-28 20:07:55.833 [kafka-producer-network-thread | customer-service-producer-1] WARN  customer-service [o.apache.kafka.clients.NetworkClient] - [Producer clientId=customer-service-producer-1] Connection to node -1 (localhost/127.0.0.1:9092) could not be established. Node may not be available.
2026-08-28 20:07:55.833 [kafka-producer-network-thread | customer-service-producer-1] WARN  customer-service [o.apache.kafka.clients.NetworkClient] - [Producer clientId=customer-service-producer-1] Bootstrap broker localhost:9092 (id: -1 rack: null) disconnected
2026-08-28 20:07:56.875 [kafka-producer-network-thread | customer-service-producer-1] INFO  customer-service [o.apache.kafka.clients.NetworkClient] - [Producer clientId=customer-service-producer-1] Node -1 disconnected.
2026-08-28 20:07:56.877 [kafka-producer-network-thread | customer-service-producer-1] WARN  customer-service [o.apache.kafka.clients.NetworkClient] - [Producer clientId=customer-service-producer-1] Connection to node -1 (localhost/127.0.0.1:9092) could not be established. Node may not be available.
2026-08-28 20:07:56.877 [kafka-producer-network-thread | customer-service-producer-1] WARN  customer-service [o.apache.kafka.clients.NetworkClient] - [Producer clientId=customer-service-producer-1] Bootstrap broker localhost:9092 (id: -1 rack: null) disconnected
2026-08-28 20:07:58.138 [kafka-producer-network-thread | customer-service-producer-1] INFO  customer-service [o.apache.kafka.clients.NetworkClient] - [Producer clientId=customer-service-producer-1] Node -1 disconnected.
2026-08-28 20:07:58.138 [kafka-producer-network-thread | customer-service-producer-1] WARN  customer-service [o.apache.kafka.clients.NetworkClient] - [Producer clientId=customer-service-producer-1] Connection to node -1 (localhost/127.0.0.1:9092) could not be established. Node may not be available.
2026-08-28 20:07:58.138 [kafka-producer-network-thread | customer-service-producer-1] WARN  customer-service [o.apache.kafka.clients.NetworkClient] - [Producer clientId=customer-service-producer-1] Bootstrap broker localhost:9092 (id: -1 rack: null) disconnected
2026-08-28 20:07:59.140 [kafka-producer-network-thread | customer-service-producer-1] INFO  customer-service [o.apache.kafka.clients.NetworkClient] - [Producer clientId=customer-service-producer-1] Node -1 disconnected.
2026-08-28 20:07:59.140 [kafka-producer-network-thread | customer-service-producer-1] WARN  customer-service [o.apache.kafka.clients.NetworkClient] - [Producer clientId=customer-service-producer-1] Connection to node -1 (localhost/127.0.0.1:9092) could not be established. Node may not be available.
2026-08-28 20:07:59.140 [kafka-producer-network-thread | customer-service-producer-1] WARN  customer-service [o.apache.kafka.clients.NetworkClient] - [Producer clientId=customer-service-producer-1] Bootstrap broker localhost:9092 (id: -1 rack: null) disconnected
2026-08-28 20:08:00.141 [kafka-producer-network-thread | customer-service-producer-1] INFO  customer-service [o.apache.kafka.clients.NetworkClient] - [Producer clientId=customer-service-producer-1] Node -1 disconnected.
2026-08-28 20:08:00.142 [kafka-producer-network-thread | customer-service-producer-1] WARN  customer-service [o.apache.kafka.clients.NetworkClient] - [Producer clientId=customer-service-producer-1] Connection to node -1 (localhost/127.0.0.1:9092) could not be established. Node may not be available.
2026-08-28 20:08:00.142 [kafka-producer-network-thread | customer-service-producer-1] WARN  customer-service [o.apache.kafka.clients.NetworkClient] - [Producer clientId=customer-service-producer-1] Bootstrap broker localhost:9092 (id: -1 rack: null) disconnected
2026-08-28 20:08:01.144 [kafka-producer-network-thread | customer-service-producer-1] INFO  customer-service [o.apache.kafka.clients.NetworkClient] - [Producer clientId=customer-service-producer-1] Node -1 disconnected.
2026-08-28 20:08:01.145 [kafka-producer-network-thread | customer-service-producer-1] WARN  customer-service [o.apache.kafka.clients.NetworkClient] - [Producer clientId=customer-service-producer-1] Connection to node -1 (localhost/127.0.0.1:9092) could not be established. Node may not be available.
2026-08-28 20:08:01.145 [kafka-producer-network-thread | customer-service-producer-1] WARN  customer-service [o.apache.kafka.clients.NetworkClient] - [Producer clientId=customer-service-producer-1] Bootstrap broker localhost:9092 (id: -1 rack: null) disconnected
2026-08-28 20:08:02.169 [kafka-producer-network-thread | customer-service-producer-1] INFO  customer-service [o.apache.kafka.clients.NetworkClient] - [Producer clientId=customer-service-producer-1] Node -1 disconnected.
2026-08-28 20:08:02.170 [kafka-producer-network-thread | customer-service-producer-1] WARN  customer-service [o.apache.kafka.clients.NetworkClient] - [Producer clientId=customer-service-producer-1] Connection to node -1 (localhost/127.0.0.1:9092) could not be established. Node may not be available.
2026-08-28 20:08:02.171 [kafka-producer-network-thread | customer-service-producer-1] WARN  customer-service [o.apache.kafka.clients.NetworkClient] - [Producer clientId=customer-service-producer-1] Bootstrap broker localhost:9092 (id: -1 rack: null) disconnected
2026-08-28 20:08:03.128 [kafka-producer-network-thread | customer-service-producer-1] INFO  customer-service [o.apache.kafka.clients.NetworkClient] - [Producer clientId=customer-service-producer-1] Node -1 disconnected.
2026-08-28 20:08:03.129 [kafka-producer-network-thread | customer-service-producer-1] WARN  customer-service [o.apache.kafka.clients.NetworkClient] - [Producer clientId=customer-service-producer-1] Connection to node -1 (localhost/127.0.0.1:9092) could not be established. Node may not be available.
2026-08-28 20:08:03.130 [kafka-producer-network-thread | customer-service-producer-1] WARN  customer-service [o.apache.kafka.clients.NetworkClient] - [Producer clientId=customer-service-producer-1] Bootstrap broker localhost:9092 (id: -1 rack: null) disconnected
2026-08-28 20:08:04.139 [kafka-producer-network-thread | customer-service-producer-1] INFO  customer-service [o.apache.kafka.clients.NetworkClient] - [Producer clientId=customer-service-producer-1] Node -1 disconnected.
2026-08-28 20:08:04.139 [kafka-producer-network-thread | customer-service-producer-1] WARN  customer-service [o.apache.kafka.clients.NetworkClient] - [Producer clientId=customer-service-producer-1] Connection to node -1 (localhost/127.0.0.1:9092) could not be established. Node may not be available.
2026-08-28 20:08:04.139 [kafka-producer-network-thread | customer-service-producer-1] WARN  customer-service [o.apache.kafka.clients.NetworkClient] - [Producer clientId=customer-service-producer-1] Bootstrap broker localhost:9092 (id: -1 rack: null) disconnected
2026-08-28 20:08:05.187 [kafka-producer-network-thread | customer-service-producer-1] INFO  customer-service [o.apache.kafka.clients.NetworkClient] - [Producer clientId=customer-service-producer-1] Node -1 disconnected.
2026-08-28 20:08:05.187 [kafka-producer-network-thread | customer-service-producer-1] WARN  customer-service [o.apache.kafka.clients.NetworkClient] - [Producer clientId=customer-service-producer-1] Connection to node -1 (localhost/127.0.0.1:9092) could not be established. Node may not be available.
2026-08-28 20:08:05.188 [kafka-producer-network-thread | customer-service-producer-1] WARN  customer-service [o.apache.kafka.clients.NetworkClient] - [Producer clientId=customer-service-producer-1] Bootstrap broker localhost:9092 (id: -1 rack: null) disconnected
2026-08-28 20:08:06.136 [kafka-producer-network-thread | customer-service-producer-1] INFO  customer-service [o.apache.kafka.clients.NetworkClient] - [Producer clientId=customer-service-producer-1] Node -1 disconnected.
2026-08-28 20:08:06.136 [kafka-producer-network-thread | customer-service-producer-1] WARN  customer-service [o.apache.kafka.clients.NetworkClient] - [Producer clientId=customer-service-producer-1] Connection to node -1 (localhost/127.0.0.1:9092) could not be established. Node may not be available.
2026-08-28 20:08:06.136 [kafka-producer-network-thread | customer-service-producer-1] WARN  customer-service [o.apache.kafka.clients.NetworkClient] - [Producer clientId=customer-service-producer-1] Bootstrap broker localhost:9092 (id: -1 rack: null) disconnected
2026-08-28 20:08:07.137 [kafka-producer-network-thread | customer-service-producer-1] INFO  customer-service [o.apache.kafka.clients.NetworkClient] - [Producer clientId=customer-service-producer-1] Node -1 disconnected.
2026-08-28 20:08:07.138 [kafka-producer-network-thread | customer-service-producer-1] WARN  customer-service [o.apache.kafka.clients.NetworkClient] - [Producer clientId=customer-service-producer-1] Connection to node -1 (localhost/127.0.0.1:9092) could not be established. Node may not be available.
2026-08-28 20:08:07.138 [kafka-producer-network-thread | customer-service-producer-1] WARN  customer-service [o.apache.kafka.clients.NetworkClient] - [Producer clientId=customer-service-producer-1] Bootstrap broker localhost:9092 (id: -1 rack: null) disconnected
2026-08-28 20:08:08.123 [kafka-producer-network-thread | customer-service-producer-1] INFO  customer-service [o.apache.kafka.clients.NetworkClient] - [Producer clientId=customer-service-producer-1] Node -1 disconnected.
2026-08-28 20:08:08.124 [kafka-producer-network-thread | customer-service-producer-1] WARN  customer-service [o.apache.kafka.clients.NetworkClient] - [Producer clientId=customer-service-producer-1] Connection to node -1 (localhost/127.0.0.1:9092) could not be established. Node may not be available.
2026-08-28 20:08:08.124 [kafka-producer-network-thread | customer-service-producer-1] WARN  customer-service [o.apache.kafka.clients.NetworkClient] - [Producer clientId=customer-service-producer-1] Bootstrap broker localhost:9092 (id: -1 rack: null) disconnected
2026-08-28 20:08:09.084 [kafka-producer-network-thread | customer-service-producer-1] INFO  customer-service [o.apache.kafka.clients.NetworkClient] - [Producer clientId=customer-service-producer-1] Node -1 disconnected.
2026-08-28 20:08:09.084 [kafka-producer-network-thread | customer-service-producer-1] WARN  customer-service [o.apache.kafka.clients.NetworkClient] - [Producer clientId=customer-service-producer-1] Connection to node -1 (localhost/127.0.0.1:9092) could not be established. Node may not be available.
2026-08-28 20:08:09.085 [kafka-producer-network-thread | customer-service-producer-1] WARN  customer-service [o.apache.kafka.clients.NetworkClient] - [Producer clientId=customer-service-producer-1] Bootstrap broker localhost:9092 (id: -1 rack: null) disconnected
2026-08-28 20:08:10.086 [kafka-producer-network-thread | customer-service-producer-1] INFO  customer-service [o.apache.kafka.clients.NetworkClient] - [Producer clientId=customer-service-producer-1] Node -1 disconnected.
2026-08-28 20:08:10.086 [kafka-producer-network-thread | customer-service-producer-1] WARN  customer-service [o.apache.kafka.clients.NetworkClient] - [Producer clientId=customer-service-producer-1] Connection to node -1 (localhost/127.0.0.1:9092) could not be established. Node may not be available.
2026-08-28 20:08:10.086 [kafka-producer-network-thread | customer-service-producer-1] WARN  customer-service [o.apache.kafka.clients.NetworkClient] - [Producer clientId=customer-service-producer-1] Bootstrap broker localhost:9092 (id: -1 rack: null) disconnected
2026-08-28 20:08:11.087 [kafka-producer-network-thread | customer-service-producer-1] INFO  customer-service [o.apache.kafka.clients.NetworkClient] - [Producer clientId=customer-service-producer-1] Node -1 disconnected.
2026-08-28 20:08:11.087 [kafka-producer-network-thread | customer-service-producer-1] WARN  customer-service [o.apache.kafka.clients.NetworkClient] - [Producer clientId=customer-service-producer-1] Connection to node -1 (localhost/127.0.0.1:9092) could not be established. Node may not be available.
2026-08-28 20:08:11.087 [kafka-producer-network-thread | customer-service-producer-1] WARN  customer-service [o.apache.kafka.clients.NetworkClient] - [Producer clientId=customer-service-producer-1] Bootstrap broker localhost:9092 (id: -1 rack: null) disconnected
2026-08-28 20:08:12.023 [kafka-producer-network-thread | customer-service-producer-1] INFO  customer-service [o.apache.kafka.clients.NetworkClient] - [Producer clientId=customer-service-producer-1] Node -1 disconnected.
2026-08-28 20:08:12.024 [kafka-producer-network-thread | customer-service-producer-1] WARN  customer-service [o.apache.kafka.clients.NetworkClient] - [Producer clientId=customer-service-producer-1] Connection to node -1 (localhost/127.0.0.1:9092) could not be established. Node may not be available.
2026-08-28 20:08:12.024 [kafka-producer-network-thread | customer-service-producer-1] WARN  customer-service [o.apache.kafka.clients.NetworkClient] - [Producer clientId=customer-service-producer-1] Bootstrap broker localhost:9092 (id: -1 rack: null) disconnected
2026-08-28 20:08:12.881 [kafka-producer-network-thread | customer-service-producer-1] INFO  customer-service [o.apache.kafka.clients.NetworkClient] - [Producer clientId=customer-service-producer-1] Node -1 disconnected.
2026-08-28 20:08:12.882 [kafka-producer-network-thread | customer-service-producer-1] WARN  customer-service [o.apache.kafka.clients.NetworkClient] - [Producer clientId=customer-service-producer-1] Connection to node -1 (localhost/127.0.0.1:9092) could not be established. Node may not be available.
2026-08-28 20:08:12.882 [kafka-producer-network-thread | customer-service-producer-1] WARN  customer-service [o.apache.kafka.clients.NetworkClient] - [Producer clientId=customer-service-producer-1] Bootstrap broker localhost:9092 (id: -1 rack: null) disconnected
2026-08-28 20:08:13.883 [kafka-producer-network-thread | customer-service-producer-1] INFO  customer-service [o.apache.kafka.clients.NetworkClient] - [Producer clientId=customer-service-producer-1] Node -1 disconnected.
2026-08-28 20:08:13.883 [kafka-producer-network-thread | customer-service-producer-1] WARN  customer-service [o.apache.kafka.clients.NetworkClient] - [Producer clientId=customer-service-producer-1] Connection to node -1 (localhost/127.0.0.1:9092) could not be established. Node may not be available.
2026-08-28 20:08:13.883 [kafka-producer-network-thread | customer-service-producer-1] WARN  customer-service [o.apache.kafka.clients.NetworkClient] - [Producer clientId=customer-service-producer-1] Bootstrap broker localhost:9092 (id: -1 rack: null) disconnected
2026-08-28 20:08:14.918 [kafka-producer-network-thread | customer-service-producer-1] INFO  customer-service [o.apache.kafka.clients.NetworkClient] - [Producer clientId=customer-service-producer-1] Node -1 disconnected.
2026-08-28 20:08:14.918 [kafka-producer-network-thread | customer-service-producer-1] WARN  customer-service [o.apache.kafka.clients.NetworkClient] - [Producer clientId=customer-service-producer-1] Connection to node -1 (localhost/127.0.0.1:9092) could not be established. Node may not be available.
2026-08-28 20:08:14.918 [kafka-producer-network-thread | customer-service-producer-1] WARN  customer-service [o.apache.kafka.clients.NetworkClient] - [Producer clientId=customer-service-producer-1] Bootstrap broker localhost:9092 (id: -1 rack: null) disconnected
2026-08-28 20:08:15.918 [kafka-producer-network-thread | customer-service-producer-1] INFO  customer-service [o.apache.kafka.clients.NetworkClient] - [Producer clientId=customer-service-producer-1] Node -1 disconnected.
2026-08-28 20:08:15.919 [kafka-producer-network-thread | customer-service-producer-1] WARN  customer-service [o.apache.kafka.clients.NetworkClient] - [Producer clientId=customer-service-producer-1] Connection to node -1 (localhost/127.0.0.1:9092) could not be established. Node may not be available.
2026-08-28 20:08:15.919 [kafka-producer-network-thread | customer-service-producer-1] WARN  customer-service [o.apache.kafka.clients.NetworkClient] - [Producer clientId=customer-service-producer-1] Bootstrap broker localhost:9092 (id: -1 rack: null) disconnected
2026-08-28 20:08:16.919 [kafka-producer-network-thread | customer-service-producer-1] INFO  customer-service [o.apache.kafka.clients.NetworkClient] - [Producer clientId=customer-service-producer-1] Node -1 disconnected.
2026-08-28 20:08:16.919 [kafka-producer-network-thread | customer-service-producer-1] WARN  customer-service [o.apache.kafka.clients.NetworkClient] - [Producer clientId=customer-service-producer-1] Connection to node -1 (localhost/127.0.0.1:9092) could not be established. Node may not be available.
2026-08-28 20:08:16.920 [kafka-producer-network-thread | customer-service-producer-1] WARN  customer-service [o.apache.kafka.clients.NetworkClient] - [Producer clientId=customer-service-producer-1] Bootstrap broker localhost:9092 (id: -1 rack: null) disconnected
2026-08-28 20:08:17.778 [kafka-producer-network-thread | customer-service-producer-1] INFO  customer-service [o.apache.kafka.clients.NetworkClient] - [Producer clientId=customer-service-producer-1] Node -1 disconnected.
2026-08-28 20:08:17.779 [kafka-producer-network-thread | customer-service-producer-1] WARN  customer-service [o.apache.kafka.clients.NetworkClient] - [Producer clientId=customer-service-producer-1] Connection to node -1 (localhost/127.0.0.1:9092) could not be established. Node may not be available.
2026-08-28 20:08:17.779 [kafka-producer-network-thread | customer-service-producer-1] WARN  customer-service [o.apache.kafka.clients.NetworkClient] - [Producer clientId=customer-service-producer-1] Bootstrap broker localhost:9092 (id: -1 rack: null) disconnected
2026-08-28 20:08:18.789 [kafka-producer-network-thread | customer-service-producer-1] INFO  customer-service [o.apache.kafka.clients.NetworkClient] - [Producer clientId=customer-service-producer-1] Node -1 disconnected.
2026-08-28 20:08:18.790 [kafka-producer-network-thread | customer-service-producer-1] WARN  customer-service [o.apache.kafka.clients.NetworkClient] - [Producer clientId=customer-service-producer-1] Connection to node -1 (localhost/127.0.0.1:9092) could not be established. Node may not be available.
2026-08-28 20:08:18.790 [kafka-producer-network-thread | customer-service-producer-1] WARN  customer-service [o.apache.kafka.clients.NetworkClient] - [Producer clientId=customer-service-producer-1] Bootstrap broker localhost:9092 (id: -1 rack: null) disconnected
2026-08-28 20:08:19.788 [kafka-producer-network-thread | customer-service-producer-1] INFO  customer-service [o.apache.kafka.clients.NetworkClient] - [Producer clientId=customer-service-producer-1] Node -1 disconnected.
2026-08-28 20:08:19.788 [kafka-producer-network-thread | customer-service-producer-1] WARN  customer-service [o.apache.kafka.clients.NetworkClient] - [Producer clientId=customer-service-producer-1] Connection to node -1 (localhost/127.0.0.1:9092) could not be established. Node may not be available.
2026-08-28 20:08:19.789 [kafka-producer-network-thread | customer-service-producer-1] WARN  customer-service [o.apache.kafka.clients.NetworkClient] - [Producer clientId=customer-service-producer-1] Bootstrap broker localhost:9092 (id: -1 rack: null) disconnected
2026-08-28 20:08:20.798 [kafka-producer-network-thread | customer-service-producer-1] INFO  customer-service [o.apache.kafka.clients.NetworkClient] - [Producer clientId=customer-service-producer-1] Node -1 disconnected.
2026-08-28 20:08:20.798 [kafka-producer-network-thread | customer-service-producer-1] WARN  customer-service [o.apache.kafka.clients.NetworkClient] - [Producer clientId=customer-service-producer-1] Connection to node -1 (localhost/127.0.0.1:9092) could not be established. Node may not be available.
2026-08-28 20:08:20.798 [kafka-producer-network-thread | customer-service-producer-1] WARN  customer-service [o.apache.kafka.clients.NetworkClient] - [Producer clientId=customer-service-producer-1] Bootstrap broker localhost:9092 (id: -1 rack: null) disconnected
2026-08-28 20:08:21.799 [kafka-producer-network-thread | customer-service-producer-1] INFO  customer-service [o.apache.kafka.clients.NetworkClient] - [Producer clientId=customer-service-producer-1] Node -1 disconnected.
2026-08-28 20:08:21.799 [kafka-producer-network-thread | customer-service-producer-1] WARN  customer-service [o.apache.kafka.clients.NetworkClient] - [Producer clientId=customer-service-producer-1] Connection to node -1 (localhost/127.0.0.1:9092) could not be established. Node may not be available.
2026-08-28 20:08:21.799 [kafka-producer-network-thread | customer-service-producer-1] WARN  customer-service [o.apache.kafka.clients.NetworkClient] - [Producer clientId=customer-service-producer-1] Bootstrap broker localhost:9092 (id: -1 rack: null) disconnected
2026-08-28 20:08:22.815 [kafka-producer-network-thread | customer-service-producer-1] INFO  customer-service [o.apache.kafka.clients.NetworkClient] - [Producer clientId=customer-service-producer-1] Node -1 disconnected.
2026-08-28 20:08:22.815 [kafka-producer-network-thread | customer-service-producer-1] WARN  customer-service [o.apache.kafka.clients.NetworkClient] - [Producer clientId=customer-service-producer-1] Connection to node -1 (localhost/127.0.0.1:9092) could not be established. Node may not be available.
2026-08-28 20:08:22.816 [kafka-producer-network-thread | customer-service-producer-1] WARN  customer-service [o.apache.kafka.clients.NetworkClient] - [Producer clientId=customer-service-producer-1] Bootstrap broker localhost:9092 (id: -1 rack: null) disconnected
2026-08-28 20:08:23.816 [kafka-producer-network-thread | customer-service-producer-1] INFO  customer-service [o.apache.kafka.clients.NetworkClient] - [Producer clientId=customer-service-producer-1] Node -1 disconnected.
2026-08-28 20:08:23.817 [kafka-producer-network-thread | customer-service-producer-1] WARN  customer-service [o.apache.kafka.clients.NetworkClient] - [Producer clientId=customer-service-producer-1] Connection to node -1 (localhost/127.0.0.1:9092) could not be established. Node may not be available.
2026-08-28 20:08:23.817 [kafka-producer-network-thread | customer-service-producer-1] WARN  customer-service [o.apache.kafka.clients.NetworkClient] - [Producer clientId=customer-service-producer-1] Bootstrap broker localhost:9092 (id: -1 rack: null) disconnected
2026-08-28 20:08:24.818 [kafka-producer-network-thread | customer-service-producer-1] INFO  customer-service [o.apache.kafka.clients.NetworkClient] - [Producer clientId=customer-service-producer-1] Node -1 disconnected.
2026-08-28 20:08:24.819 [kafka-producer-network-thread | customer-service-producer-1] WARN  customer-service [o.apache.kafka.clients.NetworkClient] - [Producer clientId=customer-service-producer-1] Connection to node -1 (localhost/127.0.0.1:9092) could not be established. Node may not be available.
2026-08-28 20:08:24.819 [kafka-producer-network-thread | customer-service-producer-1] WARN  customer-service [o.apache.kafka.clients.NetworkClient] - [Producer clientId=customer-service-producer-1] Bootstrap broker localhost:9092 (id: -1 rack: null) disconnected
2026-08-28 20:08:25.732 [kafka-producer-network-thread | customer-service-producer-1] INFO  customer-service [o.apache.kafka.clients.NetworkClient] - [Producer clientId=customer-service-producer-1] Node -1 disconnected.
2026-08-28 20:08:25.733 [kafka-producer-network-thread | customer-service-producer-1] WARN  customer-service [o.apache.kafka.clients.NetworkClient] - [Producer clientId=customer-service-producer-1] Connection to node -1 (localhost/127.0.0.1:9092) could not be established. Node may not be available.
2026-08-28 20:08:25.733 [kafka-producer-network-thread | customer-service-producer-1] WARN  customer-service [o.apache.kafka.clients.NetworkClient] - [Producer clientId=customer-service-producer-1] Bootstrap broker localhost:9092 (id: -1 rack: null) disconnected
2026-08-28 20:08:26.692 [kafka-producer-network-thread | customer-service-producer-1] INFO  customer-service [o.apache.kafka.clients.NetworkClient] - [Producer clientId=customer-service-producer-1] Node -1 disconnected.
2026-08-28 20:08:26.696 [kafka-producer-network-thread | customer-service-producer-1] WARN  customer-service [o.apache.kafka.clients.NetworkClient] - [Producer clientId=customer-service-producer-1] Connection to node -1 (localhost/127.0.0.1:9092) could not be established. Node may not be available.
2026-08-28 20:08:26.696 [kafka-producer-network-thread | customer-service-producer-1] WARN  customer-service [o.apache.kafka.clients.NetworkClient] - [Producer clientId=customer-service-producer-1] Bootstrap broker localhost:9092 (id: -1 rack: null) disconnected
2026-08-28 20:08:27.732 [kafka-producer-network-thread | customer-service-producer-1] INFO  customer-service [o.apache.kafka.clients.NetworkClient] - [Producer clientId=customer-service-producer-1] Node -1 disconnected.
2026-08-28 20:08:27.732 [kafka-producer-network-thread | customer-service-producer-1] WARN  customer-service [o.apache.kafka.clients.NetworkClient] - [Producer clientId=customer-service-producer-1] Connection to node -1 (localhost/127.0.0.1:9092) could not be established. Node may not be available.
2026-08-28 20:08:27.732 [kafka-producer-network-thread | customer-service-producer-1] WARN  customer-service [o.apache.kafka.clients.NetworkClient] - [Producer clientId=customer-service-producer-1] Bootstrap broker localhost:9092 (id: -1 rack: null) disconnected
2026-08-28 20:08:28.639 [kafka-producer-network-thread | customer-service-producer-1] INFO  customer-service [o.apache.kafka.clients.NetworkClient] - [Producer clientId=customer-service-producer-1] Node -1 disconnected.
2026-08-28 20:08:28.639 [kafka-producer-network-thread | customer-service-producer-1] WARN  customer-service [o.apache.kafka.clients.NetworkClient] - [Producer clientId=customer-service-producer-1] Connection to node -1 (localhost/127.0.0.1:9092) could not be established. Node may not be available.
2026-08-28 20:08:28.639 [kafka-producer-network-thread | customer-service-producer-1] WARN  customer-service [o.apache.kafka.clients.NetworkClient] - [Producer clientId=customer-service-producer-1] Bootstrap broker localhost:9092 (id: -1 rack: null) disconnected
2026-08-28 20:08:29.647 [kafka-producer-network-thread | customer-service-producer-1] INFO  customer-service [o.apache.kafka.clients.NetworkClient] - [Producer clientId=customer-service-producer-1] Node -1 disconnected.
2026-08-28 20:08:29.647 [kafka-producer-network-thread | customer-service-producer-1] WARN  customer-service [o.apache.kafka.clients.NetworkClient] - [Producer clientId=customer-service-producer-1] Connection to node -1 (localhost/127.0.0.1:9092) could not be established. Node may not be available.
2026-08-28 20:08:29.647 [kafka-producer-network-thread | customer-service-producer-1] WARN  customer-service [o.apache.kafka.clients.NetworkClient] - [Producer clientId=customer-service-producer-1] Bootstrap broker localhost:9092 (id: -1 rack: null) disconnected
2026-08-28 20:08:30.649 [kafka-producer-network-thread | customer-service-producer-1] INFO  customer-service [o.apache.kafka.clients.NetworkClient] - [Producer clientId=customer-service-producer-1] Node -1 disconnected.
2026-08-28 20:08:30.649 [kafka-producer-network-thread | customer-service-producer-1] WARN  customer-service [o.apache.kafka.clients.NetworkClient] - [Producer clientId=customer-service-producer-1] Connection to node -1 (localhost/127.0.0.1:9092) could not be established. Node may not be available.
2026-08-28 20:08:30.650 [kafka-producer-network-thread | customer-service-producer-1] WARN  customer-service [o.apache.kafka.clients.NetworkClient] - [Producer clientId=customer-service-producer-1] Bootstrap broker localhost:9092 (id: -1 rack: null) disconnected
2026-08-28 20:08:31.665 [kafka-producer-network-thread | customer-service-producer-1] INFO  customer-service [o.apache.kafka.clients.NetworkClient] - [Producer clientId=customer-service-producer-1] Node -1 disconnected.
2026-08-28 20:08:31.665 [kafka-producer-network-thread | customer-service-producer-1] WARN  customer-service [o.apache.kafka.clients.NetworkClient] - [Producer clientId=customer-service-producer-1] Connection to node -1 (localhost/127.0.0.1:9092) could not be established. Node may not be available.
2026-08-28 20:08:31.666 [kafka-producer-network-thread | customer-service-producer-1] WARN  customer-service [o.apache.kafka.clients.NetworkClient] - [Producer clientId=customer-service-producer-1] Bootstrap broker localhost:9092 (id: -1 rack: null) disconnected
2026-08-28 20:08:32.666 [kafka-producer-network-thread | customer-service-producer-1] INFO  customer-service [o.apache.kafka.clients.NetworkClient] - [Producer clientId=customer-service-producer-1] Node -1 disconnected.
2026-08-28 20:08:32.666 [kafka-producer-network-thread | customer-service-producer-1] WARN  customer-service [o.apache.kafka.clients.NetworkClient] - [Producer clientId=customer-service-producer-1] Connection to node -1 (localhost/127.0.0.1:9092) could not be established. Node may not be available.
2026-08-28 20:08:32.667 [kafka-producer-network-thread | customer-service-producer-1] WARN  customer-service [o.apache.kafka.clients.NetworkClient] - [Producer clientId=customer-service-producer-1] Bootstrap broker localhost:9092 (id: -1 rack: null) disconnected
2026-08-28 20:08:33.689 [kafka-producer-network-thread | customer-service-producer-1] INFO  customer-service [o.apache.kafka.clients.NetworkClient] - [Producer clientId=customer-service-producer-1] Node -1 disconnected.
2026-08-28 20:08:33.689 [kafka-producer-network-thread | customer-service-producer-1] WARN  customer-service [o.apache.kafka.clients.NetworkClient] - [Producer clientId=customer-service-producer-1] Connection to node -1 (localhost/127.0.0.1:9092) could not be established. Node may not be available.
2026-08-28 20:08:33.690 [kafka-producer-network-thread | customer-service-producer-1] WARN  customer-service [o.apache.kafka.clients.NetworkClient] - [Producer clientId=customer-service-producer-1] Bootstrap broker localhost:9092 (id: -1 rack: null) disconnected
2026-08-28 20:08:34.691 [kafka-producer-network-thread | customer-service-producer-1] INFO  customer-service [o.apache.kafka.clients.NetworkClient] - [Producer clientId=customer-service-producer-1] Node -1 disconnected.
2026-08-28 20:08:34.691 [kafka-producer-network-thread | customer-service-producer-1] WARN  customer-service [o.apache.kafka.clients.NetworkClient] - [Producer clientId=customer-service-producer-1] Connection to node -1 (localhost/127.0.0.1:9092) could not be established. Node may not be available.
2026-08-28 20:08:34.691 [kafka-producer-network-thread | customer-service-producer-1] WARN  customer-service [o.apache.kafka.clients.NetworkClient] - [Producer clientId=customer-service-producer-1] Bootstrap broker localhost:9092 (id: -1 rack: null) disconnected
2026-08-28 20:08:35.735 [kafka-producer-network-thread | customer-service-producer-1] INFO  customer-service [o.apache.kafka.clients.NetworkClient] - [Producer clientId=customer-service-producer-1] Node -1 disconnected.
2026-08-28 20:08:35.736 [kafka-producer-network-thread | customer-service-producer-1] WARN  customer-service [o.apache.kafka.clients.NetworkClient] - [Producer clientId=customer-service-producer-1] Connection to node -1 (localhost/127.0.0.1:9092) could not be established. Node may not be available.
2026-08-28 20:08:35.736 [kafka-producer-network-thread | customer-service-producer-1] WARN  customer-service [o.apache.kafka.clients.NetworkClient] - [Producer clientId=customer-service-producer-1] Bootstrap broker localhost:9092 (id: -1 rack: null) disconnected
2026-08-28 20:08:36.765 [kafka-producer-network-thread | customer-service-producer-1] INFO  customer-service [o.apache.kafka.clients.NetworkClient] - [Producer clientId=customer-service-producer-1] Node -1 disconnected.
2026-08-28 20:08:36.766 [kafka-producer-network-thread | customer-service-producer-1] WARN  customer-service [o.apache.kafka.clients.NetworkClient] - [Producer clientId=customer-service-producer-1] Connection to node -1 (localhost/127.0.0.1:9092) could not be established. Node may not be available.
2026-08-28 20:08:36.766 [kafka-producer-network-thread | customer-service-producer-1] WARN  customer-service [o.apache.kafka.clients.NetworkClient] - [Producer clientId=customer-service-producer-1] Bootstrap broker localhost:9092 (id: -1 rack: null) disconnected
2026-08-28 20:08:37.800 [kafka-producer-network-thread | customer-service-producer-1] INFO  customer-service [o.apache.kafka.clients.NetworkClient] - [Producer clientId=customer-service-producer-1] Node -1 disconnected.
2026-08-28 20:08:37.801 [kafka-producer-network-thread | customer-service-producer-1] WARN  customer-service [o.apache.kafka.clients.NetworkClient] - [Producer clientId=customer-service-producer-1] Connection to node -1 (localhost/127.0.0.1:9092) could not be established. Node may not be available.
2026-08-28 20:08:37.801 [kafka-producer-network-thread | customer-service-producer-1] WARN  customer-service [o.apache.kafka.clients.NetworkClient] - [Producer clientId=customer-service-producer-1] Bootstrap broker localhost:9092 (id: -1 rack: null) disconnected
2026-08-28 20:08:38.811 [kafka-producer-network-thread | customer-service-producer-1] INFO  customer-service [o.apache.kafka.clients.NetworkClient] - [Producer clientId=customer-service-producer-1] Node -1 disconnected.
2026-08-28 20:08:38.811 [kafka-producer-network-thread | customer-service-producer-1] WARN  customer-service [o.apache.kafka.clients.NetworkClient] - [Producer clientId=customer-service-producer-1] Connection to node -1 (localhost/127.0.0.1:9092) could not be established. Node may not be available.
2026-08-28 20:08:38.812 [kafka-producer-network-thread | customer-service-producer-1] WARN  customer-service [o.apache.kafka.clients.NetworkClient] - [Producer clientId=customer-service-producer-1] Bootstrap broker localhost:9092 (id: -1 rack: null) disconnected
2026-08-28 20:08:39.813 [kafka-producer-network-thread | customer-service-producer-1] INFO  customer-service [o.apache.kafka.clients.NetworkClient] - [Producer clientId=customer-service-producer-1] Node -1 disconnected.
2026-08-28 20:08:39.813 [kafka-producer-network-thread | customer-service-producer-1] WARN  customer-service [o.apache.kafka.clients.NetworkClient] - [Producer clientId=customer-service-producer-1] Connection to node -1 (localhost/127.0.0.1:9092) could not be established. Node may not be available.
2026-08-28 20:08:39.813 [kafka-producer-network-thread | customer-service-producer-1] WARN  customer-service [o.apache.kafka.clients.NetworkClient] - [Producer clientId=customer-service-producer-1] Bootstrap broker localhost:9092 (id: -1 rack: null) disconnected
2026-08-28 20:08:40.819 [kafka-producer-network-thread | customer-service-producer-1] INFO  customer-service [o.apache.kafka.clients.NetworkClient] - [Producer clientId=customer-service-producer-1] Node -1 disconnected.
2026-08-28 20:08:40.820 [kafka-producer-network-thread | customer-service-producer-1] WARN  customer-service [o.apache.kafka.clients.NetworkClient] - [Producer clientId=customer-service-producer-1] Connection to node -1 (localhost/127.0.0.1:9092) could not be established. Node may not be available.
2026-08-28 20:08:40.820 [kafka-producer-network-thread | customer-service-producer-1] WARN  customer-service [o.apache.kafka.clients.NetworkClient] - [Producer clientId=customer-service-producer-1] Bootstrap broker localhost:9092 (id: -1 rack: null) disconnected
2026-08-28 20:08:41.740 [kafka-producer-network-thread | customer-service-producer-1] INFO  customer-service [o.apache.kafka.clients.NetworkClient] - [Producer clientId=customer-service-producer-1] Node -1 disconnected.
2026-08-28 20:08:41.740 [kafka-producer-network-thread | customer-service-producer-1] WARN  customer-service [o.apache.kafka.clients.NetworkClient] - [Producer clientId=customer-service-producer-1] Connection to node -1 (localhost/127.0.0.1:9092) could not be established. Node may not be available.
2026-08-28 20:08:41.740 [kafka-producer-network-thread | customer-service-producer-1] WARN  customer-service [o.apache.kafka.clients.NetworkClient] - [Producer clientId=customer-service-producer-1] Bootstrap broker localhost:9092 (id: -1 rack: null) disconnected
2026-08-28 20:08:42.767 [kafka-producer-network-thread | customer-service-producer-1] INFO  customer-service [o.apache.kafka.clients.NetworkClient] - [Producer clientId=customer-service-producer-1] Node -1 disconnected.
2026-08-28 20:08:42.767 [kafka-producer-network-thread | customer-service-producer-1] WARN  customer-service [o.apache.kafka.clients.NetworkClient] - [Producer clientId=customer-service-producer-1] Connection to node -1 (localhost/127.0.0.1:9092) could not be established. Node may not be available.
2026-08-28 20:08:42.767 [kafka-producer-network-thread | customer-service-producer-1] WARN  customer-service [o.apache.kafka.clients.NetworkClient] - [Producer clientId=customer-service-producer-1] Bootstrap broker localhost:9092 (id: -1 rack: null) disconnected
2026-08-28 20:08:43.768 [kafka-producer-network-thread | customer-service-producer-1] INFO  customer-service [o.apache.kafka.clients.NetworkClient] - [Producer clientId=customer-service-producer-1] Node -1 disconnected.
2026-08-28 20:08:43.768 [kafka-producer-network-thread | customer-service-producer-1] WARN  customer-service [o.apache.kafka.clients.NetworkClient] - [Producer clientId=customer-service-producer-1] Connection to node -1 (localhost/127.0.0.1:9092) could not be established. Node may not be available.
2026-08-28 20:08:43.769 [kafka-producer-network-thread | customer-service-producer-1] WARN  customer-service [o.apache.kafka.clients.NetworkClient] - [Producer clientId=customer-service-producer-1] Bootstrap broker localhost:9092 (id: -1 rack: null) disconnected
2026-08-28 20:08:44.726 [kafka-producer-network-thread | customer-service-producer-1] INFO  customer-service [o.apache.kafka.clients.NetworkClient] - [Producer clientId=customer-service-producer-1] Node -1 disconnected.
2026-08-28 20:08:44.727 [kafka-producer-network-thread | customer-service-producer-1] WARN  customer-service [o.apache.kafka.clients.NetworkClient] - [Producer clientId=customer-service-producer-1] Connection to node -1 (localhost/127.0.0.1:9092) could not be established. Node may not be available.
2026-08-28 20:08:44.727 [kafka-producer-network-thread | customer-service-producer-1] WARN  customer-service [o.apache.kafka.clients.NetworkClient] - [Producer clientId=customer-service-producer-1] Bootstrap broker localhost:9092 (id: -1 rack: null) disconnected
2026-08-28 20:08:45.723 [kafka-producer-network-thread | customer-service-producer-1] INFO  customer-service [o.apache.kafka.clients.NetworkClient] - [Producer clientId=customer-service-producer-1] Node -1 disconnected.
2026-08-28 20:08:45.724 [kafka-producer-network-thread | customer-service-producer-1] WARN  customer-service [o.apache.kafka.clients.NetworkClient] - [Producer clientId=customer-service-producer-1] Connection to node -1 (localhost/127.0.0.1:9092) could not be established. Node may not be available.
2026-08-28 20:08:45.724 [kafka-producer-network-thread | customer-service-producer-1] WARN  customer-service [o.apache.kafka.clients.NetworkClient] - [Producer clientId=customer-service-producer-1] Bootstrap broker localhost:9092 (id: -1 rack: null) disconnected
2026-08-28 20:08:46.707 [kafka-producer-network-thread | customer-service-producer-1] INFO  customer-service [o.apache.kafka.clients.NetworkClient] - [Producer clientId=customer-service-producer-1] Node -1 disconnected.
2026-08-28 20:08:46.707 [kafka-producer-network-thread | customer-service-producer-1] WARN  customer-service [o.apache.kafka.clients.NetworkClient] - [Producer clientId=customer-service-producer-1] Connection to node -1 (localhost/127.0.0.1:9092) could not be established. Node may not be available.
2026-08-28 20:08:46.707 [kafka-producer-network-thread | customer-service-producer-1] WARN  customer-service [o.apache.kafka.clients.NetworkClient] - [Producer clientId=customer-service-producer-1] Bootstrap broker localhost:9092 (id: -1 rack: null) disconnected
2026-08-28 20:08:47.638 [kafka-producer-network-thread | customer-service-producer-1] INFO  customer-service [o.apache.kafka.clients.NetworkClient] - [Producer clientId=customer-service-producer-1] Node -1 disconnected.
2026-08-28 20:08:47.639 [kafka-producer-network-thread | customer-service-producer-1] WARN  customer-service [o.apache.kafka.clients.NetworkClient] - [Producer clientId=customer-service-producer-1] Connection to node -1 (localhost/127.0.0.1:9092) could not be established. Node may not be available.
2026-08-28 20:08:47.639 [kafka-producer-network-thread | customer-service-producer-1] WARN  customer-service [o.apache.kafka.clients.NetworkClient] - [Producer clientId=customer-service-producer-1] Bootstrap broker localhost:9092 (id: -1 rack: null) disconnected
2026-08-28 20:08:48.647 [kafka-producer-network-thread | customer-service-producer-1] INFO  customer-service [o.apache.kafka.clients.NetworkClient] - [Producer clientId=customer-service-producer-1] Node -1 disconnected.
2026-08-28 20:08:48.648 [kafka-producer-network-thread | customer-service-producer-1] WARN  customer-service [o.apache.kafka.clients.NetworkClient] - [Producer clientId=customer-service-producer-1] Connection to node -1 (localhost/127.0.0.1:9092) could not be established. Node may not be available.
2026-08-28 20:08:48.648 [kafka-producer-network-thread | customer-service-producer-1] WARN  customer-service [o.apache.kafka.clients.NetworkClient] - [Producer clientId=customer-service-producer-1] Bootstrap broker localhost:9092 (id: -1 rack: null) disconnected
2026-08-28 20:08:49.621 [kafka-producer-network-thread | customer-service-producer-1] INFO  customer-service [o.apache.kafka.clients.NetworkClient] - [Producer clientId=customer-service-producer-1] Node -1 disconnected.
2026-08-28 20:08:49.622 [kafka-producer-network-thread | customer-service-producer-1] WARN  customer-service [o.apache.kafka.clients.NetworkClient] - [Producer clientId=customer-service-producer-1] Connection to node -1 (localhost/127.0.0.1:9092) could not be established. Node may not be available.
2026-08-28 20:08:49.622 [kafka-producer-network-thread | customer-service-producer-1] WARN  customer-service [o.apache.kafka.clients.NetworkClient] - [Producer clientId=customer-service-producer-1] Bootstrap broker localhost:9092 (id: -1 rack: null) disconnected
2026-08-28 20:08:50.630 [kafka-producer-network-thread | customer-service-producer-1] INFO  customer-service [o.apache.kafka.clients.NetworkClient] - [Producer clientId=customer-service-producer-1] Node -1 disconnected.
2026-08-28 20:08:50.630 [kafka-producer-network-thread | customer-service-producer-1] WARN  customer-service [o.apache.kafka.clients.NetworkClient] - [Producer clientId=customer-service-producer-1] Connection to node -1 (localhost/127.0.0.1:9092) could not be established. Node may not be available.
2026-08-28 20:08:50.630 [kafka-producer-network-thread | customer-service-producer-1] WARN  customer-service [o.apache.kafka.clients.NetworkClient] - [Producer clientId=customer-service-producer-1] Bootstrap broker localhost:9092 (id: -1 rack: null) disconnected
2026-08-28 20:08:51.641 [kafka-producer-network-thread | customer-service-producer-1] INFO  customer-service [o.apache.kafka.clients.NetworkClient] - [Producer clientId=customer-service-producer-1] Node -1 disconnected.
2026-08-28 20:08:51.642 [kafka-producer-network-thread | customer-service-producer-1] WARN  customer-service [o.apache.kafka.clients.NetworkClient] - [Producer clientId=customer-service-producer-1] Connection to node -1 (localhost/127.0.0.1:9092) could not be established. Node may not be available.
2026-08-28 20:08:51.643 [kafka-producer-network-thread | customer-service-producer-1] WARN  customer-service [o.apache.kafka.clients.NetworkClient] - [Producer clientId=customer-service-producer-1] Bootstrap broker localhost:9092 (id: -1 rack: null) disconnected
2026-08-28 20:08:52.551 [kafka-producer-network-thread | customer-service-producer-1] INFO  customer-service [o.apache.kafka.clients.NetworkClient] - [Producer clientId=customer-service-producer-1] Node -1 disconnected.
2026-08-28 20:08:52.552 [kafka-producer-network-thread | customer-service-producer-1] WARN  customer-service [o.apache.kafka.clients.NetworkClient] - [Producer clientId=customer-service-producer-1] Connection to node -1 (localhost/127.0.0.1:9092) could not be established. Node may not be available.
2026-08-28 20:08:52.552 [kafka-producer-network-thread | customer-service-producer-1] WARN  customer-service [o.apache.kafka.clients.NetworkClient] - [Producer clientId=customer-service-producer-1] Bootstrap broker localhost:9092 (id: -1 rack: null) disconnected
2026-08-28 20:08:53.574 [kafka-producer-network-thread | customer-service-producer-1] INFO  customer-service [o.apache.kafka.clients.NetworkClient] - [Producer clientId=customer-service-producer-1] Node -1 disconnected.
2026-08-28 20:08:53.574 [kafka-producer-network-thread | customer-service-producer-1] WARN  customer-service [o.apache.kafka.clients.NetworkClient] - [Producer clientId=customer-service-producer-1] Connection to node -1 (localhost/127.0.0.1:9092) could not be established. Node may not be available.
2026-08-28 20:08:53.574 [kafka-producer-network-thread | customer-service-producer-1] WARN  customer-service [o.apache.kafka.clients.NetworkClient] - [Producer clientId=customer-service-producer-1] Bootstrap broker localhost:9092 (id: -1 rack: null) disconnected
2026-08-28 20:08:54.501 [kafka-producer-network-thread | customer-service-producer-1] INFO  customer-service [o.apache.kafka.clients.NetworkClient] - [Producer clientId=customer-service-producer-1] Node -1 disconnected.
2026-08-28 20:08:54.501 [kafka-producer-network-thread | customer-service-producer-1] WARN  customer-service [o.apache.kafka.clients.NetworkClient] - [Producer clientId=customer-service-producer-1] Connection to node -1 (localhost/127.0.0.1:9092) could not be established. Node may not be available.
2026-08-28 20:08:54.502 [kafka-producer-network-thread | customer-service-producer-1] WARN  customer-service [o.apache.kafka.clients.NetworkClient] - [Producer clientId=customer-service-producer-1] Bootstrap broker localhost:9092 (id: -1 rack: null) disconnected
2026-08-28 20:08:55.512 [kafka-producer-network-thread | customer-service-producer-1] INFO  customer-service [o.apache.kafka.clients.NetworkClient] - [Producer clientId=customer-service-producer-1] Node -1 disconnected.
2026-08-28 20:08:55.513 [kafka-producer-network-thread | customer-service-producer-1] WARN  customer-service [o.apache.kafka.clients.NetworkClient] - [Producer clientId=customer-service-producer-1] Connection to node -1 (localhost/127.0.0.1:9092) could not be established. Node may not be available.
2026-08-28 20:08:55.513 [kafka-producer-network-thread | customer-service-producer-1] WARN  customer-service [o.apache.kafka.clients.NetworkClient] - [Producer clientId=customer-service-producer-1] Bootstrap broker localhost:9092 (id: -1 rack: null) disconnected
2026-08-28 20:08:56.513 [kafka-producer-network-thread | customer-service-producer-1] INFO  customer-service [o.apache.kafka.clients.NetworkClient] - [Producer clientId=customer-service-producer-1] Node -1 disconnected.
2026-08-28 20:08:56.514 [kafka-producer-network-thread | customer-service-producer-1] WARN  customer-service [o.apache.kafka.clients.NetworkClient] - [Producer clientId=customer-service-producer-1] Connection to node -1 (localhost/127.0.0.1:9092) could not be established. Node may not be available.
2026-08-28 20:08:56.514 [kafka-producer-network-thread | customer-service-producer-1] WARN  customer-service [o.apache.kafka.clients.NetworkClient] - [Producer clientId=customer-service-producer-1] Bootstrap broker localhost:9092 (id: -1 rack: null) disconnected
2026-08-28 20:08:57.544 [kafka-producer-network-thread | customer-service-producer-1] INFO  customer-service [o.apache.kafka.clients.NetworkClient] - [Producer clientId=customer-service-producer-1] Node -1 disconnected.
2026-08-28 20:08:57.548 [kafka-producer-network-thread | customer-service-producer-1] WARN  customer-service [o.apache.kafka.clients.NetworkClient] - [Producer clientId=customer-service-producer-1] Connection to node -1 (localhost/127.0.0.1:9092) could not be established. Node may not be available.
2026-08-28 20:08:57.548 [kafka-producer-network-thread | customer-service-producer-1] WARN  customer-service [o.apache.kafka.clients.NetworkClient] - [Producer clientId=customer-service-producer-1] Bootstrap broker localhost:9092 (id: -1 rack: null) disconnected
2026-08-28 20:08:58.546 [kafka-producer-network-thread | customer-service-producer-1] INFO  customer-service [o.apache.kafka.clients.NetworkClient] - [Producer clientId=customer-service-producer-1] Node -1 disconnected.
2026-08-28 20:08:58.546 [kafka-producer-network-thread | customer-service-producer-1] WARN  customer-service [o.apache.kafka.clients.NetworkClient] - [Producer clientId=customer-service-producer-1] Connection to node -1 (localhost/127.0.0.1:9092) could not be established. Node may not be available.
2026-08-28 20:08:58.546 [kafka-producer-network-thread | customer-service-producer-1] WARN  customer-service [o.apache.kafka.clients.NetworkClient] - [Producer clientId=customer-service-producer-1] Bootstrap broker localhost:9092 (id: -1 rack: null) disconnected
2026-08-28 20:08:59.482 [kafka-producer-network-thread | customer-service-producer-1] INFO  customer-service [o.apache.kafka.clients.NetworkClient] - [Producer clientId=customer-service-producer-1] Node -1 disconnected.
2026-08-28 20:08:59.483 [kafka-producer-network-thread | customer-service-producer-1] WARN  customer-service [o.apache.kafka.clients.NetworkClient] - [Producer clientId=customer-service-producer-1] Connection to node -1 (localhost/127.0.0.1:9092) could not be established. Node may not be available.
2026-08-28 20:08:59.483 [kafka-producer-network-thread | customer-service-producer-1] WARN  customer-service [o.apache.kafka.clients.NetworkClient] - [Producer clientId=customer-service-producer-1] Bootstrap broker localhost:9092 (id: -1 rack: null) disconnected
2026-08-28 20:09:00.506 [kafka-producer-network-thread | customer-service-producer-1] INFO  customer-service [o.apache.kafka.clients.NetworkClient] - [Producer clientId=customer-service-producer-1] Node -1 disconnected.
2026-08-28 20:09:00.506 [kafka-producer-network-thread | customer-service-producer-1] WARN  customer-service [o.apache.kafka.clients.NetworkClient] - [Producer clientId=customer-service-producer-1] Connection to node -1 (localhost/127.0.0.1:9092) could not be established. Node may not be available.
2026-08-28 20:09:00.506 [kafka-producer-network-thread | customer-service-producer-1] WARN  customer-service [o.apache.kafka.clients.NetworkClient] - [Producer clientId=customer-service-producer-1] Bootstrap broker localhost:9092 (id: -1 rack: null) disconnected
2026-08-28 20:09:01.415 [kafka-producer-network-thread | customer-service-producer-1] INFO  customer-service [o.apache.kafka.clients.NetworkClient] - [Producer clientId=customer-service-producer-1] Node -1 disconnected.
2026-08-28 20:09:01.416 [kafka-producer-network-thread | customer-service-producer-1] WARN  customer-service [o.apache.kafka.clients.NetworkClient] - [Producer clientId=customer-service-producer-1] Connection to node -1 (localhost/127.0.0.1:9092) could not be established. Node may not be available.
2026-08-28 20:09:01.416 [kafka-producer-network-thread | customer-service-producer-1] WARN  customer-service [o.apache.kafka.clients.NetworkClient] - [Producer clientId=customer-service-producer-1] Bootstrap broker localhost:9092 (id: -1 rack: null) disconnected
2026-08-28 20:09:02.424 [kafka-producer-network-thread | customer-service-producer-1] INFO  customer-service [o.apache.kafka.clients.NetworkClient] - [Producer clientId=customer-service-producer-1] Node -1 disconnected.
2026-08-28 20:09:02.425 [kafka-producer-network-thread | customer-service-producer-1] WARN  customer-service [o.apache.kafka.clients.NetworkClient] - [Producer clientId=customer-service-producer-1] Connection to node -1 (localhost/127.0.0.1:9092) could not be established. Node may not be available.
2026-08-28 20:09:02.425 [kafka-producer-network-thread | customer-service-producer-1] WARN  customer-service [o.apache.kafka.clients.NetworkClient] - [Producer clientId=customer-service-producer-1] Bootstrap broker localhost:9092 (id: -1 rack: null) disconnected
2026-08-28 20:09:03.425 [kafka-producer-network-thread | customer-service-producer-1] INFO  customer-service [o.apache.kafka.clients.NetworkClient] - [Producer clientId=customer-service-producer-1] Node -1 disconnected.
2026-08-28 20:09:03.426 [kafka-producer-network-thread | customer-service-producer-1] WARN  customer-service [o.apache.kafka.clients.NetworkClient] - [Producer clientId=customer-service-producer-1] Connection to node -1 (localhost/127.0.0.1:9092) could not be established. Node may not be available.
2026-08-28 20:09:03.426 [kafka-producer-network-thread | customer-service-producer-1] WARN  customer-service [o.apache.kafka.clients.NetworkClient] - [Producer clientId=customer-service-producer-1] Bootstrap broker localhost:9092 (id: -1 rack: null) disconnected
2026-08-28 20:09:04.333 [kafka-producer-network-thread | customer-service-producer-1] INFO  customer-service [o.apache.kafka.clients.NetworkClient] - [Producer clientId=customer-service-producer-1] Node -1 disconnected.
2026-08-28 20:09:04.333 [kafka-producer-network-thread | customer-service-producer-1] WARN  customer-service [o.apache.kafka.clients.NetworkClient] - [Producer clientId=customer-service-producer-1] Connection to node -1 (localhost/127.0.0.1:9092) could not be established. Node may not be available.
2026-08-28 20:09:04.333 [kafka-producer-network-thread | customer-service-producer-1] WARN  customer-service [o.apache.kafka.clients.NetworkClient] - [Producer clientId=customer-service-producer-1] Bootstrap broker localhost:9092 (id: -1 rack: null) disconnected
2026-08-28 20:09:05.368 [kafka-producer-network-thread | customer-service-producer-1] INFO  customer-service [o.apache.kafka.clients.NetworkClient] - [Producer clientId=customer-service-producer-1] Node -1 disconnected.
2026-08-28 20:09:05.369 [kafka-producer-network-thread | customer-service-producer-1] WARN  customer-service [o.apache.kafka.clients.NetworkClient] - [Producer clientId=customer-service-producer-1] Connection to node -1 (localhost/127.0.0.1:9092) could not be established. Node may not be available.
2026-08-28 20:09:05.369 [kafka-producer-network-thread | customer-service-producer-1] WARN  customer-service [o.apache.kafka.clients.NetworkClient] - [Producer clientId=customer-service-producer-1] Bootstrap broker localhost:9092 (id: -1 rack: null) disconnected
2026-08-28 20:09:06.226 [kafka-producer-network-thread | customer-service-producer-1] INFO  customer-service [o.apache.kafka.clients.NetworkClient] - [Producer clientId=customer-service-producer-1] Node -1 disconnected.
2026-08-28 20:09:06.226 [kafka-producer-network-thread | customer-service-producer-1] WARN  customer-service [o.apache.kafka.clients.NetworkClient] - [Producer clientId=customer-service-producer-1] Connection to node -1 (localhost/127.0.0.1:9092) could not be established. Node may not be available.
2026-08-28 20:09:06.227 [kafka-producer-network-thread | customer-service-producer-1] WARN  customer-service [o.apache.kafka.clients.NetworkClient] - [Producer clientId=customer-service-producer-1] Bootstrap broker localhost:9092 (id: -1 rack: null) disconnected
2026-08-28 20:09:07.222 [kafka-producer-network-thread | customer-service-producer-1] INFO  customer-service [o.apache.kafka.clients.NetworkClient] - [Producer clientId=customer-service-producer-1] Node -1 disconnected.
2026-08-28 20:09:07.222 [kafka-producer-network-thread | customer-service-producer-1] WARN  customer-service [o.apache.kafka.clients.NetworkClient] - [Producer clientId=customer-service-producer-1] Connection to node -1 (localhost/127.0.0.1:9092) could not be established. Node may not be available.
2026-08-28 20:09:07.223 [kafka-producer-network-thread | customer-service-producer-1] WARN  customer-service [o.apache.kafka.clients.NetworkClient] - [Producer clientId=customer-service-producer-1] Bootstrap broker localhost:9092 (id: -1 rack: null) disconnected
2026-08-28 20:09:08.238 [kafka-producer-network-thread | customer-service-producer-1] INFO  customer-service [o.apache.kafka.clients.NetworkClient] - [Producer clientId=customer-service-producer-1] Node -1 disconnected.
2026-08-28 20:09:08.238 [kafka-producer-network-thread | customer-service-producer-1] WARN  customer-service [o.apache.kafka.clients.NetworkClient] - [Producer clientId=customer-service-producer-1] Connection to node -1 (localhost/127.0.0.1:9092) could not be established. Node may not be available.
2026-08-28 20:09:08.238 [kafka-producer-network-thread | customer-service-producer-1] WARN  customer-service [o.apache.kafka.clients.NetworkClient] - [Producer clientId=customer-service-producer-1] Bootstrap broker localhost:9092 (id: -1 rack: null) disconnected
2026-08-28 20:09:08.922 [http-nio-8081-exec-2] INFO  customer-service [o.a.c.c.C.[Tomcat].[localhost].[/]] - Initializing Spring DispatcherServlet 'dispatcherServlet'
2026-08-28 20:09:08.922 [http-nio-8081-exec-2] INFO  customer-service [o.s.web.servlet.DispatcherServlet] - Initializing Servlet 'dispatcherServlet'
2026-08-28 20:09:08.925 [http-nio-8081-exec-2] INFO  customer-service [o.s.web.servlet.DispatcherServlet] - Completed initialization in 1 ms
2026-08-28 20:09:09.238 [kafka-producer-network-thread | customer-service-producer-1] INFO  customer-service [o.apache.kafka.clients.NetworkClient] - [Producer clientId=customer-service-producer-1] Node -1 disconnected.
2026-08-28 20:09:09.239 [kafka-producer-network-thread | customer-service-producer-1] WARN  customer-service [o.apache.kafka.clients.NetworkClient] - [Producer clientId=customer-service-producer-1] Connection to node -1 (localhost/127.0.0.1:9092) could not be established. Node may not be available.
2026-08-28 20:09:09.239 [kafka-producer-network-thread | customer-service-producer-1] WARN  customer-service [o.apache.kafka.clients.NetworkClient] - [Producer clientId=customer-service-producer-1] Bootstrap broker localhost:9092 (id: -1 rack: null) disconnected
2026-08-28 20:09:10.096 [kafka-producer-network-thread | customer-service-producer-1] INFO  customer-service [o.apache.kafka.clients.NetworkClient] - [Producer clientId=customer-service-producer-1] Node -1 disconnected.
2026-08-28 20:09:10.096 [kafka-producer-network-thread | customer-service-producer-1] WARN  customer-service [o.apache.kafka.clients.NetworkClient] - [Producer clientId=customer-service-producer-1] Connection to node -1 (localhost/127.0.0.1:9092) could not be established. Node may not be available.
2026-08-28 20:09:10.097 [kafka-producer-network-thread | customer-service-producer-1] WARN  customer-service [o.apache.kafka.clients.NetworkClient] - [Producer clientId=customer-service-producer-1] Bootstrap broker localhost:9092 (id: -1 rack: null) disconnected
2026-08-28 20:09:11.096 [kafka-producer-network-thread | customer-service-producer-1] INFO  customer-service [o.apache.kafka.clients.NetworkClient] - [Producer clientId=customer-service-producer-1] Node -1 disconnected.
2026-08-28 20:09:11.096 [kafka-producer-network-thread | customer-service-producer-1] WARN  customer-service [o.apache.kafka.clients.NetworkClient] - [Producer clientId=customer-service-producer-1] Connection to node -1 (localhost/127.0.0.1:9092) could not be established. Node may not be available.
2026-08-28 20:09:11.096 [kafka-producer-network-thread | customer-service-producer-1] WARN  customer-service [o.apache.kafka.clients.NetworkClient] - [Producer clientId=customer-service-producer-1] Bootstrap broker localhost:9092 (id: -1 rack: null) disconnected
2026-08-28 20:09:12.171 [kafka-producer-network-thread | customer-service-producer-1] INFO  customer-service [o.apache.kafka.clients.NetworkClient] - [Producer clientId=customer-service-producer-1] Node -1 disconnected.
2026-08-28 20:09:12.171 [kafka-producer-network-thread | customer-service-producer-1] WARN  customer-service [o.apache.kafka.clients.NetworkClient] - [Producer clientId=customer-service-producer-1] Connection to node -1 (localhost/127.0.0.1:9092) could not be established. Node may not be available.
2026-08-28 20:09:12.171 [kafka-producer-network-thread | customer-service-producer-1] WARN  customer-service [o.apache.kafka.clients.NetworkClient] - [Producer clientId=customer-service-producer-1] Bootstrap broker localhost:9092 (id: -1 rack: null) disconnected
2026-08-28 20:09:13.189 [kafka-producer-network-thread | customer-service-producer-1] INFO  customer-service [o.apache.kafka.clients.NetworkClient] - [Producer clientId=customer-service-producer-1] Node -1 disconnected.
2026-08-28 20:09:13.190 [kafka-producer-network-thread | customer-service-producer-1] WARN  customer-service [o.apache.kafka.clients.NetworkClient] - [Producer clientId=customer-service-producer-1] Connection to node -1 (localhost/127.0.0.1:9092) could not be established. Node may not be available.
2026-08-28 20:09:13.190 [kafka-producer-network-thread | customer-service-producer-1] WARN  customer-service [o.apache.kafka.clients.NetworkClient] - [Producer clientId=customer-service-producer-1] Bootstrap broker localhost:9092 (id: -1 rack: null) disconnected
2026-08-28 20:09:14.194 [kafka-producer-network-thread | customer-service-producer-1] INFO  customer-service [o.apache.kafka.clients.NetworkClient] - [Producer clientId=customer-service-producer-1] Node -1 disconnected.
2026-08-28 20:09:14.194 [kafka-producer-network-thread | customer-service-producer-1] WARN  customer-service [o.apache.kafka.clients.NetworkClient] - [Producer clientId=customer-service-producer-1] Connection to node -1 (localhost/127.0.0.1:9092) could not be established. Node may not be available.
2026-08-28 20:09:14.195 [kafka-producer-network-thread | customer-service-producer-1] WARN  customer-service [o.apache.kafka.clients.NetworkClient] - [Producer clientId=customer-service-producer-1] Bootstrap broker localhost:9092 (id: -1 rack: null) disconnected
2026-08-28 20:09:15.213 [kafka-producer-network-thread | customer-service-producer-1] INFO  customer-service [o.apache.kafka.clients.NetworkClient] - [Producer clientId=customer-service-producer-1] Node -1 disconnected.
2026-08-28 20:09:15.214 [kafka-producer-network-thread | customer-service-producer-1] WARN  customer-service [o.apache.kafka.clients.NetworkClient] - [Producer clientId=customer-service-producer-1] Connection to node -1 (localhost/127.0.0.1:9092) could not be established. Node may not be available.
2026-08-28 20:09:15.214 [kafka-producer-network-thread | customer-service-producer-1] WARN  customer-service [o.apache.kafka.clients.NetworkClient] - [Producer clientId=customer-service-producer-1] Bootstrap broker localhost:9092 (id: -1 rack: null) disconnected
2026-08-28 20:09:16.177 [kafka-producer-network-thread | customer-service-producer-1] INFO  customer-service [o.apache.kafka.clients.NetworkClient] - [Producer clientId=customer-service-producer-1] Node -1 disconnected.
2026-08-28 20:09:16.177 [kafka-producer-network-thread | customer-service-producer-1] WARN  customer-service [o.apache.kafka.clients.NetworkClient] - [Producer clientId=customer-service-producer-1] Connection to node -1 (localhost/127.0.0.1:9092) could not be established. Node may not be available.
2026-08-28 20:09:16.177 [kafka-producer-network-thread | customer-service-producer-1] WARN  customer-service [o.apache.kafka.clients.NetworkClient] - [Producer clientId=customer-service-producer-1] Bootstrap broker localhost:9092 (id: -1 rack: null) disconnected
2026-08-28 20:09:17.179 [kafka-producer-network-thread | customer-service-producer-1] INFO  customer-service [o.apache.kafka.clients.NetworkClient] - [Producer clientId=customer-service-producer-1] Node -1 disconnected.
2026-08-28 20:09:17.179 [kafka-producer-network-thread | customer-service-producer-1] WARN  customer-service [o.apache.kafka.clients.NetworkClient] - [Producer clientId=customer-service-producer-1] Connection to node -1 (localhost/127.0.0.1:9092) could not be established. Node may not be available.
2026-08-28 20:09:17.179 [kafka-producer-network-thread | customer-service-producer-1] WARN  customer-service [o.apache.kafka.clients.NetworkClient] - [Producer clientId=customer-service-producer-1] Bootstrap broker localhost:9092 (id: -1 rack: null) disconnected
2026-08-28 20:09:18.080 [kafka-producer-network-thread | customer-service-producer-1] INFO  customer-service [o.apache.kafka.clients.NetworkClient] - [Producer clientId=customer-service-producer-1] Node -1 disconnected.
2026-08-28 20:09:18.080 [kafka-producer-network-thread | customer-service-producer-1] WARN  customer-service [o.apache.kafka.clients.NetworkClient] - [Producer clientId=customer-service-producer-1] Connection to node -1 (localhost/127.0.0.1:9092) could not be established. Node may not be available.
2026-08-28 20:09:18.080 [kafka-producer-network-thread | customer-service-producer-1] WARN  customer-service [o.apache.kafka.clients.NetworkClient] - [Producer clientId=customer-service-producer-1] Bootstrap broker localhost:9092 (id: -1 rack: null) disconnected
2026-08-28 20:09:19.087 [kafka-producer-network-thread | customer-service-producer-1] INFO  customer-service [o.apache.kafka.clients.NetworkClient] - [Producer clientId=customer-service-producer-1] Node -1 disconnected.
2026-08-28 20:09:19.087 [kafka-producer-network-thread | customer-service-producer-1] WARN  customer-service [o.apache.kafka.clients.NetworkClient] - [Producer clientId=customer-service-producer-1] Connection to node -1 (localhost/127.0.0.1:9092) could not be established. Node may not be available.
2026-08-28 20:09:19.088 [kafka-producer-network-thread | customer-service-producer-1] WARN  customer-service [o.apache.kafka.clients.NetworkClient] - [Producer clientId=customer-service-producer-1] Bootstrap broker localhost:9092 (id: -1 rack: null) disconnected
2026-08-28 20:09:20.087 [kafka-producer-network-thread | customer-service-producer-1] INFO  customer-service [o.apache.kafka.clients.NetworkClient] - [Producer clientId=customer-service-producer-1] Node -1 disconnected.
2026-08-28 20:09:20.088 [kafka-producer-network-thread | customer-service-producer-1] WARN  customer-service [o.apache.kafka.clients.NetworkClient] - [Producer clientId=customer-service-producer-1] Connection to node -1 (localhost/127.0.0.1:9092) could not be established. Node may not be available.
2026-08-28 20:09:20.088 [kafka-producer-network-thread | customer-service-producer-1] WARN  customer-service [o.apache.kafka.clients.NetworkClient] - [Producer clientId=customer-service-producer-1] Bootstrap broker localhost:9092 (id: -1 rack: null) disconnected
2026-08-28 20:09:21.087 [kafka-producer-network-thread | customer-service-producer-1] INFO  customer-service [o.apache.kafka.clients.NetworkClient] - [Producer clientId=customer-service-producer-1] Node -1 disconnected.
2026-08-28 20:09:21.087 [kafka-producer-network-thread | customer-service-producer-1] WARN  customer-service [o.apache.kafka.clients.NetworkClient] - [Producer clientId=customer-service-producer-1] Connection to node -1 (localhost/127.0.0.1:9092) could not be established. Node may not be available.
2026-08-28 20:09:21.088 [kafka-producer-network-thread | customer-service-producer-1] WARN  customer-service [o.apache.kafka.clients.NetworkClient] - [Producer clientId=customer-service-producer-1] Bootstrap broker localhost:9092 (id: -1 rack: null) disconnected
2026-08-28 20:09:22.093 [kafka-producer-network-thread | customer-service-producer-1] INFO  customer-service [o.apache.kafka.clients.NetworkClient] - [Producer clientId=customer-service-producer-1] Node -1 disconnected.
2026-08-28 20:09:22.094 [kafka-producer-network-thread | customer-service-producer-1] WARN  customer-service [o.apache.kafka.clients.NetworkClient] - [Producer clientId=customer-service-producer-1] Connection to node -1 (localhost/127.0.0.1:9092) could not be established. Node may not be available.
2026-08-28 20:09:22.094 [kafka-producer-network-thread | customer-service-producer-1] WARN  customer-service [o.apache.kafka.clients.NetworkClient] - [Producer clientId=customer-service-producer-1] Bootstrap broker localhost:9092 (id: -1 rack: null) disconnected
2026-08-28 20:09:23.096 [kafka-producer-network-thread | customer-service-producer-1] INFO  customer-service [o.apache.kafka.clients.NetworkClient] - [Producer clientId=customer-service-producer-1] Node -1 disconnected.
2026-08-28 20:09:23.097 [kafka-producer-network-thread | customer-service-producer-1] WARN  customer-service [o.apache.kafka.clients.NetworkClient] - [Producer clientId=customer-service-producer-1] Connection to node -1 (localhost/127.0.0.1:9092) could not be established. Node may not be available.
2026-08-28 20:09:23.097 [kafka-producer-network-thread | customer-service-producer-1] WARN  customer-service [o.apache.kafka.clients.NetworkClient] - [Producer clientId=customer-service-producer-1] Bootstrap broker localhost:9092 (id: -1 rack: null) disconnected
2026-08-28 20:09:23.978 [kafka-producer-network-thread | customer-service-producer-1] INFO  customer-service [o.apache.kafka.clients.NetworkClient] - [Producer clientId=customer-service-producer-1] Node -1 disconnected.
2026-08-28 20:09:23.979 [kafka-producer-network-thread | customer-service-producer-1] WARN  customer-service [o.apache.kafka.clients.NetworkClient] - [Producer clientId=customer-service-producer-1] Connection to node -1 (localhost/127.0.0.1:9092) could not be established. Node may not be available.
2026-08-28 20:09:23.979 [kafka-producer-network-thread | customer-service-producer-1] WARN  customer-service [o.apache.kafka.clients.NetworkClient] - [Producer clientId=customer-service-producer-1] Bootstrap broker localhost:9092 (id: -1 rack: null) disconnected
2026-08-28 20:09:24.978 [kafka-producer-network-thread | customer-service-producer-1] INFO  customer-service [o.apache.kafka.clients.NetworkClient] - [Producer clientId=customer-service-producer-1] Node -1 disconnected.
2026-08-28 20:09:24.979 [kafka-producer-network-thread | customer-service-producer-1] WARN  customer-service [o.apache.kafka.clients.NetworkClient] - [Producer clientId=customer-service-producer-1] Connection to node -1 (localhost/127.0.0.1:9092) could not be established. Node may not be available.
2026-08-28 20:09:24.979 [kafka-producer-network-thread | customer-service-producer-1] WARN  customer-service [o.apache.kafka.clients.NetworkClient] - [Producer clientId=customer-service-producer-1] Bootstrap broker localhost:9092 (id: -1 rack: null) disconnected
2026-08-28 20:09:25.954 [kafka-producer-network-thread | customer-service-producer-1] INFO  customer-service [o.apache.kafka.clients.NetworkClient] - [Producer clientId=customer-service-producer-1] Node -1 disconnected.
2026-08-28 20:09:25.954 [kafka-producer-network-thread | customer-service-producer-1] WARN  customer-service [o.apache.kafka.clients.NetworkClient] - [Producer clientId=customer-service-producer-1] Connection to node -1 (localhost/127.0.0.1:9092) could not be established. Node may not be available.
2026-08-28 20:09:25.954 [kafka-producer-network-thread | customer-service-producer-1] WARN  customer-service [o.apache.kafka.clients.NetworkClient] - [Producer clientId=customer-service-producer-1] Bootstrap broker localhost:9092 (id: -1 rack: null) disconnected
2026-08-28 20:09:26.961 [kafka-producer-network-thread | customer-service-producer-1] INFO  customer-service [o.apache.kafka.clients.NetworkClient] - [Producer clientId=customer-service-producer-1] Node -1 disconnected.
2026-08-28 20:09:26.961 [kafka-producer-network-thread | customer-service-producer-1] WARN  customer-service [o.apache.kafka.clients.NetworkClient] - [Producer clientId=customer-service-producer-1] Connection to node -1 (localhost/127.0.0.1:9092) could not be established. Node may not be available.
2026-08-28 20:09:26.962 [kafka-producer-network-thread | customer-service-producer-1] WARN  customer-service [o.apache.kafka.clients.NetworkClient] - [Producer clientId=customer-service-producer-1] Bootstrap broker localhost:9092 (id: -1 rack: null) disconnected
2026-08-28 20:09:27.857 [kafka-producer-network-thread | customer-service-producer-1] INFO  customer-service [o.apache.kafka.clients.NetworkClient] - [Producer clientId=customer-service-producer-1] Node -1 disconnected.
2026-08-28 20:09:27.858 [kafka-producer-network-thread | customer-service-producer-1] WARN  customer-service [o.apache.kafka.clients.NetworkClient] - [Producer clientId=customer-service-producer-1] Connection to node -1 (localhost/127.0.0.1:9092) could not be established. Node may not be available.
2026-08-28 20:09:27.858 [kafka-producer-network-thread | customer-service-producer-1] WARN  customer-service [o.apache.kafka.clients.NetworkClient] - [Producer clientId=customer-service-producer-1] Bootstrap broker localhost:9092 (id: -1 rack: null) disconnected
2026-08-28 20:09:28.874 [kafka-producer-network-thread | customer-service-producer-1] INFO  customer-service [o.apache.kafka.clients.NetworkClient] - [Producer clientId=customer-service-producer-1] Node -1 disconnected.
2026-08-28 20:09:28.874 [kafka-producer-network-thread | customer-service-producer-1] WARN  customer-service [o.apache.kafka.clients.NetworkClient] - [Producer clientId=customer-service-producer-1] Connection to node -1 (localhost/127.0.0.1:9092) could not be established. Node may not be available.
2026-08-28 20:09:28.874 [kafka-producer-network-thread | customer-service-producer-1] WARN  customer-service [o.apache.kafka.clients.NetworkClient] - [Producer clientId=customer-service-producer-1] Bootstrap broker localhost:9092 (id: -1 rack: null) disconnected
2026-08-28 20:09:29.918 [kafka-producer-network-thread | customer-service-producer-1] INFO  customer-service [o.apache.kafka.clients.NetworkClient] - [Producer clientId=customer-service-producer-1] Node -1 disconnected.
2026-08-28 20:09:29.919 [kafka-producer-network-thread | customer-service-producer-1] WARN  customer-service [o.apache.kafka.clients.NetworkClient] - [Producer clientId=customer-service-producer-1] Connection to node -1 (localhost/127.0.0.1:9092) could not be established. Node may not be available.
2026-08-28 20:09:29.919 [kafka-producer-network-thread | customer-service-producer-1] WARN  customer-service [o.apache.kafka.clients.NetworkClient] - [Producer clientId=customer-service-producer-1] Bootstrap broker localhost:9092 (id: -1 rack: null) disconnected
2026-08-28 20:09:30.936 [kafka-producer-network-thread | customer-service-producer-1] INFO  customer-service [o.apache.kafka.clients.NetworkClient] - [Producer clientId=customer-service-producer-1] Node -1 disconnected.
2026-08-28 20:09:30.936 [kafka-producer-network-thread | customer-service-producer-1] WARN  customer-service [o.apache.kafka.clients.NetworkClient] - [Producer clientId=customer-service-producer-1] Connection to node -1 (localhost/127.0.0.1:9092) could not be established. Node may not be available.
2026-08-28 20:09:30.936 [kafka-producer-network-thread | customer-service-producer-1] WARN  customer-service [o.apache.kafka.clients.NetworkClient] - [Producer clientId=customer-service-producer-1] Bootstrap broker localhost:9092 (id: -1 rack: null) disconnected
2026-08-28 20:09:31.890 [kafka-producer-network-thread | customer-service-producer-1] INFO  customer-service [o.apache.kafka.clients.NetworkClient] - [Producer clientId=customer-service-producer-1] Node -1 disconnected.
2026-08-28 20:09:31.891 [kafka-producer-network-thread | customer-service-producer-1] WARN  customer-service [o.apache.kafka.clients.NetworkClient] - [Producer clientId=customer-service-producer-1] Connection to node -1 (localhost/127.0.0.1:9092) could not be established. Node may not be available.
2026-08-28 20:09:31.891 [kafka-producer-network-thread | customer-service-producer-1] WARN  customer-service [o.apache.kafka.clients.NetworkClient] - [Producer clientId=customer-service-producer-1] Bootstrap broker localhost:9092 (id: -1 rack: null) disconnected
2026-08-28 20:09:32.919 [kafka-producer-network-thread | customer-service-producer-1] INFO  customer-service [o.apache.kafka.clients.NetworkClient] - [Producer clientId=customer-service-producer-1] Node -1 disconnected.
2026-08-28 20:09:32.919 [kafka-producer-network-thread | customer-service-producer-1] WARN  customer-service [o.apache.kafka.clients.NetworkClient] - [Producer clientId=customer-service-producer-1] Connection to node -1 (localhost/127.0.0.1:9092) could not be established. Node may not be available.
2026-08-28 20:09:32.920 [kafka-producer-network-thread | customer-service-producer-1] WARN  customer-service [o.apache.kafka.clients.NetworkClient] - [Producer clientId=customer-service-producer-1] Bootstrap broker localhost:9092 (id: -1 rack: null) disconnected
2026-08-28 20:09:33.921 [kafka-producer-network-thread | customer-service-producer-1] INFO  customer-service [o.apache.kafka.clients.NetworkClient] - [Producer clientId=customer-service-producer-1] Node -1 disconnected.
2026-08-28 20:09:33.922 [kafka-producer-network-thread | customer-service-producer-1] WARN  customer-service [o.apache.kafka.clients.NetworkClient] - [Producer clientId=customer-service-producer-1] Connection to node -1 (localhost/127.0.0.1:9092) could not be established. Node may not be available.
2026-08-28 20:09:33.922 [kafka-producer-network-thread | customer-service-producer-1] WARN  customer-service [o.apache.kafka.clients.NetworkClient] - [Producer clientId=customer-service-producer-1] Bootstrap broker localhost:9092 (id: -1 rack: null) disconnected
2026-08-28 20:09:34.761 [kafka-producer-network-thread | customer-service-producer-1] INFO  customer-service [o.apache.kafka.clients.NetworkClient] - [Producer clientId=customer-service-producer-1] Node -1 disconnected.
2026-08-28 20:09:34.762 [kafka-producer-network-thread | customer-service-producer-1] WARN  customer-service [o.apache.kafka.clients.NetworkClient] - [Producer clientId=customer-service-producer-1] Connection to node -1 (localhost/127.0.0.1:9092) could not be established. Node may not be available.
2026-08-28 20:09:34.762 [kafka-producer-network-thread | customer-service-producer-1] WARN  customer-service [o.apache.kafka.clients.NetworkClient] - [Producer clientId=customer-service-producer-1] Bootstrap broker localhost:9092 (id: -1 rack: null) disconnected
2026-08-28 20:09:35.672 [kafka-producer-network-thread | customer-service-producer-1] INFO  customer-service [o.apache.kafka.clients.NetworkClient] - [Producer clientId=customer-service-producer-1] Node -1 disconnected.
2026-08-28 20:09:35.673 [kafka-producer-network-thread | customer-service-producer-1] WARN  customer-service [o.apache.kafka.clients.NetworkClient] - [Producer clientId=customer-service-producer-1] Connection to node -1 (localhost/127.0.0.1:9092) could not be established. Node may not be available.
2026-08-28 20:09:35.673 [kafka-producer-network-thread | customer-service-producer-1] WARN  customer-service [o.apache.kafka.clients.NetworkClient] - [Producer clientId=customer-service-producer-1] Bootstrap broker localhost:9092 (id: -1 rack: null) disconnected
2026-08-28 20:09:36.718 [kafka-producer-network-thread | customer-service-producer-1] INFO  customer-service [o.apache.kafka.clients.NetworkClient] - [Producer clientId=customer-service-producer-1] Node -1 disconnected.
2026-08-28 20:09:36.719 [kafka-producer-network-thread | customer-service-producer-1] WARN  customer-service [o.apache.kafka.clients.NetworkClient] - [Producer clientId=customer-service-producer-1] Connection to node -1 (localhost/127.0.0.1:9092) could not be established. Node may not be available.
2026-08-28 20:09:36.719 [kafka-producer-network-thread | customer-service-producer-1] WARN  customer-service [o.apache.kafka.clients.NetworkClient] - [Producer clientId=customer-service-producer-1] Bootstrap broker localhost:9092 (id: -1 rack: null) disconnected
2026-08-28 20:09:37.684 [kafka-producer-network-thread | customer-service-producer-1] INFO  customer-service [o.apache.kafka.clients.NetworkClient] - [Producer clientId=customer-service-producer-1] Node -1 disconnected.
2026-08-28 20:09:37.685 [kafka-producer-network-thread | customer-service-producer-1] WARN  customer-service [o.apache.kafka.clients.NetworkClient] - [Producer clientId=customer-service-producer-1] Connection to node -1 (localhost/127.0.0.1:9092) could not be established. Node may not be available.
2026-08-28 20:09:37.685 [kafka-producer-network-thread | customer-service-producer-1] WARN  customer-service [o.apache.kafka.clients.NetworkClient] - [Producer clientId=customer-service-producer-1] Bootstrap broker localhost:9092 (id: -1 rack: null) disconnected
2026-08-28 20:09:38.590 [kafka-producer-network-thread | customer-service-producer-1] INFO  customer-service [o.apache.kafka.clients.NetworkClient] - [Producer clientId=customer-service-producer-1] Node -1 disconnected.
2026-08-28 20:09:38.591 [kafka-producer-network-thread | customer-service-producer-1] WARN  customer-service [o.apache.kafka.clients.NetworkClient] - [Producer clientId=customer-service-producer-1] Connection to node -1 (localhost/127.0.0.1:9092) could not be established. Node may not be available.
2026-08-28 20:09:38.591 [kafka-producer-network-thread | customer-service-producer-1] WARN  customer-service [o.apache.kafka.clients.NetworkClient] - [Producer clientId=customer-service-producer-1] Bootstrap broker localhost:9092 (id: -1 rack: null) disconnected
2026-08-28 20:09:39.552 [kafka-producer-network-thread | customer-service-producer-1] INFO  customer-service [o.apache.kafka.clients.NetworkClient] - [Producer clientId=customer-service-producer-1] Node -1 disconnected.
2026-08-28 20:09:39.552 [kafka-producer-network-thread | customer-service-producer-1] WARN  customer-service [o.apache.kafka.clients.NetworkClient] - [Producer clientId=customer-service-producer-1] Connection to node -1 (localhost/127.0.0.1:9092) could not be established. Node may not be available.
2026-08-28 20:09:39.553 [kafka-producer-network-thread | customer-service-producer-1] WARN  customer-service [o.apache.kafka.clients.NetworkClient] - [Producer clientId=customer-service-producer-1] Bootstrap broker localhost:9092 (id: -1 rack: null) disconnected
2026-08-28 20:09:40.566 [kafka-producer-network-thread | customer-service-producer-1] INFO  customer-service [o.apache.kafka.clients.NetworkClient] - [Producer clientId=customer-service-producer-1] Node -1 disconnected.
2026-08-28 20:09:40.566 [kafka-producer-network-thread | customer-service-producer-1] WARN  customer-service [o.apache.kafka.clients.NetworkClient] - [Producer clientId=customer-service-producer-1] Connection to node -1 (localhost/127.0.0.1:9092) could not be established. Node may not be available.
2026-08-28 20:09:40.566 [kafka-producer-network-thread | customer-service-producer-1] WARN  customer-service [o.apache.kafka.clients.NetworkClient] - [Producer clientId=customer-service-producer-1] Bootstrap broker localhost:9092 (id: -1 rack: null) disconnected
2026-08-28 20:09:41.572 [kafka-producer-network-thread | customer-service-producer-1] INFO  customer-service [o.apache.kafka.clients.NetworkClient] - [Producer clientId=customer-service-producer-1] Node -1 disconnected.
2026-08-28 20:09:41.573 [kafka-producer-network-thread | customer-service-producer-1] WARN  customer-service [o.apache.kafka.clients.NetworkClient] - [Producer clientId=customer-service-producer-1] Connection to node -1 (localhost/127.0.0.1:9092) could not be established. Node may not be available.
2026-08-28 20:09:41.573 [kafka-producer-network-thread | customer-service-producer-1] WARN  customer-service [o.apache.kafka.clients.NetworkClient] - [Producer clientId=customer-service-producer-1] Bootstrap broker localhost:9092 (id: -1 rack: null) disconnected
2026-08-28 20:09:42.573 [kafka-producer-network-thread | customer-service-producer-1] INFO  customer-service [o.apache.kafka.clients.NetworkClient] - [Producer clientId=customer-service-producer-1] Node -1 disconnected.
2026-08-28 20:09:42.573 [kafka-producer-network-thread | customer-service-producer-1] WARN  customer-service [o.apache.kafka.clients.NetworkClient] - [Producer clientId=customer-service-producer-1] Connection to node -1 (localhost/127.0.0.1:9092) could not be established. Node may not be available.
2026-08-28 20:09:42.573 [kafka-producer-network-thread | customer-service-producer-1] WARN  customer-service [o.apache.kafka.clients.NetworkClient] - [Producer clientId=customer-service-producer-1] Bootstrap broker localhost:9092 (id: -1 rack: null) disconnected
2026-08-28 20:09:43.605 [kafka-producer-network-thread | customer-service-producer-1] INFO  customer-service [o.apache.kafka.clients.NetworkClient] - [Producer clientId=customer-service-producer-1] Node -1 disconnected.
2026-08-28 20:09:43.605 [kafka-producer-network-thread | customer-service-producer-1] WARN  customer-service [o.apache.kafka.clients.NetworkClient] - [Producer clientId=customer-service-producer-1] Connection to node -1 (localhost/127.0.0.1:9092) could not be established. Node may not be available.
2026-08-28 20:09:43.605 [kafka-producer-network-thread | customer-service-producer-1] WARN  customer-service [o.apache.kafka.clients.NetworkClient] - [Producer clientId=customer-service-producer-1] Bootstrap broker localhost:9092 (id: -1 rack: null) disconnected
2026-08-28 20:09:44.575 [kafka-producer-network-thread | customer-service-producer-1] INFO  customer-service [o.apache.kafka.clients.NetworkClient] - [Producer clientId=customer-service-producer-1] Node -1 disconnected.
2026-08-28 20:09:44.576 [kafka-producer-network-thread | customer-service-producer-1] WARN  customer-service [o.apache.kafka.clients.NetworkClient] - [Producer clientId=customer-service-producer-1] Connection to node -1 (localhost/127.0.0.1:9092) could not be established. Node may not be available.
2026-08-28 20:09:44.576 [kafka-producer-network-thread | customer-service-producer-1] WARN  customer-service [o.apache.kafka.clients.NetworkClient] - [Producer clientId=customer-service-producer-1] Bootstrap broker localhost:9092 (id: -1 rack: null) disconnected
2026-08-28 20:09:45.540 [kafka-producer-network-thread | customer-service-producer-1] INFO  customer-service [o.apache.kafka.clients.NetworkClient] - [Producer clientId=customer-service-producer-1] Node -1 disconnected.
2026-08-28 20:09:45.541 [kafka-producer-network-thread | customer-service-producer-1] WARN  customer-service [o.apache.kafka.clients.NetworkClient] - [Producer clientId=customer-service-producer-1] Connection to node -1 (localhost/127.0.0.1:9092) could not be established. Node may not be available.
2026-08-28 20:09:45.541 [kafka-producer-network-thread | customer-service-producer-1] WARN  customer-service [o.apache.kafka.clients.NetworkClient] - [Producer clientId=customer-service-producer-1] Bootstrap broker localhost:9092 (id: -1 rack: null) disconnected
2026-08-28 20:09:46.400 [kafka-producer-network-thread | customer-service-producer-1] INFO  customer-service [o.apache.kafka.clients.NetworkClient] - [Producer clientId=customer-service-producer-1] Node -1 disconnected.
2026-08-28 20:09:46.400 [kafka-producer-network-thread | customer-service-producer-1] WARN  customer-service [o.apache.kafka.clients.NetworkClient] - [Producer clientId=customer-service-producer-1] Connection to node -1 (localhost/127.0.0.1:9092) could not be established. Node may not be available.
2026-08-28 20:09:46.401 [kafka-producer-network-thread | customer-service-producer-1] WARN  customer-service [o.apache.kafka.clients.NetworkClient] - [Producer clientId=customer-service-producer-1] Bootstrap broker localhost:9092 (id: -1 rack: null) disconnected
2026-08-28 20:09:47.361 [kafka-producer-network-thread | customer-service-producer-1] INFO  customer-service [o.apache.kafka.clients.NetworkClient] - [Producer clientId=customer-service-producer-1] Node -1 disconnected.
2026-08-28 20:09:47.361 [kafka-producer-network-thread | customer-service-producer-1] WARN  customer-service [o.apache.kafka.clients.NetworkClient] - [Producer clientId=customer-service-producer-1] Connection to node -1 (localhost/127.0.0.1:9092) could not be established. Node may not be available.
2026-08-28 20:09:47.362 [kafka-producer-network-thread | customer-service-producer-1] WARN  customer-service [o.apache.kafka.clients.NetworkClient] - [Producer clientId=customer-service-producer-1] Bootstrap broker localhost:9092 (id: -1 rack: null) disconnected
2026-08-28 20:09:48.281 [kafka-producer-network-thread | customer-service-producer-1] INFO  customer-service [o.apache.kafka.clients.NetworkClient] - [Producer clientId=customer-service-producer-1] Node -1 disconnected.
2026-08-28 20:09:48.281 [kafka-producer-network-thread | customer-service-producer-1] WARN  customer-service [o.apache.kafka.clients.NetworkClient] - [Producer clientId=customer-service-producer-1] Connection to node -1 (localhost/127.0.0.1:9092) could not be established. Node may not be available.
2026-08-28 20:09:48.281 [kafka-producer-network-thread | customer-service-producer-1] WARN  customer-service [o.apache.kafka.clients.NetworkClient] - [Producer clientId=customer-service-producer-1] Bootstrap broker localhost:9092 (id: -1 rack: null) disconnected
2026-08-28 20:09:49.290 [kafka-producer-network-thread | customer-service-producer-1] INFO  customer-service [o.apache.kafka.clients.NetworkClient] - [Producer clientId=customer-service-producer-1] Node -1 disconnected.
2026-08-28 20:09:49.290 [kafka-producer-network-thread | customer-service-producer-1] WARN  customer-service [o.apache.kafka.clients.NetworkClient] - [Producer clientId=customer-service-producer-1] Connection to node -1 (localhost/127.0.0.1:9092) could not be established. Node may not be available.
2026-08-28 20:09:49.291 [kafka-producer-network-thread | customer-service-producer-1] WARN  customer-service [o.apache.kafka.clients.NetworkClient] - [Producer clientId=customer-service-producer-1] Bootstrap broker localhost:9092 (id: -1 rack: null) disconnected
2026-08-28 20:09:50.290 [kafka-producer-network-thread | customer-service-producer-1] INFO  customer-service [o.apache.kafka.clients.NetworkClient] - [Producer clientId=customer-service-producer-1] Node -1 disconnected.
2026-08-28 20:09:50.291 [kafka-producer-network-thread | customer-service-producer-1] WARN  customer-service [o.apache.kafka.clients.NetworkClient] - [Producer clientId=customer-service-producer-1] Connection to node -1 (localhost/127.0.0.1:9092) could not be established. Node may not be available.
2026-08-28 20:09:50.291 [kafka-producer-network-thread | customer-service-producer-1] WARN  customer-service [o.apache.kafka.clients.NetworkClient] - [Producer clientId=customer-service-producer-1] Bootstrap broker localhost:9092 (id: -1 rack: null) disconnected
2026-08-28 20:09:51.250 [kafka-producer-network-thread | customer-service-producer-1] INFO  customer-service [o.apache.kafka.clients.NetworkClient] - [Producer clientId=customer-service-producer-1] Node -1 disconnected.
2026-08-28 20:09:51.250 [kafka-producer-network-thread | customer-service-producer-1] WARN  customer-service [o.apache.kafka.clients.NetworkClient] - [Producer clientId=customer-service-producer-1] Connection to node -1 (localhost/127.0.0.1:9092) could not be established. Node may not be available.
2026-08-28 20:09:51.250 [kafka-producer-network-thread | customer-service-producer-1] WARN  customer-service [o.apache.kafka.clients.NetworkClient] - [Producer clientId=customer-service-producer-1] Bootstrap broker localhost:9092 (id: -1 rack: null) disconnected
2026-08-28 20:09:52.070 [kafka-producer-network-thread | customer-service-producer-1] INFO  customer-service [o.apache.kafka.clients.NetworkClient] - [Producer clientId=customer-service-producer-1] Node -1 disconnected.
2026-08-28 20:09:52.070 [kafka-producer-network-thread | customer-service-producer-1] WARN  customer-service [o.apache.kafka.clients.NetworkClient] - [Producer clientId=customer-service-producer-1] Connection to node -1 (localhost/127.0.0.1:9092) could not be established. Node may not be available.
2026-08-28 20:09:52.071 [kafka-producer-network-thread | customer-service-producer-1] WARN  customer-service [o.apache.kafka.clients.NetworkClient] - [Producer clientId=customer-service-producer-1] Bootstrap broker localhost:9092 (id: -1 rack: null) disconnected
2026-08-28 20:09:53.070 [kafka-producer-network-thread | customer-service-producer-1] INFO  customer-service [o.apache.kafka.clients.NetworkClient] - [Producer clientId=customer-service-producer-1] Node -1 disconnected.
2026-08-28 20:09:53.071 [kafka-producer-network-thread | customer-service-producer-1] WARN  customer-service [o.apache.kafka.clients.NetworkClient] - [Producer clientId=customer-service-producer-1] Connection to node -1 (localhost/127.0.0.1:9092) could not be established. Node may not be available.
2026-08-28 20:09:53.071 [kafka-producer-network-thread | customer-service-producer-1] WARN  customer-service [o.apache.kafka.clients.NetworkClient] - [Producer clientId=customer-service-producer-1] Bootstrap broker localhost:9092 (id: -1 rack: null) disconnected
2026-08-28 20:09:54.111 [kafka-producer-network-thread | customer-service-producer-1] INFO  customer-service [o.apache.kafka.clients.NetworkClient] - [Producer clientId=customer-service-producer-1] Node -1 disconnected.
2026-08-28 20:09:54.111 [kafka-producer-network-thread | customer-service-producer-1] WARN  customer-service [o.apache.kafka.clients.NetworkClient] - [Producer clientId=customer-service-producer-1] Connection to node -1 (localhost/127.0.0.1:9092) could not be established. Node may not be available.
2026-08-28 20:09:54.111 [kafka-producer-network-thread | customer-service-producer-1] WARN  customer-service [o.apache.kafka.clients.NetworkClient] - [Producer clientId=customer-service-producer-1] Bootstrap broker localhost:9092 (id: -1 rack: null) disconnected
2026-08-28 20:09:55.021 [kafka-producer-network-thread | customer-service-producer-1] INFO  customer-service [o.apache.kafka.clients.NetworkClient] - [Producer clientId=customer-service-producer-1] Node -1 disconnected.
2026-08-28 20:09:55.021 [kafka-producer-network-thread | customer-service-producer-1] WARN  customer-service [o.apache.kafka.clients.NetworkClient] - [Producer clientId=customer-service-producer-1] Connection to node -1 (localhost/127.0.0.1:9092) could not be established. Node may not be available.
2026-08-28 20:09:55.022 [kafka-producer-network-thread | customer-service-producer-1] WARN  customer-service [o.apache.kafka.clients.NetworkClient] - [Producer clientId=customer-service-producer-1] Bootstrap broker localhost:9092 (id: -1 rack: null) disconnected
2026-08-28 20:09:56.030 [kafka-producer-network-thread | customer-service-producer-1] INFO  customer-service [o.apache.kafka.clients.NetworkClient] - [Producer clientId=customer-service-producer-1] Node -1 disconnected.
2026-08-28 20:09:56.030 [kafka-producer-network-thread | customer-service-producer-1] WARN  customer-service [o.apache.kafka.clients.NetworkClient] - [Producer clientId=customer-service-producer-1] Connection to node -1 (localhost/127.0.0.1:9092) could not be established. Node may not be available.
2026-08-28 20:09:56.031 [kafka-producer-network-thread | customer-service-producer-1] WARN  customer-service [o.apache.kafka.clients.NetworkClient] - [Producer clientId=customer-service-producer-1] Bootstrap broker localhost:9092 (id: -1 rack: null) disconnected
2026-08-28 20:09:57.015 [kafka-producer-network-thread | customer-service-producer-1] INFO  customer-service [o.apache.kafka.clients.NetworkClient] - [Producer clientId=customer-service-producer-1] Node -1 disconnected.
2026-08-28 20:09:57.016 [kafka-producer-network-thread | customer-service-producer-1] WARN  customer-service [o.apache.kafka.clients.NetworkClient] - [Producer clientId=customer-service-producer-1] Connection to node -1 (localhost/127.0.0.1:9092) could not be established. Node may not be available.
2026-08-28 20:09:57.016 [kafka-producer-network-thread | customer-service-producer-1] WARN  customer-service [o.apache.kafka.clients.NetworkClient] - [Producer clientId=customer-service-producer-1] Bootstrap broker localhost:9092 (id: -1 rack: null) disconnected
2026-08-28 20:09:58.017 [kafka-producer-network-thread | customer-service-producer-1] INFO  customer-service [o.apache.kafka.clients.NetworkClient] - [Producer clientId=customer-service-producer-1] Node -1 disconnected.
2026-08-28 20:09:58.017 [kafka-producer-network-thread | customer-service-producer-1] WARN  customer-service [o.apache.kafka.clients.NetworkClient] - [Producer clientId=customer-service-producer-1] Connection to node -1 (localhost/127.0.0.1:9092) could not be established. Node may not be available.
2026-08-28 20:09:58.017 [kafka-producer-network-thread | customer-service-producer-1] WARN  customer-service [o.apache.kafka.clients.NetworkClient] - [Producer clientId=customer-service-producer-1] Bootstrap broker localhost:9092 (id: -1 rack: null) disconnected
2026-08-28 20:09:59.021 [kafka-producer-network-thread | customer-service-producer-1] INFO  customer-service [o.apache.kafka.clients.NetworkClient] - [Producer clientId=customer-service-producer-1] Node -1 disconnected.
2026-08-28 20:09:59.022 [kafka-producer-network-thread | customer-service-producer-1] WARN  customer-service [o.apache.kafka.clients.NetworkClient] - [Producer clientId=customer-service-producer-1] Connection to node -1 (localhost/127.0.0.1:9092) could not be established. Node may not be available.
2026-08-28 20:09:59.022 [kafka-producer-network-thread | customer-service-producer-1] WARN  customer-service [o.apache.kafka.clients.NetworkClient] - [Producer clientId=customer-service-producer-1] Bootstrap broker localhost:9092 (id: -1 rack: null) disconnected
2026-08-28 20:10:00.039 [kafka-producer-network-thread | customer-service-producer-1] INFO  customer-service [o.apache.kafka.clients.NetworkClient] - [Producer clientId=customer-service-producer-1] Node -1 disconnected.
2026-08-28 20:10:00.039 [kafka-producer-network-thread | customer-service-producer-1] WARN  customer-service [o.apache.kafka.clients.NetworkClient] - [Producer clientId=customer-service-producer-1] Connection to node -1 (localhost/127.0.0.1:9092) could not be established. Node may not be available.
2026-08-28 20:10:00.040 [kafka-producer-network-thread | customer-service-producer-1] WARN  customer-service [o.apache.kafka.clients.NetworkClient] - [Producer clientId=customer-service-producer-1] Bootstrap broker localhost:9092 (id: -1 rack: null) disconnected
2026-08-28 20:10:00.899 [kafka-producer-network-thread | customer-service-producer-1] INFO  customer-service [o.apache.kafka.clients.NetworkClient] - [Producer clientId=customer-service-producer-1] Node -1 disconnected.
2026-08-28 20:10:00.900 [kafka-producer-network-thread | customer-service-producer-1] WARN  customer-service [o.apache.kafka.clients.NetworkClient] - [Producer clientId=customer-service-producer-1] Connection to node -1 (localhost/127.0.0.1:9092) could not be established. Node may not be available.
2026-08-28 20:10:00.900 [kafka-producer-network-thread | customer-service-producer-1] WARN  customer-service [o.apache.kafka.clients.NetworkClient] - [Producer clientId=customer-service-producer-1] Bootstrap broker localhost:9092 (id: -1 rack: null) disconnected
2026-08-28 20:10:01.848 [kafka-producer-network-thread | customer-service-producer-1] INFO  customer-service [o.apache.kafka.clients.NetworkClient] - [Producer clientId=customer-service-producer-1] Node -1 disconnected.
2026-08-28 20:10:01.848 [kafka-producer-network-thread | customer-service-producer-1] WARN  customer-service [o.apache.kafka.clients.NetworkClient] - [Producer clientId=customer-service-producer-1] Connection to node -1 (localhost/127.0.0.1:9092) could not be established. Node may not be available.
2026-08-28 20:10:01.848 [kafka-producer-network-thread | customer-service-producer-1] WARN  customer-service [o.apache.kafka.clients.NetworkClient] - [Producer clientId=customer-service-producer-1] Bootstrap broker localhost:9092 (id: -1 rack: null) disconnected
2026-08-28 20:10:02.879 [kafka-producer-network-thread | customer-service-producer-1] INFO  customer-service [o.apache.kafka.clients.NetworkClient] - [Producer clientId=customer-service-producer-1] Node -1 disconnected.
2026-08-28 20:10:02.879 [kafka-producer-network-thread | customer-service-producer-1] WARN  customer-service [o.apache.kafka.clients.NetworkClient] - [Producer clientId=customer-service-producer-1] Connection to node -1 (localhost/127.0.0.1:9092) could not be established. Node may not be available.
2026-08-28 20:10:02.879 [kafka-producer-network-thread | customer-service-producer-1] WARN  customer-service [o.apache.kafka.clients.NetworkClient] - [Producer clientId=customer-service-producer-1] Bootstrap broker localhost:9092 (id: -1 rack: null) disconnected
2026-08-28 20:10:03.837 [kafka-producer-network-thread | customer-service-producer-1] INFO  customer-service [o.apache.kafka.clients.NetworkClient] - [Producer clientId=customer-service-producer-1] Node -1 disconnected.
2026-08-28 20:10:03.838 [kafka-producer-network-thread | customer-service-producer-1] WARN  customer-service [o.apache.kafka.clients.NetworkClient] - [Producer clientId=customer-service-producer-1] Connection to node -1 (localhost/127.0.0.1:9092) could not be established. Node may not be available.
2026-08-28 20:10:03.838 [kafka-producer-network-thread | customer-service-producer-1] WARN  customer-service [o.apache.kafka.clients.NetworkClient] - [Producer clientId=customer-service-producer-1] Bootstrap broker localhost:9092 (id: -1 rack: null) disconnected
2026-08-28 20:10:04.660 [kafka-producer-network-thread | customer-service-producer-1] INFO  customer-service [o.apache.kafka.clients.NetworkClient] - [Producer clientId=customer-service-producer-1] Node -1 disconnected.
2026-08-28 20:10:04.660 [kafka-producer-network-thread | customer-service-producer-1] WARN  customer-service [o.apache.kafka.clients.NetworkClient] - [Producer clientId=customer-service-producer-1] Connection to node -1 (localhost/127.0.0.1:9092) could not be established. Node may not be available.
2026-08-28 20:10:04.660 [kafka-producer-network-thread | customer-service-producer-1] WARN  customer-service [o.apache.kafka.clients.NetworkClient] - [Producer clientId=customer-service-producer-1] Bootstrap broker localhost:9092 (id: -1 rack: null) disconnected
2026-08-28 20:10:05.669 [kafka-producer-network-thread | customer-service-producer-1] INFO  customer-service [o.apache.kafka.clients.NetworkClient] - [Producer clientId=customer-service-producer-1] Node -1 disconnected.
2026-08-28 20:10:05.670 [kafka-producer-network-thread | customer-service-producer-1] WARN  customer-service [o.apache.kafka.clients.NetworkClient] - [Producer clientId=customer-service-producer-1] Connection to node -1 (localhost/127.0.0.1:9092) could not be established. Node may not be available.
2026-08-28 20:10:05.670 [kafka-producer-network-thread | customer-service-producer-1] WARN  customer-service [o.apache.kafka.clients.NetworkClient] - [Producer clientId=customer-service-producer-1] Bootstrap broker localhost:9092 (id: -1 rack: null) disconnected
2026-08-28 20:10:06.669 [kafka-producer-network-thread | customer-service-producer-1] INFO  customer-service [o.apache.kafka.clients.NetworkClient] - [Producer clientId=customer-service-producer-1] Node -1 disconnected.
2026-08-28 20:10:06.670 [kafka-producer-network-thread | customer-service-producer-1] WARN  customer-service [o.apache.kafka.clients.NetworkClient] - [Producer clientId=customer-service-producer-1] Connection to node -1 (localhost/127.0.0.1:9092) could not be established. Node may not be available.
2026-08-28 20:10:06.670 [kafka-producer-network-thread | customer-service-producer-1] WARN  customer-service [o.apache.kafka.clients.NetworkClient] - [Producer clientId=customer-service-producer-1] Bootstrap broker localhost:9092 (id: -1 rack: null) disconnected
2026-08-28 20:10:07.679 [kafka-producer-network-thread | customer-service-producer-1] INFO  customer-service [o.apache.kafka.clients.NetworkClient] - [Producer clientId=customer-service-producer-1] Node -1 disconnected.
2026-08-28 20:10:07.679 [kafka-producer-network-thread | customer-service-producer-1] WARN  customer-service [o.apache.kafka.clients.NetworkClient] - [Producer clientId=customer-service-producer-1] Connection to node -1 (localhost/127.0.0.1:9092) could not be established. Node may not be available.
2026-08-28 20:10:07.680 [kafka-producer-network-thread | customer-service-producer-1] WARN  customer-service [o.apache.kafka.clients.NetworkClient] - [Producer clientId=customer-service-producer-1] Bootstrap broker localhost:9092 (id: -1 rack: null) disconnected
2026-08-28 20:10:08.537 [kafka-producer-network-thread | customer-service-producer-1] INFO  customer-service [o.apache.kafka.clients.NetworkClient] - [Producer clientId=customer-service-producer-1] Node -1 disconnected.
2026-08-28 20:10:08.537 [kafka-producer-network-thread | customer-service-producer-1] WARN  customer-service [o.apache.kafka.clients.NetworkClient] - [Producer clientId=customer-service-producer-1] Connection to node -1 (localhost/127.0.0.1:9092) could not be established. Node may not be available.
2026-08-28 20:10:08.538 [kafka-producer-network-thread | customer-service-producer-1] WARN  customer-service [o.apache.kafka.clients.NetworkClient] - [Producer clientId=customer-service-producer-1] Bootstrap broker localhost:9092 (id: -1 rack: null) disconnected
2026-08-28 20:10:09.537 [kafka-producer-network-thread | customer-service-producer-1] INFO  customer-service [o.apache.kafka.clients.NetworkClient] - [Producer clientId=customer-service-producer-1] Node -1 disconnected.
2026-08-28 20:10:09.537 [kafka-producer-network-thread | customer-service-producer-1] WARN  customer-service [o.apache.kafka.clients.NetworkClient] - [Producer clientId=customer-service-producer-1] Connection to node -1 (localhost/127.0.0.1:9092) could not be established. Node may not be available.
2026-08-28 20:10:09.538 [kafka-producer-network-thread | customer-service-producer-1] WARN  customer-service [o.apache.kafka.clients.NetworkClient] - [Producer clientId=customer-service-producer-1] Bootstrap broker localhost:9092 (id: -1 rack: null) disconnected
2026-08-28 20:10:10.582 [kafka-producer-network-thread | customer-service-producer-1] INFO  customer-service [o.apache.kafka.clients.NetworkClient] - [Producer clientId=customer-service-producer-1] Node -1 disconnected.
2026-08-28 20:10:10.582 [kafka-producer-network-thread | customer-service-producer-1] WARN  customer-service [o.apache.kafka.clients.NetworkClient] - [Producer clientId=customer-service-producer-1] Connection to node -1 (localhost/127.0.0.1:9092) could not be established. Node may not be available.
2026-08-28 20:10:10.582 [kafka-producer-network-thread | customer-service-producer-1] WARN  customer-service [o.apache.kafka.clients.NetworkClient] - [Producer clientId=customer-service-producer-1] Bootstrap broker localhost:9092 (id: -1 rack: null) disconnected
2026-08-28 20:10:11.588 [kafka-producer-network-thread | customer-service-producer-1] INFO  customer-service [o.apache.kafka.clients.NetworkClient] - [Producer clientId=customer-service-producer-1] Node -1 disconnected.
2026-08-28 20:10:11.589 [kafka-producer-network-thread | customer-service-producer-1] WARN  customer-service [o.apache.kafka.clients.NetworkClient] - [Producer clientId=customer-service-producer-1] Connection to node -1 (localhost/127.0.0.1:9092) could not be established. Node may not be available.
2026-08-28 20:10:11.589 [kafka-producer-network-thread | customer-service-producer-1] WARN  customer-service [o.apache.kafka.clients.NetworkClient] - [Producer clientId=customer-service-producer-1] Bootstrap broker localhost:9092 (id: -1 rack: null) disconnected
2026-08-28 20:10:12.630 [kafka-producer-network-thread | customer-service-producer-1] INFO  customer-service [o.apache.kafka.clients.NetworkClient] - [Producer clientId=customer-service-producer-1] Node -1 disconnected.
2026-08-28 20:10:12.630 [kafka-producer-network-thread | customer-service-producer-1] WARN  customer-service [o.apache.kafka.clients.NetworkClient] - [Producer clientId=customer-service-producer-1] Connection to node -1 (localhost/127.0.0.1:9092) could not be established. Node may not be available.
2026-08-28 20:10:12.631 [kafka-producer-network-thread | customer-service-producer-1] WARN  customer-service [o.apache.kafka.clients.NetworkClient] - [Producer clientId=customer-service-producer-1] Bootstrap broker localhost:9092 (id: -1 rack: null) disconnected
2026-08-28 20:10:13.638 [kafka-producer-network-thread | customer-service-producer-1] INFO  customer-service [o.apache.kafka.clients.NetworkClient] - [Producer clientId=customer-service-producer-1] Node -1 disconnected.
2026-08-28 20:10:13.643 [kafka-producer-network-thread | customer-service-producer-1] WARN  customer-service [o.apache.kafka.clients.NetworkClient] - [Producer clientId=customer-service-producer-1] Connection to node -1 (localhost/127.0.0.1:9092) could not be established. Node may not be available.
2026-08-28 20:10:13.644 [kafka-producer-network-thread | customer-service-producer-1] WARN  customer-service [o.apache.kafka.clients.NetworkClient] - [Producer clientId=customer-service-producer-1] Bootstrap broker localhost:9092 (id: -1 rack: null) disconnected
2026-08-28 20:10:14.533 [kafka-producer-network-thread | customer-service-producer-1] INFO  customer-service [o.apache.kafka.clients.NetworkClient] - [Producer clientId=customer-service-producer-1] Node -1 disconnected.
2026-08-28 20:10:14.533 [kafka-producer-network-thread | customer-service-producer-1] WARN  customer-service [o.apache.kafka.clients.NetworkClient] - [Producer clientId=customer-service-producer-1] Connection to node -1 (localhost/127.0.0.1:9092) could not be established. Node may not be available.
2026-08-28 20:10:14.533 [kafka-producer-network-thread | customer-service-producer-1] WARN  customer-service [o.apache.kafka.clients.NetworkClient] - [Producer clientId=customer-service-producer-1] Bootstrap broker localhost:9092 (id: -1 rack: null) disconnected
2026-08-28 20:10:15.551 [kafka-producer-network-thread | customer-service-producer-1] INFO  customer-service [o.apache.kafka.clients.NetworkClient] - [Producer clientId=customer-service-producer-1] Node -1 disconnected.
2026-08-28 20:10:15.552 [kafka-producer-network-thread | customer-service-producer-1] WARN  customer-service [o.apache.kafka.clients.NetworkClient] - [Producer clientId=customer-service-producer-1] Connection to node -1 (localhost/127.0.0.1:9092) could not be established. Node may not be available.
2026-08-28 20:10:15.552 [kafka-producer-network-thread | customer-service-producer-1] WARN  customer-service [o.apache.kafka.clients.NetworkClient] - [Producer clientId=customer-service-producer-1] Bootstrap broker localhost:9092 (id: -1 rack: null) disconnected
2026-08-28 20:10:16.553 [kafka-producer-network-thread | customer-service-producer-1] INFO  customer-service [o.apache.kafka.clients.NetworkClient] - [Producer clientId=customer-service-producer-1] Node -1 disconnected.
2026-08-28 20:10:16.553 [kafka-producer-network-thread | customer-service-producer-1] WARN  customer-service [o.apache.kafka.clients.NetworkClient] - [Producer clientId=customer-service-producer-1] Connection to node -1 (localhost/127.0.0.1:9092) could not be established. Node may not be available.
2026-08-28 20:10:16.553 [kafka-producer-network-thread | customer-service-producer-1] WARN  customer-service [o.apache.kafka.clients.NetworkClient] - [Producer clientId=customer-service-producer-1] Bootstrap broker localhost:9092 (id: -1 rack: null) disconnected
2026-08-28 20:10:17.602 [kafka-producer-network-thread | customer-service-producer-1] INFO  customer-service [o.apache.kafka.clients.NetworkClient] - [Producer clientId=customer-service-producer-1] Node -1 disconnected.
2026-08-28 20:10:17.603 [kafka-producer-network-thread | customer-service-producer-1] WARN  customer-service [o.apache.kafka.clients.NetworkClient] - [Producer clientId=customer-service-producer-1] Connection to node -1 (localhost/127.0.0.1:9092) could not be established. Node may not be available.
2026-08-28 20:10:17.603 [kafka-producer-network-thread | customer-service-producer-1] WARN  customer-service [o.apache.kafka.clients.NetworkClient] - [Producer clientId=customer-service-producer-1] Bootstrap broker localhost:9092 (id: -1 rack: null) disconnected
2026-08-28 20:10:18.559 [kafka-producer-network-thread | customer-service-producer-1] INFO  customer-service [o.apache.kafka.clients.NetworkClient] - [Producer clientId=customer-service-producer-1] Node -1 disconnected.
2026-08-28 20:10:18.560 [kafka-producer-network-thread | customer-service-producer-1] WARN  customer-service [o.apache.kafka.clients.NetworkClient] - [Producer clientId=customer-service-producer-1] Connection to node -1 (localhost/127.0.0.1:9092) could not be established. Node may not be available.
2026-08-28 20:10:18.560 [kafka-producer-network-thread | customer-service-producer-1] WARN  customer-service [o.apache.kafka.clients.NetworkClient] - [Producer clientId=customer-service-producer-1] Bootstrap broker localhost:9092 (id: -1 rack: null) disconnected
2026-08-28 20:10:19.584 [kafka-producer-network-thread | customer-service-producer-1] INFO  customer-service [o.apache.kafka.clients.NetworkClient] - [Producer clientId=customer-service-producer-1] Node -1 disconnected.
2026-08-28 20:10:19.584 [kafka-producer-network-thread | customer-service-producer-1] WARN  customer-service [o.apache.kafka.clients.NetworkClient] - [Producer clientId=customer-service-producer-1] Connection to node -1 (localhost/127.0.0.1:9092) could not be established. Node may not be available.
2026-08-28 20:10:19.584 [kafka-producer-network-thread | customer-service-producer-1] WARN  customer-service [o.apache.kafka.clients.NetworkClient] - [Producer clientId=customer-service-producer-1] Bootstrap broker localhost:9092 (id: -1 rack: null) disconnected
2026-08-28 20:10:20.597 [kafka-producer-network-thread | customer-service-producer-1] INFO  customer-service [o.apache.kafka.clients.NetworkClient] - [Producer clientId=customer-service-producer-1] Node -1 disconnected.
2026-08-28 20:10:20.597 [kafka-producer-network-thread | customer-service-producer-1] WARN  customer-service [o.apache.kafka.clients.NetworkClient] - [Producer clientId=customer-service-producer-1] Connection to node -1 (localhost/127.0.0.1:9092) could not be established. Node may not be available.
2026-08-28 20:10:20.597 [kafka-producer-network-thread | customer-service-producer-1] WARN  customer-service [o.apache.kafka.clients.NetworkClient] - [Producer clientId=customer-service-producer-1] Bootstrap broker localhost:9092 (id: -1 rack: null) disconnected
2026-08-28 20:10:21.597 [kafka-producer-network-thread | customer-service-producer-1] INFO  customer-service [o.apache.kafka.clients.NetworkClient] - [Producer clientId=customer-service-producer-1] Node -1 disconnected.
2026-08-28 20:10:21.598 [kafka-producer-network-thread | customer-service-producer-1] WARN  customer-service [o.apache.kafka.clients.NetworkClient] - [Producer clientId=customer-service-producer-1] Connection to node -1 (localhost/127.0.0.1:9092) could not be established. Node may not be available.
2026-08-28 20:10:21.598 [kafka-producer-network-thread | customer-service-producer-1] WARN  customer-service [o.apache.kafka.clients.NetworkClient] - [Producer clientId=customer-service-producer-1] Bootstrap broker localhost:9092 (id: -1 rack: null) disconnected
2026-08-28 20:10:22.597 [kafka-producer-network-thread | customer-service-producer-1] INFO  customer-service [o.apache.kafka.clients.NetworkClient] - [Producer clientId=customer-service-producer-1] Node -1 disconnected.
2026-08-28 20:10:22.598 [kafka-producer-network-thread | customer-service-producer-1] WARN  customer-service [o.apache.kafka.clients.NetworkClient] - [Producer clientId=customer-service-producer-1] Connection to node -1 (localhost/127.0.0.1:9092) could not be established. Node may not be available.
2026-08-28 20:10:22.598 [kafka-producer-network-thread | customer-service-producer-1] WARN  customer-service [o.apache.kafka.clients.NetworkClient] - [Producer clientId=customer-service-producer-1] Bootstrap broker localhost:9092 (id: -1 rack: null) disconnected
2026-08-28 20:10:23.598 [kafka-producer-network-thread | customer-service-producer-1] INFO  customer-service [o.apache.kafka.clients.NetworkClient] - [Producer clientId=customer-service-producer-1] Node -1 disconnected.
2026-08-28 20:10:23.598 [kafka-producer-network-thread | customer-service-producer-1] WARN  customer-service [o.apache.kafka.clients.NetworkClient] - [Producer clientId=customer-service-producer-1] Connection to node -1 (localhost/127.0.0.1:9092) could not be established. Node may not be available.
2026-08-28 20:10:23.598 [kafka-producer-network-thread | customer-service-producer-1] WARN  customer-service [o.apache.kafka.clients.NetworkClient] - [Producer clientId=customer-service-producer-1] Bootstrap broker localhost:9092 (id: -1 rack: null) disconnected
2026-08-28 20:10:24.605 [kafka-producer-network-thread | customer-service-producer-1] INFO  customer-service [o.apache.kafka.clients.NetworkClient] - [Producer clientId=customer-service-producer-1] Node -1 disconnected.
2026-08-28 20:10:24.606 [kafka-producer-network-thread | customer-service-producer-1] WARN  customer-service [o.apache.kafka.clients.NetworkClient] - [Producer clientId=customer-service-producer-1] Connection to node -1 (localhost/127.0.0.1:9092) could not be established. Node may not be available.
2026-08-28 20:10:24.606 [kafka-producer-network-thread | customer-service-producer-1] WARN  customer-service [o.apache.kafka.clients.NetworkClient] - [Producer clientId=customer-service-producer-1] Bootstrap broker localhost:9092 (id: -1 rack: null) disconnected
2026-08-28 20:10:25.617 [kafka-producer-network-thread | customer-service-producer-1] INFO  customer-service [o.apache.kafka.clients.NetworkClient] - [Producer clientId=customer-service-producer-1] Node -1 disconnected.
2026-08-28 20:10:25.617 [kafka-producer-network-thread | customer-service-producer-1] WARN  customer-service [o.apache.kafka.clients.NetworkClient] - [Producer clientId=customer-service-producer-1] Connection to node -1 (localhost/127.0.0.1:9092) could not be established. Node may not be available.
2026-08-28 20:10:25.617 [kafka-producer-network-thread | customer-service-producer-1] WARN  customer-service [o.apache.kafka.clients.NetworkClient] - [Producer clientId=customer-service-producer-1] Bootstrap broker localhost:9092 (id: -1 rack: null) disconnected
2026-08-28 20:10:26.583 [kafka-producer-network-thread | customer-service-producer-1] INFO  customer-service [o.apache.kafka.clients.NetworkClient] - [Producer clientId=customer-service-producer-1] Node -1 disconnected.
2026-08-28 20:10:26.584 [kafka-producer-network-thread | customer-service-producer-1] WARN  customer-service [o.apache.kafka.clients.NetworkClient] - [Producer clientId=customer-service-producer-1] Connection to node -1 (localhost/127.0.0.1:9092) could not be established. Node may not be available.
2026-08-28 20:10:26.584 [kafka-producer-network-thread | customer-service-producer-1] WARN  customer-service [o.apache.kafka.clients.NetworkClient] - [Producer clientId=customer-service-producer-1] Bootstrap broker localhost:9092 (id: -1 rack: null) disconnected
2026-08-28 20:10:27.612 [kafka-producer-network-thread | customer-service-producer-1] INFO  customer-service [o.apache.kafka.clients.NetworkClient] - [Producer clientId=customer-service-producer-1] Node -1 disconnected.
2026-08-28 20:10:27.613 [kafka-producer-network-thread | customer-service-producer-1] WARN  customer-service [o.apache.kafka.clients.NetworkClient] - [Producer clientId=customer-service-producer-1] Connection to node -1 (localhost/127.0.0.1:9092) could not be established. Node may not be available.
2026-08-28 20:10:27.613 [kafka-producer-network-thread | customer-service-producer-1] WARN  customer-service [o.apache.kafka.clients.NetworkClient] - [Producer clientId=customer-service-producer-1] Bootstrap broker localhost:9092 (id: -1 rack: null) disconnected
2026-08-28 20:10:28.612 [kafka-producer-network-thread | customer-service-producer-1] INFO  customer-service [o.apache.kafka.clients.NetworkClient] - [Producer clientId=customer-service-producer-1] Node -1 disconnected.
2026-08-28 20:10:28.613 [kafka-producer-network-thread | customer-service-producer-1] WARN  customer-service [o.apache.kafka.clients.NetworkClient] - [Producer clientId=customer-service-producer-1] Connection to node -1 (localhost/127.0.0.1:9092) could not be established. Node may not be available.
2026-08-28 20:10:28.613 [kafka-producer-network-thread | customer-service-producer-1] WARN  customer-service [o.apache.kafka.clients.NetworkClient] - [Producer clientId=customer-service-producer-1] Bootstrap broker localhost:9092 (id: -1 rack: null) disconnected
2026-08-28 20:10:29.448 [kafka-producer-network-thread | customer-service-producer-1] INFO  customer-service [o.apache.kafka.clients.NetworkClient] - [Producer clientId=customer-service-producer-1] Node -1 disconnected.
2026-08-28 20:10:29.448 [kafka-producer-network-thread | customer-service-producer-1] WARN  customer-service [o.apache.kafka.clients.NetworkClient] - [Producer clientId=customer-service-producer-1] Connection to node -1 (localhost/127.0.0.1:9092) could not be established. Node may not be available.
2026-08-28 20:10:29.448 [kafka-producer-network-thread | customer-service-producer-1] WARN  customer-service [o.apache.kafka.clients.NetworkClient] - [Producer clientId=customer-service-producer-1] Bootstrap broker localhost:9092 (id: -1 rack: null) disconnected
2026-08-28 20:10:30.453 [kafka-producer-network-thread | customer-service-producer-1] INFO  customer-service [o.apache.kafka.clients.NetworkClient] - [Producer clientId=customer-service-producer-1] Node -1 disconnected.
2026-08-28 20:10:30.453 [kafka-producer-network-thread | customer-service-producer-1] WARN  customer-service [o.apache.kafka.clients.NetworkClient] - [Producer clientId=customer-service-producer-1] Connection to node -1 (localhost/127.0.0.1:9092) could not be established. Node may not be available.
2026-08-28 20:10:30.454 [kafka-producer-network-thread | customer-service-producer-1] WARN  customer-service [o.apache.kafka.clients.NetworkClient] - [Producer clientId=customer-service-producer-1] Bootstrap broker localhost:9092 (id: -1 rack: null) disconnected
2026-08-28 20:10:31.410 [kafka-producer-network-thread | customer-service-producer-1] INFO  customer-service [o.apache.kafka.clients.NetworkClient] - [Producer clientId=customer-service-producer-1] Node -1 disconnected.
2026-08-28 20:10:31.410 [kafka-producer-network-thread | customer-service-producer-1] WARN  customer-service [o.apache.kafka.clients.NetworkClient] - [Producer clientId=customer-service-producer-1] Connection to node -1 (localhost/127.0.0.1:9092) could not be established. Node may not be available.
2026-08-28 20:10:31.410 [kafka-producer-network-thread | customer-service-producer-1] WARN  customer-service [o.apache.kafka.clients.NetworkClient] - [Producer clientId=customer-service-producer-1] Bootstrap broker localhost:9092 (id: -1 rack: null) disconnected
2026-08-28 20:10:32.370 [kafka-producer-network-thread | customer-service-producer-1] INFO  customer-service [o.apache.kafka.clients.NetworkClient] - [Producer clientId=customer-service-producer-1] Node -1 disconnected.
2026-08-28 20:10:32.371 [kafka-producer-network-thread | customer-service-producer-1] WARN  customer-service [o.apache.kafka.clients.NetworkClient] - [Producer clientId=customer-service-producer-1] Connection to node -1 (localhost/127.0.0.1:9092) could not be established. Node may not be available.
2026-08-28 20:10:32.371 [kafka-producer-network-thread | customer-service-producer-1] WARN  customer-service [o.apache.kafka.clients.NetworkClient] - [Producer clientId=customer-service-producer-1] Bootstrap broker localhost:9092 (id: -1 rack: null) disconnected
2026-08-28 20:10:33.233 [kafka-producer-network-thread | customer-service-producer-1] INFO  customer-service [o.apache.kafka.clients.NetworkClient] - [Producer clientId=customer-service-producer-1] Node -1 disconnected.
2026-08-28 20:10:33.233 [kafka-producer-network-thread | customer-service-producer-1] WARN  customer-service [o.apache.kafka.clients.NetworkClient] - [Producer clientId=customer-service-producer-1] Connection to node -1 (localhost/127.0.0.1:9092) could not be established. Node may not be available.
2026-08-28 20:10:33.233 [kafka-producer-network-thread | customer-service-producer-1] WARN  customer-service [o.apache.kafka.clients.NetworkClient] - [Producer clientId=customer-service-producer-1] Bootstrap broker localhost:9092 (id: -1 rack: null) disconnected
2026-08-28 20:10:34.275 [kafka-producer-network-thread | customer-service-producer-1] INFO  customer-service [o.apache.kafka.clients.NetworkClient] - [Producer clientId=customer-service-producer-1] Node -1 disconnected.
2026-08-28 20:10:34.277 [kafka-producer-network-thread | customer-service-producer-1] WARN  customer-service [o.apache.kafka.clients.NetworkClient] - [Producer clientId=customer-service-producer-1] Connection to node -1 (localhost/127.0.0.1:9092) could not be established. Node may not be available.
2026-08-28 20:10:34.278 [kafka-producer-network-thread | customer-service-producer-1] WARN  customer-service [o.apache.kafka.clients.NetworkClient] - [Producer clientId=customer-service-producer-1] Bootstrap broker localhost:9092 (id: -1 rack: null) disconnected
2026-08-28 20:10:35.277 [kafka-producer-network-thread | customer-service-producer-1] INFO  customer-service [o.apache.kafka.clients.NetworkClient] - [Producer clientId=customer-service-producer-1] Node -1 disconnected.
2026-08-28 20:10:35.277 [kafka-producer-network-thread | customer-service-producer-1] WARN  customer-service [o.apache.kafka.clients.NetworkClient] - [Producer clientId=customer-service-producer-1] Connection to node -1 (localhost/127.0.0.1:9092) could not be established. Node may not be available.
2026-08-28 20:10:35.277 [kafka-producer-network-thread | customer-service-producer-1] WARN  customer-service [o.apache.kafka.clients.NetworkClient] - [Producer clientId=customer-service-producer-1] Bootstrap broker localhost:9092 (id: -1 rack: null) disconnected
2026-08-28 20:10:36.278 [kafka-producer-network-thread | customer-service-producer-1] INFO  customer-service [o.apache.kafka.clients.NetworkClient] - [Producer clientId=customer-service-producer-1] Node -1 disconnected.
2026-08-28 20:10:36.279 [kafka-producer-network-thread | customer-service-producer-1] WARN  customer-service [o.apache.kafka.clients.NetworkClient] - [Producer clientId=customer-service-producer-1] Connection to node -1 (localhost/127.0.0.1:9092) could not be established. Node may not be available.
2026-08-28 20:10:36.279 [kafka-producer-network-thread | customer-service-producer-1] WARN  customer-service [o.apache.kafka.clients.NetworkClient] - [Producer clientId=customer-service-producer-1] Bootstrap broker localhost:9092 (id: -1 rack: null) disconnected
2026-08-28 20:10:37.186 [kafka-producer-network-thread | customer-service-producer-1] INFO  customer-service [o.apache.kafka.clients.NetworkClient] - [Producer clientId=customer-service-producer-1] Node -1 disconnected.
2026-08-28 20:10:37.187 [kafka-producer-network-thread | customer-service-producer-1] WARN  customer-service [o.apache.kafka.clients.NetworkClient] - [Producer clientId=customer-service-producer-1] Connection to node -1 (localhost/127.0.0.1:9092) could not be established. Node may not be available.
2026-08-28 20:10:37.187 [kafka-producer-network-thread | customer-service-producer-1] WARN  customer-service [o.apache.kafka.clients.NetworkClient] - [Producer clientId=customer-service-producer-1] Bootstrap broker localhost:9092 (id: -1 rack: null) disconnected
2026-08-28 20:10:38.186 [kafka-producer-network-thread | customer-service-producer-1] INFO  customer-service [o.apache.kafka.clients.NetworkClient] - [Producer clientId=customer-service-producer-1] Node -1 disconnected.
2026-08-28 20:10:38.187 [kafka-producer-network-thread | customer-service-producer-1] WARN  customer-service [o.apache.kafka.clients.NetworkClient] - [Producer clientId=customer-service-producer-1] Connection to node -1 (localhost/127.0.0.1:9092) could not be established. Node may not be available.
2026-08-28 20:10:38.187 [kafka-producer-network-thread | customer-service-producer-1] WARN  customer-service [o.apache.kafka.clients.NetworkClient] - [Producer clientId=customer-service-producer-1] Bootstrap broker localhost:9092 (id: -1 rack: null) disconnected
2026-08-28 20:10:39.040 [kafka-producer-network-thread | customer-service-producer-1] INFO  customer-service [o.apache.kafka.clients.NetworkClient] - [Producer clientId=customer-service-producer-1] Node -1 disconnected.
2026-08-28 20:10:39.040 [kafka-producer-network-thread | customer-service-producer-1] WARN  customer-service [o.apache.kafka.clients.NetworkClient] - [Producer clientId=customer-service-producer-1] Connection to node -1 (localhost/127.0.0.1:9092) could not be established. Node may not be available.
2026-08-28 20:10:39.040 [kafka-producer-network-thread | customer-service-producer-1] WARN  customer-service [o.apache.kafka.clients.NetworkClient] - [Producer clientId=customer-service-producer-1] Bootstrap broker localhost:9092 (id: -1 rack: null) disconnected
2026-08-28 20:10:39.994 [kafka-producer-network-thread | customer-service-producer-1] INFO  customer-service [o.apache.kafka.clients.NetworkClient] - [Producer clientId=customer-service-producer-1] Node -1 disconnected.
2026-08-28 20:10:39.995 [kafka-producer-network-thread | customer-service-producer-1] WARN  customer-service [o.apache.kafka.clients.NetworkClient] - [Producer clientId=customer-service-producer-1] Connection to node -1 (localhost/127.0.0.1:9092) could not be established. Node may not be available.
2026-08-28 20:10:39.995 [kafka-producer-network-thread | customer-service-producer-1] WARN  customer-service [o.apache.kafka.clients.NetworkClient] - [Producer clientId=customer-service-producer-1] Bootstrap broker localhost:9092 (id: -1 rack: null) disconnected
2026-08-28 20:10:41.021 [kafka-producer-network-thread | customer-service-producer-1] INFO  customer-service [o.apache.kafka.clients.NetworkClient] - [Producer clientId=customer-service-producer-1] Node -1 disconnected.
2026-08-28 20:10:41.022 [kafka-producer-network-thread | customer-service-producer-1] WARN  customer-service [o.apache.kafka.clients.NetworkClient] - [Producer clientId=customer-service-producer-1] Connection to node -1 (localhost/127.0.0.1:9092) could not be established. Node may not be available.
2026-08-28 20:10:41.022 [kafka-producer-network-thread | customer-service-producer-1] WARN  customer-service [o.apache.kafka.clients.NetworkClient] - [Producer clientId=customer-service-producer-1] Bootstrap broker localhost:9092 (id: -1 rack: null) disconnected
2026-08-28 20:10:42.021 [kafka-producer-network-thread | customer-service-producer-1] INFO  customer-service [o.apache.kafka.clients.NetworkClient] - [Producer clientId=customer-service-producer-1] Node -1 disconnected.
2026-08-28 20:10:42.022 [kafka-producer-network-thread | customer-service-producer-1] WARN  customer-service [o.apache.kafka.clients.NetworkClient] - [Producer clientId=customer-service-producer-1] Connection to node -1 (localhost/127.0.0.1:9092) could not be established. Node may not be available.
2026-08-28 20:10:42.022 [kafka-producer-network-thread | customer-service-producer-1] WARN  customer-service [o.apache.kafka.clients.NetworkClient] - [Producer clientId=customer-service-producer-1] Bootstrap broker localhost:9092 (id: -1 rack: null) disconnected
2026-08-28 20:10:42.993 [kafka-producer-network-thread | customer-service-producer-1] INFO  customer-service [o.apache.kafka.clients.NetworkClient] - [Producer clientId=customer-service-producer-1] Node -1 disconnected.
2026-08-28 20:10:42.993 [kafka-producer-network-thread | customer-service-producer-1] WARN  customer-service [o.apache.kafka.clients.NetworkClient] - [Producer clientId=customer-service-producer-1] Connection to node -1 (localhost/127.0.0.1:9092) could not be established. Node may not be available.
2026-08-28 20:10:42.993 [kafka-producer-network-thread | customer-service-producer-1] WARN  customer-service [o.apache.kafka.clients.NetworkClient] - [Producer clientId=customer-service-producer-1] Bootstrap broker localhost:9092 (id: -1 rack: null) disconnected
2026-08-28 20:10:43.865 [kafka-producer-network-thread | customer-service-producer-1] INFO  customer-service [o.apache.kafka.clients.NetworkClient] - [Producer clientId=customer-service-producer-1] Node -1 disconnected.
2026-08-28 20:10:43.865 [kafka-producer-network-thread | customer-service-producer-1] WARN  customer-service [o.apache.kafka.clients.NetworkClient] - [Producer clientId=customer-service-producer-1] Connection to node -1 (localhost/127.0.0.1:9092) could not be established. Node may not be available.
2026-08-28 20:10:43.865 [kafka-producer-network-thread | customer-service-producer-1] WARN  customer-service [o.apache.kafka.clients.NetworkClient] - [Producer clientId=customer-service-producer-1] Bootstrap broker localhost:9092 (id: -1 rack: null) disconnected
2026-08-28 20:10:44.896 [kafka-producer-network-thread | customer-service-producer-1] INFO  customer-service [o.apache.kafka.clients.NetworkClient] - [Producer clientId=customer-service-producer-1] Node -1 disconnected.
2026-08-28 20:10:44.896 [kafka-producer-network-thread | customer-service-producer-1] WARN  customer-service [o.apache.kafka.clients.NetworkClient] - [Producer clientId=customer-service-producer-1] Connection to node -1 (localhost/127.0.0.1:9092) could not be established. Node may not be available.
2026-08-28 20:10:44.896 [kafka-producer-network-thread | customer-service-producer-1] WARN  customer-service [o.apache.kafka.clients.NetworkClient] - [Producer clientId=customer-service-producer-1] Bootstrap broker localhost:9092 (id: -1 rack: null) disconnected
2026-08-28 20:10:45.897 [kafka-producer-network-thread | customer-service-producer-1] INFO  customer-service [o.apache.kafka.clients.NetworkClient] - [Producer clientId=customer-service-producer-1] Node -1 disconnected.
2026-08-28 20:10:45.897 [kafka-producer-network-thread | customer-service-producer-1] WARN  customer-service [o.apache.kafka.clients.NetworkClient] - [Producer clientId=customer-service-producer-1] Connection to node -1 (localhost/127.0.0.1:9092) could not be established. Node may not be available.
2026-08-28 20:10:45.897 [kafka-producer-network-thread | customer-service-producer-1] WARN  customer-service [o.apache.kafka.clients.NetworkClient] - [Producer clientId=customer-service-producer-1] Bootstrap broker localhost:9092 (id: -1 rack: null) disconnected
2026-08-28 20:10:46.798 [kafka-producer-network-thread | customer-service-producer-1] INFO  customer-service [o.apache.kafka.clients.NetworkClient] - [Producer clientId=customer-service-producer-1] Node -1 disconnected.
2026-08-28 20:10:46.798 [kafka-producer-network-thread | customer-service-producer-1] WARN  customer-service [o.apache.kafka.clients.NetworkClient] - [Producer clientId=customer-service-producer-1] Connection to node -1 (localhost/127.0.0.1:9092) could not be established. Node may not be available.
2026-08-28 20:10:46.799 [kafka-producer-network-thread | customer-service-producer-1] WARN  customer-service [o.apache.kafka.clients.NetworkClient] - [Producer clientId=customer-service-producer-1] Bootstrap broker localhost:9092 (id: -1 rack: null) disconnected
2026-08-28 20:10:47.754 [kafka-producer-network-thread | customer-service-producer-1] INFO  customer-service [o.apache.kafka.clients.NetworkClient] - [Producer clientId=customer-service-producer-1] Node -1 disconnected.
2026-08-28 20:10:47.755 [kafka-producer-network-thread | customer-service-producer-1] WARN  customer-service [o.apache.kafka.clients.NetworkClient] - [Producer clientId=customer-service-producer-1] Connection to node -1 (localhost/127.0.0.1:9092) could not be established. Node may not be available.
2026-08-28 20:10:47.755 [kafka-producer-network-thread | customer-service-producer-1] WARN  customer-service [o.apache.kafka.clients.NetworkClient] - [Producer clientId=customer-service-producer-1] Bootstrap broker localhost:9092 (id: -1 rack: null) disconnected
2026-08-28 20:10:48.571 [kafka-producer-network-thread | customer-service-producer-1] INFO  customer-service [o.apache.kafka.clients.NetworkClient] - [Producer clientId=customer-service-producer-1] Node -1 disconnected.
2026-08-28 20:10:48.571 [kafka-producer-network-thread | customer-service-producer-1] WARN  customer-service [o.apache.kafka.clients.NetworkClient] - [Producer clientId=customer-service-producer-1] Connection to node -1 (localhost/127.0.0.1:9092) could not be established. Node may not be available.
2026-08-28 20:10:48.571 [kafka-producer-network-thread | customer-service-producer-1] WARN  customer-service [o.apache.kafka.clients.NetworkClient] - [Producer clientId=customer-service-producer-1] Bootstrap broker localhost:9092 (id: -1 rack: null) disconnected
2026-08-28 20:10:49.594 [kafka-producer-network-thread | customer-service-producer-1] INFO  customer-service [o.apache.kafka.clients.NetworkClient] - [Producer clientId=customer-service-producer-1] Node -1 disconnected.
2026-08-28 20:10:49.595 [kafka-producer-network-thread | customer-service-producer-1] WARN  customer-service [o.apache.kafka.clients.NetworkClient] - [Producer clientId=customer-service-producer-1] Connection to node -1 (localhost/127.0.0.1:9092) could not be established. Node may not be available.
2026-08-28 20:10:49.595 [kafka-producer-network-thread | customer-service-producer-1] WARN  customer-service [o.apache.kafka.clients.NetworkClient] - [Producer clientId=customer-service-producer-1] Bootstrap broker localhost:9092 (id: -1 rack: null) disconnected
2026-08-28 20:10:50.607 [kafka-producer-network-thread | customer-service-producer-1] INFO  customer-service [o.apache.kafka.clients.NetworkClient] - [Producer clientId=customer-service-producer-1] Node -1 disconnected.
2026-08-28 20:10:50.607 [kafka-producer-network-thread | customer-service-producer-1] WARN  customer-service [o.apache.kafka.clients.NetworkClient] - [Producer clientId=customer-service-producer-1] Connection to node -1 (localhost/127.0.0.1:9092) could not be established. Node may not be available.
2026-08-28 20:10:50.607 [kafka-producer-network-thread | customer-service-producer-1] WARN  customer-service [o.apache.kafka.clients.NetworkClient] - [Producer clientId=customer-service-producer-1] Bootstrap broker localhost:9092 (id: -1 rack: null) disconnected
2026-08-28 20:10:51.573 [kafka-producer-network-thread | customer-service-producer-1] INFO  customer-service [o.apache.kafka.clients.NetworkClient] - [Producer clientId=customer-service-producer-1] Node -1 disconnected.
2026-08-28 20:10:51.574 [kafka-producer-network-thread | customer-service-producer-1] WARN  customer-service [o.apache.kafka.clients.NetworkClient] - [Producer clientId=customer-service-producer-1] Connection to node -1 (localhost/127.0.0.1:9092) could not be established. Node may not be available.
2026-08-28 20:10:51.574 [kafka-producer-network-thread | customer-service-producer-1] WARN  customer-service [o.apache.kafka.clients.NetworkClient] - [Producer clientId=customer-service-producer-1] Bootstrap broker localhost:9092 (id: -1 rack: null) disconnected
2026-08-28 20:10:52.585 [kafka-producer-network-thread | customer-service-producer-1] INFO  customer-service [o.apache.kafka.clients.NetworkClient] - [Producer clientId=customer-service-producer-1] Node -1 disconnected.
2026-08-28 20:10:52.586 [kafka-producer-network-thread | customer-service-producer-1] WARN  customer-service [o.apache.kafka.clients.NetworkClient] - [Producer clientId=customer-service-producer-1] Connection to node -1 (localhost/127.0.0.1:9092) could not be established. Node may not be available.
2026-08-28 20:10:52.586 [kafka-producer-network-thread | customer-service-producer-1] WARN  customer-service [o.apache.kafka.clients.NetworkClient] - [Producer clientId=customer-service-producer-1] Bootstrap broker localhost:9092 (id: -1 rack: null) disconnected
2026-08-28 20:10:53.594 [kafka-producer-network-thread | customer-service-producer-1] INFO  customer-service [o.apache.kafka.clients.NetworkClient] - [Producer clientId=customer-service-producer-1] Node -1 disconnected.
2026-08-28 20:10:53.595 [kafka-producer-network-thread | customer-service-producer-1] WARN  customer-service [o.apache.kafka.clients.NetworkClient] - [Producer clientId=customer-service-producer-1] Connection to node -1 (localhost/127.0.0.1:9092) could not be established. Node may not be available.
2026-08-28 20:10:53.595 [kafka-producer-network-thread | customer-service-producer-1] WARN  customer-service [o.apache.kafka.clients.NetworkClient] - [Producer clientId=customer-service-producer-1] Bootstrap broker localhost:9092 (id: -1 rack: null) disconnected
2026-08-28 20:10:54.597 [kafka-producer-network-thread | customer-service-producer-1] INFO  customer-service [o.apache.kafka.clients.NetworkClient] - [Producer clientId=customer-service-producer-1] Node -1 disconnected.
2026-08-28 20:10:54.597 [kafka-producer-network-thread | customer-service-producer-1] WARN  customer-service [o.apache.kafka.clients.NetworkClient] - [Producer clientId=customer-service-producer-1] Connection to node -1 (localhost/127.0.0.1:9092) could not be established. Node may not be available.
2026-08-28 20:10:54.597 [kafka-producer-network-thread | customer-service-producer-1] WARN  customer-service [o.apache.kafka.clients.NetworkClient] - [Producer clientId=customer-service-producer-1] Bootstrap broker localhost:9092 (id: -1 rack: null) disconnected
2026-08-28 20:10:55.621 [kafka-producer-network-thread | customer-service-producer-1] INFO  customer-service [o.apache.kafka.clients.NetworkClient] - [Producer clientId=customer-service-producer-1] Node -1 disconnected.
2026-08-28 20:10:55.621 [kafka-producer-network-thread | customer-service-producer-1] WARN  customer-service [o.apache.kafka.clients.NetworkClient] - [Producer clientId=customer-service-producer-1] Connection to node -1 (localhost/127.0.0.1:9092) could not be established. Node may not be available.
2026-08-28 20:10:55.621 [kafka-producer-network-thread | customer-service-producer-1] WARN  customer-service [o.apache.kafka.clients.NetworkClient] - [Producer clientId=customer-service-producer-1] Bootstrap broker localhost:9092 (id: -1 rack: null) disconnected
2026-08-28 20:10:56.506 [kafka-producer-network-thread | customer-service-producer-1] INFO  customer-service [o.apache.kafka.clients.NetworkClient] - [Producer clientId=customer-service-producer-1] Node -1 disconnected.
2026-08-28 20:10:56.507 [kafka-producer-network-thread | customer-service-producer-1] WARN  customer-service [o.apache.kafka.clients.NetworkClient] - [Producer clientId=customer-service-producer-1] Connection to node -1 (localhost/127.0.0.1:9092) could not be established. Node may not be available.
2026-08-28 20:10:56.507 [kafka-producer-network-thread | customer-service-producer-1] WARN  customer-service [o.apache.kafka.clients.NetworkClient] - [Producer clientId=customer-service-producer-1] Bootstrap broker localhost:9092 (id: -1 rack: null) disconnected
2026-08-28 20:10:57.448 [kafka-producer-network-thread | customer-service-producer-1] INFO  customer-service [o.apache.kafka.clients.NetworkClient] - [Producer clientId=customer-service-producer-1] Node -1 disconnected.
2026-08-28 20:10:57.448 [kafka-producer-network-thread | customer-service-producer-1] WARN  customer-service [o.apache.kafka.clients.NetworkClient] - [Producer clientId=customer-service-producer-1] Connection to node -1 (localhost/127.0.0.1:9092) could not be established. Node may not be available.
2026-08-28 20:10:57.449 [kafka-producer-network-thread | customer-service-producer-1] WARN  customer-service [o.apache.kafka.clients.NetworkClient] - [Producer clientId=customer-service-producer-1] Bootstrap broker localhost:9092 (id: -1 rack: null) disconnected
2026-08-28 20:10:58.463 [kafka-producer-network-thread | customer-service-producer-1] INFO  customer-service [o.apache.kafka.clients.NetworkClient] - [Producer clientId=customer-service-producer-1] Node -1 disconnected.
2026-08-28 20:10:58.464 [kafka-producer-network-thread | customer-service-producer-1] WARN  customer-service [o.apache.kafka.clients.NetworkClient] - [Producer clientId=customer-service-producer-1] Connection to node -1 (localhost/127.0.0.1:9092) could not be established. Node may not be available.
2026-08-28 20:10:58.464 [kafka-producer-network-thread | customer-service-producer-1] WARN  customer-service [o.apache.kafka.clients.NetworkClient] - [Producer clientId=customer-service-producer-1] Bootstrap broker localhost:9092 (id: -1 rack: null) disconnected
2026-08-28 20:10:59.479 [kafka-producer-network-thread | customer-service-producer-1] INFO  customer-service [o.apache.kafka.clients.NetworkClient] - [Producer clientId=customer-service-producer-1] Node -1 disconnected.
2026-08-28 20:10:59.479 [kafka-producer-network-thread | customer-service-producer-1] WARN  customer-service [o.apache.kafka.clients.NetworkClient] - [Producer clientId=customer-service-producer-1] Connection to node -1 (localhost/127.0.0.1:9092) could not be established. Node may not be available.
2026-08-28 20:10:59.479 [kafka-producer-network-thread | customer-service-producer-1] WARN  customer-service [o.apache.kafka.clients.NetworkClient] - [Producer clientId=customer-service-producer-1] Bootstrap broker localhost:9092 (id: -1 rack: null) disconnected
2026-08-28 20:11:00.385 [kafka-producer-network-thread | customer-service-producer-1] INFO  customer-service [o.apache.kafka.clients.NetworkClient] - [Producer clientId=customer-service-producer-1] Node -1 disconnected.
2026-08-28 20:11:00.386 [kafka-producer-network-thread | customer-service-producer-1] WARN  customer-service [o.apache.kafka.clients.NetworkClient] - [Producer clientId=customer-service-producer-1] Connection to node -1 (localhost/127.0.0.1:9092) could not be established. Node may not be available.
2026-08-28 20:11:00.386 [kafka-producer-network-thread | customer-service-producer-1] WARN  customer-service [o.apache.kafka.clients.NetworkClient] - [Producer clientId=customer-service-producer-1] Bootstrap broker localhost:9092 (id: -1 rack: null) disconnected
2026-08-28 20:11:01.397 [kafka-producer-network-thread | customer-service-producer-1] INFO  customer-service [o.apache.kafka.clients.NetworkClient] - [Producer clientId=customer-service-producer-1] Node -1 disconnected.
2026-08-28 20:11:01.397 [kafka-producer-network-thread | customer-service-producer-1] WARN  customer-service [o.apache.kafka.clients.NetworkClient] - [Producer clientId=customer-service-producer-1] Connection to node -1 (localhost/127.0.0.1:9092) could not be established. Node may not be available.
2026-08-28 20:11:01.398 [kafka-producer-network-thread | customer-service-producer-1] WARN  customer-service [o.apache.kafka.clients.NetworkClient] - [Producer clientId=customer-service-producer-1] Bootstrap broker localhost:9092 (id: -1 rack: null) disconnected
2026-08-28 20:11:02.373 [kafka-producer-network-thread | customer-service-producer-1] INFO  customer-service [o.apache.kafka.clients.NetworkClient] - [Producer clientId=customer-service-producer-1] Node -1 disconnected.
2026-08-28 20:11:02.373 [kafka-producer-network-thread | customer-service-producer-1] WARN  customer-service [o.apache.kafka.clients.NetworkClient] - [Producer clientId=customer-service-producer-1] Connection to node -1 (localhost/127.0.0.1:9092) could not be established. Node may not be available.
2026-08-28 20:11:02.374 [kafka-producer-network-thread | customer-service-producer-1] WARN  customer-service [o.apache.kafka.clients.NetworkClient] - [Producer clientId=customer-service-producer-1] Bootstrap broker localhost:9092 (id: -1 rack: null) disconnected
2026-08-28 20:11:03.449 [kafka-producer-network-thread | customer-service-producer-1] INFO  customer-service [o.apache.kafka.clients.NetworkClient] - [Producer clientId=customer-service-producer-1] Node -1 disconnected.
2026-08-28 20:11:03.450 [kafka-producer-network-thread | customer-service-producer-1] WARN  customer-service [o.apache.kafka.clients.NetworkClient] - [Producer clientId=customer-service-producer-1] Connection to node -1 (localhost/127.0.0.1:9092) could not be established. Node may not be available.
2026-08-28 20:11:03.450 [kafka-producer-network-thread | customer-service-producer-1] WARN  customer-service [o.apache.kafka.clients.NetworkClient] - [Producer clientId=customer-service-producer-1] Bootstrap broker localhost:9092 (id: -1 rack: null) disconnected
2026-08-28 20:11:04.352 [kafka-producer-network-thread | customer-service-producer-1] INFO  customer-service [o.apache.kafka.clients.NetworkClient] - [Producer clientId=customer-service-producer-1] Node -1 disconnected.
2026-08-28 20:11:04.353 [kafka-producer-network-thread | customer-service-producer-1] WARN  customer-service [o.apache.kafka.clients.NetworkClient] - [Producer clientId=customer-service-producer-1] Connection to node -1 (localhost/127.0.0.1:9092) could not be established. Node may not be available.
2026-08-28 20:11:04.353 [kafka-producer-network-thread | customer-service-producer-1] WARN  customer-service [o.apache.kafka.clients.NetworkClient] - [Producer clientId=customer-service-producer-1] Bootstrap broker localhost:9092 (id: -1 rack: null) disconnected
2026-08-28 20:11:05.265 [kafka-producer-network-thread | customer-service-producer-1] INFO  customer-service [o.apache.kafka.clients.NetworkClient] - [Producer clientId=customer-service-producer-1] Node -1 disconnected.
2026-08-28 20:11:05.265 [kafka-producer-network-thread | customer-service-producer-1] WARN  customer-service [o.apache.kafka.clients.NetworkClient] - [Producer clientId=customer-service-producer-1] Connection to node -1 (localhost/127.0.0.1:9092) could not be established. Node may not be available.
2026-08-28 20:11:05.265 [kafka-producer-network-thread | customer-service-producer-1] WARN  customer-service [o.apache.kafka.clients.NetworkClient] - [Producer clientId=customer-service-producer-1] Bootstrap broker localhost:9092 (id: -1 rack: null) disconnected
2026-08-28 20:11:06.139 [kafka-producer-network-thread | customer-service-producer-1] INFO  customer-service [o.apache.kafka.clients.NetworkClient] - [Producer clientId=customer-service-producer-1] Node -1 disconnected.
2026-08-28 20:11:06.140 [kafka-producer-network-thread | customer-service-producer-1] WARN  customer-service [o.apache.kafka.clients.NetworkClient] - [Producer clientId=customer-service-producer-1] Connection to node -1 (localhost/127.0.0.1:9092) could not be established. Node may not be available.
2026-08-28 20:11:06.140 [kafka-producer-network-thread | customer-service-producer-1] WARN  customer-service [o.apache.kafka.clients.NetworkClient] - [Producer clientId=customer-service-producer-1] Bootstrap broker localhost:9092 (id: -1 rack: null) disconnected
2026-08-28 20:11:07.037 [kafka-producer-network-thread | customer-service-producer-1] INFO  customer-service [o.apache.kafka.clients.NetworkClient] - [Producer clientId=customer-service-producer-1] Node -1 disconnected.
2026-08-28 20:11:07.038 [kafka-producer-network-thread | customer-service-producer-1] WARN  customer-service [o.apache.kafka.clients.NetworkClient] - [Producer clientId=customer-service-producer-1] Connection to node -1 (localhost/127.0.0.1:9092) could not be established. Node may not be available.
2026-08-28 20:11:07.038 [kafka-producer-network-thread | customer-service-producer-1] WARN  customer-service [o.apache.kafka.clients.NetworkClient] - [Producer clientId=customer-service-producer-1] Bootstrap broker localhost:9092 (id: -1 rack: null) disconnected
2026-08-28 20:11:08.039 [kafka-producer-network-thread | customer-service-producer-1] INFO  customer-service [o.apache.kafka.clients.NetworkClient] - [Producer clientId=customer-service-producer-1] Node -1 disconnected.
2026-08-28 20:11:08.040 [kafka-producer-network-thread | customer-service-producer-1] WARN  customer-service [o.apache.kafka.clients.NetworkClient] - [Producer clientId=customer-service-producer-1] Connection to node -1 (localhost/127.0.0.1:9092) could not be established. Node may not be available.
2026-08-28 20:11:08.040 [kafka-producer-network-thread | customer-service-producer-1] WARN  customer-service [o.apache.kafka.clients.NetworkClient] - [Producer clientId=customer-service-producer-1] Bootstrap broker localhost:9092 (id: -1 rack: null) disconnected
2026-08-28 20:11:08.932 [kafka-producer-network-thread | customer-service-producer-1] INFO  customer-service [o.apache.kafka.clients.NetworkClient] - [Producer clientId=customer-service-producer-1] Node -1 disconnected.
2026-08-28 20:11:08.932 [kafka-producer-network-thread | customer-service-producer-1] WARN  customer-service [o.apache.kafka.clients.NetworkClient] - [Producer clientId=customer-service-producer-1] Connection to node -1 (localhost/127.0.0.1:9092) could not be established. Node may not be available.
2026-08-28 20:11:08.932 [kafka-producer-network-thread | customer-service-producer-1] WARN  customer-service [o.apache.kafka.clients.NetworkClient] - [Producer clientId=customer-service-producer-1] Bootstrap broker localhost:9092 (id: -1 rack: null) disconnected
2026-08-28 20:11:09.960 [kafka-producer-network-thread | customer-service-producer-1] INFO  customer-service [o.apache.kafka.clients.NetworkClient] - [Producer clientId=customer-service-producer-1] Node -1 disconnected.
2026-08-28 20:11:09.960 [kafka-producer-network-thread | customer-service-producer-1] WARN  customer-service [o.apache.kafka.clients.NetworkClient] - [Producer clientId=customer-service-producer-1] Connection to node -1 (localhost/127.0.0.1:9092) could not be established. Node may not be available.
2026-08-28 20:11:09.960 [kafka-producer-network-thread | customer-service-producer-1] WARN  customer-service [o.apache.kafka.clients.NetworkClient] - [Producer clientId=customer-service-producer-1] Bootstrap broker localhost:9092 (id: -1 rack: null) disconnected
2026-08-28 20:11:10.836 [kafka-producer-network-thread | customer-service-producer-1] INFO  customer-service [o.apache.kafka.clients.NetworkClient] - [Producer clientId=customer-service-producer-1] Node -1 disconnected.
2026-08-28 20:11:10.837 [kafka-producer-network-thread | customer-service-producer-1] WARN  customer-service [o.apache.kafka.clients.NetworkClient] - [Producer clientId=customer-service-producer-1] Connection to node -1 (localhost/127.0.0.1:9092) could not be established. Node may not be available.
2026-08-28 20:11:10.837 [kafka-producer-network-thread | customer-service-producer-1] WARN  customer-service [o.apache.kafka.clients.NetworkClient] - [Producer clientId=customer-service-producer-1] Bootstrap broker localhost:9092 (id: -1 rack: null) disconnected
2026-08-28 20:11:11.825 [kafka-producer-network-thread | customer-service-producer-1] INFO  customer-service [o.apache.kafka.clients.NetworkClient] - [Producer clientId=customer-service-producer-1] Node -1 disconnected.
2026-08-28 20:11:11.827 [kafka-producer-network-thread | customer-service-producer-1] WARN  customer-service [o.apache.kafka.clients.NetworkClient] - [Producer clientId=customer-service-producer-1] Connection to node -1 (localhost/127.0.0.1:9092) could not be established. Node may not be available.
2026-08-28 20:11:11.827 [kafka-producer-network-thread | customer-service-producer-1] WARN  customer-service [o.apache.kafka.clients.NetworkClient] - [Producer clientId=customer-service-producer-1] Bootstrap broker localhost:9092 (id: -1 rack: null) disconnected
2026-08-28 20:11:12.643 [kafka-producer-network-thread | customer-service-producer-1] INFO  customer-service [o.apache.kafka.clients.NetworkClient] - [Producer clientId=customer-service-producer-1] Node -1 disconnected.
2026-08-28 20:11:12.644 [kafka-producer-network-thread | customer-service-producer-1] WARN  customer-service [o.apache.kafka.clients.NetworkClient] - [Producer clientId=customer-service-producer-1] Connection to node -1 (localhost/127.0.0.1:9092) could not be established. Node may not be available.
2026-08-28 20:11:12.644 [kafka-producer-network-thread | customer-service-producer-1] WARN  customer-service [o.apache.kafka.clients.NetworkClient] - [Producer clientId=customer-service-producer-1] Bootstrap broker localhost:9092 (id: -1 rack: null) disconnected
2026-08-28 20:11:13.580 [kafka-producer-network-thread | customer-service-producer-1] INFO  customer-service [o.apache.kafka.clients.NetworkClient] - [Producer clientId=customer-service-producer-1] Node -1 disconnected.
2026-08-28 20:11:13.581 [kafka-producer-network-thread | customer-service-producer-1] WARN  customer-service [o.apache.kafka.clients.NetworkClient] - [Producer clientId=customer-service-producer-1] Connection to node -1 (localhost/127.0.0.1:9092) could not be established. Node may not be available.
2026-08-28 20:11:13.581 [kafka-producer-network-thread | customer-service-producer-1] WARN  customer-service [o.apache.kafka.clients.NetworkClient] - [Producer clientId=customer-service-producer-1] Bootstrap broker localhost:9092 (id: -1 rack: null) disconnected
2026-08-28 20:11:14.417 [kafka-producer-network-thread | customer-service-producer-1] INFO  customer-service [o.apache.kafka.clients.NetworkClient] - [Producer clientId=customer-service-producer-1] Node -1 disconnected.
2026-08-28 20:11:14.418 [kafka-producer-network-thread | customer-service-producer-1] WARN  customer-service [o.apache.kafka.clients.NetworkClient] - [Producer clientId=customer-service-producer-1] Connection to node -1 (localhost/127.0.0.1:9092) could not be established. Node may not be available.
2026-08-28 20:11:14.418 [kafka-producer-network-thread | customer-service-producer-1] WARN  customer-service [o.apache.kafka.clients.NetworkClient] - [Producer clientId=customer-service-producer-1] Bootstrap broker localhost:9092 (id: -1 rack: null) disconnected
2026-08-28 20:11:15.433 [kafka-producer-network-thread | customer-service-producer-1] INFO  customer-service [o.apache.kafka.clients.NetworkClient] - [Producer clientId=customer-service-producer-1] Node -1 disconnected.
2026-08-28 20:11:15.433 [kafka-producer-network-thread | customer-service-producer-1] WARN  customer-service [o.apache.kafka.clients.NetworkClient] - [Producer clientId=customer-service-producer-1] Connection to node -1 (localhost/127.0.0.1:9092) could not be established. Node may not be available.
2026-08-28 20:11:15.434 [kafka-producer-network-thread | customer-service-producer-1] WARN  customer-service [o.apache.kafka.clients.NetworkClient] - [Producer clientId=customer-service-producer-1] Bootstrap broker localhost:9092 (id: -1 rack: null) disconnected
2026-08-28 20:11:16.346 [kafka-producer-network-thread | customer-service-producer-1] INFO  customer-service [o.apache.kafka.clients.NetworkClient] - [Producer clientId=customer-service-producer-1] Node -1 disconnected.
2026-08-28 20:11:16.346 [kafka-producer-network-thread | customer-service-producer-1] WARN  customer-service [o.apache.kafka.clients.NetworkClient] - [Producer clientId=customer-service-producer-1] Connection to node -1 (localhost/127.0.0.1:9092) could not be established. Node may not be available.
2026-08-28 20:11:16.346 [kafka-producer-network-thread | customer-service-producer-1] WARN  customer-service [o.apache.kafka.clients.NetworkClient] - [Producer clientId=customer-service-producer-1] Bootstrap broker localhost:9092 (id: -1 rack: null) disconnected
2026-08-28 20:11:17.299 [kafka-producer-network-thread | customer-service-producer-1] INFO  customer-service [o.apache.kafka.clients.NetworkClient] - [Producer clientId=customer-service-producer-1] Node -1 disconnected.
2026-08-28 20:11:17.299 [kafka-producer-network-thread | customer-service-producer-1] WARN  customer-service [o.apache.kafka.clients.NetworkClient] - [Producer clientId=customer-service-producer-1] Connection to node -1 (localhost/127.0.0.1:9092) could not be established. Node may not be available.
2026-08-28 20:11:17.299 [kafka-producer-network-thread | customer-service-producer-1] WARN  customer-service [o.apache.kafka.clients.NetworkClient] - [Producer clientId=customer-service-producer-1] Bootstrap broker localhost:9092 (id: -1 rack: null) disconnected
2026-08-28 20:11:18.169 [kafka-producer-network-thread | customer-service-producer-1] INFO  customer-service [o.apache.kafka.clients.NetworkClient] - [Producer clientId=customer-service-producer-1] Node -1 disconnected.
2026-08-28 20:11:18.170 [kafka-producer-network-thread | customer-service-producer-1] WARN  customer-service [o.apache.kafka.clients.NetworkClient] - [Producer clientId=customer-service-producer-1] Connection to node -1 (localhost/127.0.0.1:9092) could not be established. Node may not be available.
2026-08-28 20:11:18.170 [kafka-producer-network-thread | customer-service-producer-1] WARN  customer-service [o.apache.kafka.clients.NetworkClient] - [Producer clientId=customer-service-producer-1] Bootstrap broker localhost:9092 (id: -1 rack: null) disconnected
2026-08-28 20:11:19.194 [kafka-producer-network-thread | customer-service-producer-1] INFO  customer-service [o.apache.kafka.clients.NetworkClient] - [Producer clientId=customer-service-producer-1] Node -1 disconnected.
2026-08-28 20:11:19.195 [kafka-producer-network-thread | customer-service-producer-1] WARN  customer-service [o.apache.kafka.clients.NetworkClient] - [Producer clientId=customer-service-producer-1] Connection to node -1 (localhost/127.0.0.1:9092) could not be established. Node may not be available.
2026-08-28 20:11:19.195 [kafka-producer-network-thread | customer-service-producer-1] WARN  customer-service [o.apache.kafka.clients.NetworkClient] - [Producer clientId=customer-service-producer-1] Bootstrap broker localhost:9092 (id: -1 rack: null) disconnected
2026-08-28 20:11:20.056 [kafka-producer-network-thread | customer-service-producer-1] INFO  customer-service [o.apache.kafka.clients.NetworkClient] - [Producer clientId=customer-service-producer-1] Node -1 disconnected.
2026-08-28 20:11:20.057 [kafka-producer-network-thread | customer-service-producer-1] WARN  customer-service [o.apache.kafka.clients.NetworkClient] - [Producer clientId=customer-service-producer-1] Connection to node -1 (localhost/127.0.0.1:9092) could not be established. Node may not be available.
2026-08-28 20:11:20.057 [kafka-producer-network-thread | customer-service-producer-1] WARN  customer-service [o.apache.kafka.clients.NetworkClient] - [Producer clientId=customer-service-producer-1] Bootstrap broker localhost:9092 (id: -1 rack: null) disconnected
2026-08-28 20:11:20.952 [kafka-producer-network-thread | customer-service-producer-1] INFO  customer-service [o.apache.kafka.clients.NetworkClient] - [Producer clientId=customer-service-producer-1] Node -1 disconnected.
2026-08-28 20:11:20.952 [kafka-producer-network-thread | customer-service-producer-1] WARN  customer-service [o.apache.kafka.clients.NetworkClient] - [Producer clientId=customer-service-producer-1] Connection to node -1 (localhost/127.0.0.1:9092) could not be established. Node may not be available.
2026-08-28 20:11:20.952 [kafka-producer-network-thread | customer-service-producer-1] WARN  customer-service [o.apache.kafka.clients.NetworkClient] - [Producer clientId=customer-service-producer-1] Bootstrap broker localhost:9092 (id: -1 rack: null) disconnected
2026-08-28 20:11:21.830 [kafka-producer-network-thread | customer-service-producer-1] INFO  customer-service [o.apache.kafka.clients.NetworkClient] - [Producer clientId=customer-service-producer-1] Node -1 disconnected.
2026-08-28 20:11:21.831 [kafka-producer-network-thread | customer-service-producer-1] WARN  customer-service [o.apache.kafka.clients.NetworkClient] - [Producer clientId=customer-service-producer-1] Connection to node -1 (localhost/127.0.0.1:9092) could not be established. Node may not be available.
2026-08-28 20:11:21.831 [kafka-producer-network-thread | customer-service-producer-1] WARN  customer-service [o.apache.kafka.clients.NetworkClient] - [Producer clientId=customer-service-producer-1] Bootstrap broker localhost:9092 (id: -1 rack: null) disconnected
2026-08-28 20:11:22.711 [kafka-producer-network-thread | customer-service-producer-1] INFO  customer-service [o.apache.kafka.clients.NetworkClient] - [Producer clientId=customer-service-producer-1] Node -1 disconnected.
2026-08-28 20:11:22.711 [kafka-producer-network-thread | customer-service-producer-1] WARN  customer-service [o.apache.kafka.clients.NetworkClient] - [Producer clientId=customer-service-producer-1] Connection to node -1 (localhost/127.0.0.1:9092) could not be established. Node may not be available.
2026-08-28 20:11:22.711 [kafka-producer-network-thread | customer-service-producer-1] WARN  customer-service [o.apache.kafka.clients.NetworkClient] - [Producer clientId=customer-service-producer-1] Bootstrap broker localhost:9092 (id: -1 rack: null) disconnected
2026-08-28 20:11:23.545 [kafka-producer-network-thread | customer-service-producer-1] INFO  customer-service [o.apache.kafka.clients.NetworkClient] - [Producer clientId=customer-service-producer-1] Node -1 disconnected.
2026-08-28 20:11:23.545 [kafka-producer-network-thread | customer-service-producer-1] WARN  customer-service [o.apache.kafka.clients.NetworkClient] - [Producer clientId=customer-service-producer-1] Connection to node -1 (localhost/127.0.0.1:9092) could not be established. Node may not be available.
2026-08-28 20:11:23.545 [kafka-producer-network-thread | customer-service-producer-1] WARN  customer-service [o.apache.kafka.clients.NetworkClient] - [Producer clientId=customer-service-producer-1] Bootstrap broker localhost:9092 (id: -1 rack: null) disconnected
2026-08-28 20:11:24.480 [kafka-producer-network-thread | customer-service-producer-1] INFO  customer-service [o.apache.kafka.clients.NetworkClient] - [Producer clientId=customer-service-producer-1] Node -1 disconnected.
2026-08-28 20:11:24.480 [kafka-producer-network-thread | customer-service-producer-1] WARN  customer-service [o.apache.kafka.clients.NetworkClient] - [Producer clientId=customer-service-producer-1] Connection to node -1 (localhost/127.0.0.1:9092) could not be established. Node may not be available.
2026-08-28 20:11:24.480 [kafka-producer-network-thread | customer-service-producer-1] WARN  customer-service [o.apache.kafka.clients.NetworkClient] - [Producer clientId=customer-service-producer-1] Bootstrap broker localhost:9092 (id: -1 rack: null) disconnected
2026-08-28 20:11:25.371 [kafka-producer-network-thread | customer-service-producer-1] INFO  customer-service [o.apache.kafka.clients.NetworkClient] - [Producer clientId=customer-service-producer-1] Node -1 disconnected.
2026-08-28 20:11:25.371 [kafka-producer-network-thread | customer-service-producer-1] WARN  customer-service [o.apache.kafka.clients.NetworkClient] - [Producer clientId=customer-service-producer-1] Connection to node -1 (localhost/127.0.0.1:9092) could not be established. Node may not be available.
2026-08-28 20:11:25.371 [kafka-producer-network-thread | customer-service-producer-1] WARN  customer-service [o.apache.kafka.clients.NetworkClient] - [Producer clientId=customer-service-producer-1] Bootstrap broker localhost:9092 (id: -1 rack: null) disconnected
2026-08-28 20:11:26.305 [kafka-producer-network-thread | customer-service-producer-1] INFO  customer-service [o.apache.kafka.clients.NetworkClient] - [Producer clientId=customer-service-producer-1] Node -1 disconnected.
2026-08-28 20:11:26.305 [kafka-producer-network-thread | customer-service-producer-1] WARN  customer-service [o.apache.kafka.clients.NetworkClient] - [Producer clientId=customer-service-producer-1] Connection to node -1 (localhost/127.0.0.1:9092) could not be established. Node may not be available.
2026-08-28 20:11:26.305 [kafka-producer-network-thread | customer-service-producer-1] WARN  customer-service [o.apache.kafka.clients.NetworkClient] - [Producer clientId=customer-service-producer-1] Bootstrap broker localhost:9092 (id: -1 rack: null) disconnected
2026-08-28 20:11:27.311 [kafka-producer-network-thread | customer-service-producer-1] INFO  customer-service [o.apache.kafka.clients.NetworkClient] - [Producer clientId=customer-service-producer-1] Node -1 disconnected.
2026-08-28 20:11:27.311 [kafka-producer-network-thread | customer-service-producer-1] WARN  customer-service [o.apache.kafka.clients.NetworkClient] - [Producer clientId=customer-service-producer-1] Connection to node -1 (localhost/127.0.0.1:9092) could not be established. Node may not be available.
2026-08-28 20:11:27.312 [kafka-producer-network-thread | customer-service-producer-1] WARN  customer-service [o.apache.kafka.clients.NetworkClient] - [Producer clientId=customer-service-producer-1] Bootstrap broker localhost:9092 (id: -1 rack: null) disconnected
2026-08-28 20:11:28.123 [kafka-producer-network-thread | customer-service-producer-1] INFO  customer-service [o.apache.kafka.clients.NetworkClient] - [Producer clientId=customer-service-producer-1] Node -1 disconnected.
2026-08-28 20:11:28.126 [kafka-producer-network-thread | customer-service-producer-1] WARN  customer-service [o.apache.kafka.clients.NetworkClient] - [Producer clientId=customer-service-producer-1] Connection to node -1 (localhost/127.0.0.1:9092) could not be established. Node may not be available.
2026-08-28 20:11:28.126 [kafka-producer-network-thread | customer-service-producer-1] WARN  customer-service [o.apache.kafka.clients.NetworkClient] - [Producer clientId=customer-service-producer-1] Bootstrap broker localhost:9092 (id: -1 rack: null) disconnected
2026-08-28 20:11:29.079 [kafka-producer-network-thread | customer-service-producer-1] INFO  customer-service [o.apache.kafka.clients.NetworkClient] - [Producer clientId=customer-service-producer-1] Node -1 disconnected.
2026-08-28 20:11:29.081 [kafka-producer-network-thread | customer-service-producer-1] WARN  customer-service [o.apache.kafka.clients.NetworkClient] - [Producer clientId=customer-service-producer-1] Connection to node -1 (localhost/127.0.0.1:9092) could not be established. Node may not be available.
2026-08-28 20:11:29.085 [kafka-producer-network-thread | customer-service-producer-1] WARN  customer-service [o.apache.kafka.clients.NetworkClient] - [Producer clientId=customer-service-producer-1] Bootstrap broker localhost:9092 (id: -1 rack: null) disconnected
2026-08-28 20:11:30.064 [kafka-producer-network-thread | customer-service-producer-1] INFO  customer-service [o.apache.kafka.clients.NetworkClient] - [Producer clientId=customer-service-producer-1] Node -1 disconnected.
2026-08-28 20:11:30.065 [kafka-producer-network-thread | customer-service-producer-1] WARN  customer-service [o.apache.kafka.clients.NetworkClient] - [Producer clientId=customer-service-producer-1] Connection to node -1 (localhost/127.0.0.1:9092) could not be established. Node may not be available.
2026-08-28 20:11:30.065 [kafka-producer-network-thread | customer-service-producer-1] WARN  customer-service [o.apache.kafka.clients.NetworkClient] - [Producer clientId=customer-service-producer-1] Bootstrap broker localhost:9092 (id: -1 rack: null) disconnected
2026-08-28 20:11:31.096 [kafka-producer-network-thread | customer-service-producer-1] INFO  customer-service [o.apache.kafka.clients.NetworkClient] - [Producer clientId=customer-service-producer-1] Node -1 disconnected.
2026-08-28 20:11:31.099 [kafka-producer-network-thread | customer-service-producer-1] WARN  customer-service [o.apache.kafka.clients.NetworkClient] - [Producer clientId=customer-service-producer-1] Connection to node -1 (localhost/127.0.0.1:9092) could not be established. Node may not be available.
2026-08-28 20:11:31.099 [kafka-producer-network-thread | customer-service-producer-1] WARN  customer-service [o.apache.kafka.clients.NetworkClient] - [Producer clientId=customer-service-producer-1] Bootstrap broker localhost:9092 (id: -1 rack: null) disconnected
2026-08-28 20:11:32.135 [kafka-producer-network-thread | customer-service-producer-1] INFO  customer-service [o.apache.kafka.clients.NetworkClient] - [Producer clientId=customer-service-producer-1] Node -1 disconnected.
2026-08-28 20:11:32.138 [kafka-producer-network-thread | customer-service-producer-1] WARN  customer-service [o.apache.kafka.clients.NetworkClient] - [Producer clientId=customer-service-producer-1] Connection to node -1 (localhost/127.0.0.1:9092) could not be established. Node may not be available.
2026-08-28 20:11:32.138 [kafka-producer-network-thread | customer-service-producer-1] WARN  customer-service [o.apache.kafka.clients.NetworkClient] - [Producer clientId=customer-service-producer-1] Bootstrap broker localhost:9092 (id: -1 rack: null) disconnected
2026-08-28 20:11:32.955 [kafka-producer-network-thread | customer-service-producer-1] INFO  customer-service [o.apache.kafka.clients.NetworkClient] - [Producer clientId=customer-service-producer-1] Node -1 disconnected.
2026-08-28 20:11:32.956 [kafka-producer-network-thread | customer-service-producer-1] WARN  customer-service [o.apache.kafka.clients.NetworkClient] - [Producer clientId=customer-service-producer-1] Connection to node -1 (localhost/127.0.0.1:9092) could not be established. Node may not be available.
2026-08-28 20:11:32.956 [kafka-producer-network-thread | customer-service-producer-1] WARN  customer-service [o.apache.kafka.clients.NetworkClient] - [Producer clientId=customer-service-producer-1] Bootstrap broker localhost:9092 (id: -1 rack: null) disconnected
2026-08-28 20:11:33.815 [kafka-producer-network-thread | customer-service-producer-1] INFO  customer-service [o.apache.kafka.clients.NetworkClient] - [Producer clientId=customer-service-producer-1] Node -1 disconnected.
2026-08-28 20:11:33.816 [kafka-producer-network-thread | customer-service-producer-1] WARN  customer-service [o.apache.kafka.clients.NetworkClient] - [Producer clientId=customer-service-producer-1] Connection to node -1 (localhost/127.0.0.1:9092) could not be established. Node may not be available.
2026-08-28 20:11:33.816 [kafka-producer-network-thread | customer-service-producer-1] WARN  customer-service [o.apache.kafka.clients.NetworkClient] - [Producer clientId=customer-service-producer-1] Bootstrap broker localhost:9092 (id: -1 rack: null) disconnected
2026-08-28 20:11:34.831 [kafka-producer-network-thread | customer-service-producer-1] INFO  customer-service [o.apache.kafka.clients.NetworkClient] - [Producer clientId=customer-service-producer-1] Node -1 disconnected.
2026-08-28 20:11:34.831 [kafka-producer-network-thread | customer-service-producer-1] WARN  customer-service [o.apache.kafka.clients.NetworkClient] - [Producer clientId=customer-service-producer-1] Connection to node -1 (localhost/127.0.0.1:9092) could not be established. Node may not be available.
2026-08-28 20:11:34.831 [kafka-producer-network-thread | customer-service-producer-1] WARN  customer-service [o.apache.kafka.clients.NetworkClient] - [Producer clientId=customer-service-producer-1] Bootstrap broker localhost:9092 (id: -1 rack: null) disconnected
2026-08-28 20:11:35.688 [kafka-producer-network-thread | customer-service-producer-1] INFO  customer-service [o.apache.kafka.clients.NetworkClient] - [Producer clientId=customer-service-producer-1] Node -1 disconnected.
2026-08-28 20:11:35.688 [kafka-producer-network-thread | customer-service-producer-1] WARN  customer-service [o.apache.kafka.clients.NetworkClient] - [Producer clientId=customer-service-producer-1] Connection to node -1 (localhost/127.0.0.1:9092) could not be established. Node may not be available.
2026-08-28 20:11:35.688 [kafka-producer-network-thread | customer-service-producer-1] WARN  customer-service [o.apache.kafka.clients.NetworkClient] - [Producer clientId=customer-service-producer-1] Bootstrap broker localhost:9092 (id: -1 rack: null) disconnected
2026-08-28 20:11:36.692 [kafka-producer-network-thread | customer-service-producer-1] INFO  customer-service [o.apache.kafka.clients.NetworkClient] - [Producer clientId=customer-service-producer-1] Node -1 disconnected.
2026-08-28 20:11:36.692 [kafka-producer-network-thread | customer-service-producer-1] WARN  customer-service [o.apache.kafka.clients.NetworkClient] - [Producer clientId=customer-service-producer-1] Connection to node -1 (localhost/127.0.0.1:9092) could not be established. Node may not be available.
2026-08-28 20:11:36.692 [kafka-producer-network-thread | customer-service-producer-1] WARN  customer-service [o.apache.kafka.clients.NetworkClient] - [Producer clientId=customer-service-producer-1] Bootstrap broker localhost:9092 (id: -1 rack: null) disconnected
2026-08-28 20:11:37.702 [kafka-producer-network-thread | customer-service-producer-1] INFO  customer-service [o.apache.kafka.clients.NetworkClient] - [Producer clientId=customer-service-producer-1] Node -1 disconnected.
2026-08-28 20:11:37.703 [kafka-producer-network-thread | customer-service-producer-1] WARN  customer-service [o.apache.kafka.clients.NetworkClient] - [Producer clientId=customer-service-producer-1] Connection to node -1 (localhost/127.0.0.1:9092) could not be established. Node may not be available.
2026-08-28 20:11:37.703 [kafka-producer-network-thread | customer-service-producer-1] WARN  customer-service [o.apache.kafka.clients.NetworkClient] - [Producer clientId=customer-service-producer-1] Bootstrap broker localhost:9092 (id: -1 rack: null) disconnected
2026-08-28 20:11:38.630 [kafka-producer-network-thread | customer-service-producer-1] INFO  customer-service [o.apache.kafka.clients.NetworkClient] - [Producer clientId=customer-service-producer-1] Node -1 disconnected.
2026-08-28 20:11:38.631 [kafka-producer-network-thread | customer-service-producer-1] WARN  customer-service [o.apache.kafka.clients.NetworkClient] - [Producer clientId=customer-service-producer-1] Connection to node -1 (localhost/127.0.0.1:9092) could not be established. Node may not be available.
2026-08-28 20:11:38.631 [kafka-producer-network-thread | customer-service-producer-1] WARN  customer-service [o.apache.kafka.clients.NetworkClient] - [Producer clientId=customer-service-producer-1] Bootstrap broker localhost:9092 (id: -1 rack: null) disconnected
2026-08-28 20:11:39.665 [kafka-producer-network-thread | customer-service-producer-1] INFO  customer-service [o.apache.kafka.clients.NetworkClient] - [Producer clientId=customer-service-producer-1] Node -1 disconnected.
2026-08-28 20:11:39.665 [kafka-producer-network-thread | customer-service-producer-1] WARN  customer-service [o.apache.kafka.clients.NetworkClient] - [Producer clientId=customer-service-producer-1] Connection to node -1 (localhost/127.0.0.1:9092) could not be established. Node may not be available.
2026-08-28 20:11:39.665 [kafka-producer-network-thread | customer-service-producer-1] WARN  customer-service [o.apache.kafka.clients.NetworkClient] - [Producer clientId=customer-service-producer-1] Bootstrap broker localhost:9092 (id: -1 rack: null) disconnected
2026-08-28 20:11:40.665 [kafka-producer-network-thread | customer-service-producer-1] INFO  customer-service [o.apache.kafka.clients.NetworkClient] - [Producer clientId=customer-service-producer-1] Node -1 disconnected.
2026-08-28 20:11:40.665 [kafka-producer-network-thread | customer-service-producer-1] WARN  customer-service [o.apache.kafka.clients.NetworkClient] - [Producer clientId=customer-service-producer-1] Connection to node -1 (localhost/127.0.0.1:9092) could not be established. Node may not be available.
2026-08-28 20:11:40.666 [kafka-producer-network-thread | customer-service-producer-1] WARN  customer-service [o.apache.kafka.clients.NetworkClient] - [Producer clientId=customer-service-producer-1] Bootstrap broker localhost:9092 (id: -1 rack: null) disconnected
2026-08-28 20:11:41.513 [kafka-producer-network-thread | customer-service-producer-1] INFO  customer-service [o.apache.kafka.clients.NetworkClient] - [Producer clientId=customer-service-producer-1] Node -1 disconnected.
2026-08-28 20:11:41.513 [kafka-producer-network-thread | customer-service-producer-1] WARN  customer-service [o.apache.kafka.clients.NetworkClient] - [Producer clientId=customer-service-producer-1] Connection to node -1 (localhost/127.0.0.1:9092) could not be established. Node may not be available.
2026-08-28 20:11:41.513 [kafka-producer-network-thread | customer-service-producer-1] WARN  customer-service [o.apache.kafka.clients.NetworkClient] - [Producer clientId=customer-service-producer-1] Bootstrap broker localhost:9092 (id: -1 rack: null) disconnected
2026-08-28 20:11:42.529 [kafka-producer-network-thread | customer-service-producer-1] INFO  customer-service [o.apache.kafka.clients.NetworkClient] - [Producer clientId=customer-service-producer-1] Node -1 disconnected.
2026-08-28 20:11:42.530 [kafka-producer-network-thread | customer-service-producer-1] WARN  customer-service [o.apache.kafka.clients.NetworkClient] - [Producer clientId=customer-service-producer-1] Connection to node -1 (localhost/127.0.0.1:9092) could not be established. Node may not be available.
2026-08-28 20:11:42.530 [kafka-producer-network-thread | customer-service-producer-1] WARN  customer-service [o.apache.kafka.clients.NetworkClient] - [Producer clientId=customer-service-producer-1] Bootstrap broker localhost:9092 (id: -1 rack: null) disconnected
2026-08-28 20:11:43.530 [kafka-producer-network-thread | customer-service-producer-1] INFO  customer-service [o.apache.kafka.clients.NetworkClient] - [Producer clientId=customer-service-producer-1] Node -1 disconnected.
2026-08-28 20:11:43.530 [kafka-producer-network-thread | customer-service-producer-1] WARN  customer-service [o.apache.kafka.clients.NetworkClient] - [Producer clientId=customer-service-producer-1] Connection to node -1 (localhost/127.0.0.1:9092) could not be established. Node may not be available.
2026-08-28 20:11:43.530 [kafka-producer-network-thread | customer-service-producer-1] WARN  customer-service [o.apache.kafka.clients.NetworkClient] - [Producer clientId=customer-service-producer-1] Bootstrap broker localhost:9092 (id: -1 rack: null) disconnected
2026-08-28 20:11:44.491 [kafka-producer-network-thread | customer-service-producer-1] INFO  customer-service [o.apache.kafka.clients.NetworkClient] - [Producer clientId=customer-service-producer-1] Node -1 disconnected.
2026-08-28 20:11:44.492 [kafka-producer-network-thread | customer-service-producer-1] WARN  customer-service [o.apache.kafka.clients.NetworkClient] - [Producer clientId=customer-service-producer-1] Connection to node -1 (localhost/127.0.0.1:9092) could not be established. Node may not be available.
2026-08-28 20:11:44.492 [kafka-producer-network-thread | customer-service-producer-1] WARN  customer-service [o.apache.kafka.clients.NetworkClient] - [Producer clientId=customer-service-producer-1] Bootstrap broker localhost:9092 (id: -1 rack: null) disconnected
2026-08-28 20:11:45.476 [kafka-producer-network-thread | customer-service-producer-1] INFO  customer-service [o.apache.kafka.clients.NetworkClient] - [Producer clientId=customer-service-producer-1] Node -1 disconnected.
2026-08-28 20:11:45.476 [kafka-producer-network-thread | customer-service-producer-1] WARN  customer-service [o.apache.kafka.clients.NetworkClient] - [Producer clientId=customer-service-producer-1] Connection to node -1 (localhost/127.0.0.1:9092) could not be established. Node may not be available.
2026-08-28 20:11:45.476 [kafka-producer-network-thread | customer-service-producer-1] WARN  customer-service [o.apache.kafka.clients.NetworkClient] - [Producer clientId=customer-service-producer-1] Bootstrap broker localhost:9092 (id: -1 rack: null) disconnected
2026-08-28 20:11:46.503 [kafka-producer-network-thread | customer-service-producer-1] INFO  customer-service [o.apache.kafka.clients.NetworkClient] - [Producer clientId=customer-service-producer-1] Node -1 disconnected.
2026-08-28 20:11:46.503 [kafka-producer-network-thread | customer-service-producer-1] WARN  customer-service [o.apache.kafka.clients.NetworkClient] - [Producer clientId=customer-service-producer-1] Connection to node -1 (localhost/127.0.0.1:9092) could not be established. Node may not be available.
2026-08-28 20:11:46.503 [kafka-producer-network-thread | customer-service-producer-1] WARN  customer-service [o.apache.kafka.clients.NetworkClient] - [Producer clientId=customer-service-producer-1] Bootstrap broker localhost:9092 (id: -1 rack: null) disconnected
2026-08-28 20:11:47.472 [kafka-producer-network-thread | customer-service-producer-1] INFO  customer-service [o.apache.kafka.clients.NetworkClient] - [Producer clientId=customer-service-producer-1] Node -1 disconnected.
2026-08-28 20:11:47.473 [kafka-producer-network-thread | customer-service-producer-1] WARN  customer-service [o.apache.kafka.clients.NetworkClient] - [Producer clientId=customer-service-producer-1] Connection to node -1 (localhost/127.0.0.1:9092) could not be established. Node may not be available.
2026-08-28 20:11:47.473 [kafka-producer-network-thread | customer-service-producer-1] WARN  customer-service [o.apache.kafka.clients.NetworkClient] - [Producer clientId=customer-service-producer-1] Bootstrap broker localhost:9092 (id: -1 rack: null) disconnected
2026-08-28 20:11:48.482 [kafka-producer-network-thread | customer-service-producer-1] INFO  customer-service [o.apache.kafka.clients.NetworkClient] - [Producer clientId=customer-service-producer-1] Node -1 disconnected.
2026-08-28 20:11:48.483 [kafka-producer-network-thread | customer-service-producer-1] WARN  customer-service [o.apache.kafka.clients.NetworkClient] - [Producer clientId=customer-service-producer-1] Connection to node -1 (localhost/127.0.0.1:9092) could not be established. Node may not be available.
2026-08-28 20:11:48.483 [kafka-producer-network-thread | customer-service-producer-1] WARN  customer-service [o.apache.kafka.clients.NetworkClient] - [Producer clientId=customer-service-producer-1] Bootstrap broker localhost:9092 (id: -1 rack: null) disconnected
2026-08-28 20:11:49.530 [kafka-producer-network-thread | customer-service-producer-1] INFO  customer-service [o.apache.kafka.clients.NetworkClient] - [Producer clientId=customer-service-producer-1] Node -1 disconnected.
2026-08-28 20:11:49.530 [kafka-producer-network-thread | customer-service-producer-1] WARN  customer-service [o.apache.kafka.clients.NetworkClient] - [Producer clientId=customer-service-producer-1] Connection to node -1 (localhost/127.0.0.1:9092) could not be established. Node may not be available.
2026-08-28 20:11:49.530 [kafka-producer-network-thread | customer-service-producer-1] WARN  customer-service [o.apache.kafka.clients.NetworkClient] - [Producer clientId=customer-service-producer-1] Bootstrap broker localhost:9092 (id: -1 rack: null) disconnected
2026-08-28 20:11:50.488 [kafka-producer-network-thread | customer-service-producer-1] INFO  customer-service [o.apache.kafka.clients.NetworkClient] - [Producer clientId=customer-service-producer-1] Node -1 disconnected.
2026-08-28 20:11:50.488 [kafka-producer-network-thread | customer-service-producer-1] WARN  customer-service [o.apache.kafka.clients.NetworkClient] - [Producer clientId=customer-service-producer-1] Connection to node -1 (localhost/127.0.0.1:9092) could not be established. Node may not be available.
2026-08-28 20:11:50.488 [kafka-producer-network-thread | customer-service-producer-1] WARN  customer-service [o.apache.kafka.clients.NetworkClient] - [Producer clientId=customer-service-producer-1] Bootstrap broker localhost:9092 (id: -1 rack: null) disconnected
2026-08-28 20:11:51.348 [kafka-producer-network-thread | customer-service-producer-1] INFO  customer-service [o.apache.kafka.clients.NetworkClient] - [Producer clientId=customer-service-producer-1] Node -1 disconnected.
2026-08-28 20:11:51.348 [kafka-producer-network-thread | customer-service-producer-1] WARN  customer-service [o.apache.kafka.clients.NetworkClient] - [Producer clientId=customer-service-producer-1] Connection to node -1 (localhost/127.0.0.1:9092) could not be established. Node may not be available.
2026-08-28 20:11:51.349 [kafka-producer-network-thread | customer-service-producer-1] WARN  customer-service [o.apache.kafka.clients.NetworkClient] - [Producer clientId=customer-service-producer-1] Bootstrap broker localhost:9092 (id: -1 rack: null) disconnected
2026-08-28 20:11:52.394 [kafka-producer-network-thread | customer-service-producer-1] INFO  customer-service [o.apache.kafka.clients.NetworkClient] - [Producer clientId=customer-service-producer-1] Node -1 disconnected.
2026-08-28 20:11:52.394 [kafka-producer-network-thread | customer-service-producer-1] WARN  customer-service [o.apache.kafka.clients.NetworkClient] - [Producer clientId=customer-service-producer-1] Connection to node -1 (localhost/127.0.0.1:9092) could not be established. Node may not be available.
2026-08-28 20:11:52.394 [kafka-producer-network-thread | customer-service-producer-1] WARN  customer-service [o.apache.kafka.clients.NetworkClient] - [Producer clientId=customer-service-producer-1] Bootstrap broker localhost:9092 (id: -1 rack: null) disconnected
2026-08-28 20:11:53.509 [kafka-producer-network-thread | customer-service-producer-1] INFO  customer-service [o.apache.kafka.clients.NetworkClient] - [Producer clientId=customer-service-producer-1] Node -1 disconnected.
2026-08-28 20:11:53.509 [kafka-producer-network-thread | customer-service-producer-1] WARN  customer-service [o.apache.kafka.clients.NetworkClient] - [Producer clientId=customer-service-producer-1] Connection to node -1 (localhost/127.0.0.1:9092) could not be established. Node may not be available.
2026-08-28 20:11:53.509 [kafka-producer-network-thread | customer-service-producer-1] WARN  customer-service [o.apache.kafka.clients.NetworkClient] - [Producer clientId=customer-service-producer-1] Bootstrap broker localhost:9092 (id: -1 rack: null) disconnected
2026-08-28 20:11:54.421 [kafka-producer-network-thread | customer-service-producer-1] INFO  customer-service [o.apache.kafka.clients.NetworkClient] - [Producer clientId=customer-service-producer-1] Node -1 disconnected.
2026-08-28 20:11:54.421 [kafka-producer-network-thread | customer-service-producer-1] WARN  customer-service [o.apache.kafka.clients.NetworkClient] - [Producer clientId=customer-service-producer-1] Connection to node -1 (localhost/127.0.0.1:9092) could not be established. Node may not be available.
2026-08-28 20:11:54.421 [kafka-producer-network-thread | customer-service-producer-1] WARN  customer-service [o.apache.kafka.clients.NetworkClient] - [Producer clientId=customer-service-producer-1] Bootstrap broker localhost:9092 (id: -1 rack: null) disconnected
2026-08-28 20:11:55.287 [kafka-producer-network-thread | customer-service-producer-1] INFO  customer-service [o.apache.kafka.clients.NetworkClient] - [Producer clientId=customer-service-producer-1] Node -1 disconnected.
2026-08-28 20:11:55.287 [kafka-producer-network-thread | customer-service-producer-1] WARN  customer-service [o.apache.kafka.clients.NetworkClient] - [Producer clientId=customer-service-producer-1] Connection to node -1 (localhost/127.0.0.1:9092) could not be established. Node may not be available.
2026-08-28 20:11:55.288 [kafka-producer-network-thread | customer-service-producer-1] WARN  customer-service [o.apache.kafka.clients.NetworkClient] - [Producer clientId=customer-service-producer-1] Bootstrap broker localhost:9092 (id: -1 rack: null) disconnected
2026-08-28 20:11:56.181 [kafka-producer-network-thread | customer-service-producer-1] INFO  customer-service [o.apache.kafka.clients.NetworkClient] - [Producer clientId=customer-service-producer-1] Node -1 disconnected.
2026-08-28 20:11:56.182 [kafka-producer-network-thread | customer-service-producer-1] WARN  customer-service [o.apache.kafka.clients.NetworkClient] - [Producer clientId=customer-service-producer-1] Connection to node -1 (localhost/127.0.0.1:9092) could not be established. Node may not be available.
2026-08-28 20:11:56.182 [kafka-producer-network-thread | customer-service-producer-1] WARN  customer-service [o.apache.kafka.clients.NetworkClient] - [Producer clientId=customer-service-producer-1] Bootstrap broker localhost:9092 (id: -1 rack: null) disconnected
2026-08-28 20:11:57.140 [kafka-producer-network-thread | customer-service-producer-1] INFO  customer-service [o.apache.kafka.clients.NetworkClient] - [Producer clientId=customer-service-producer-1] Node -1 disconnected.
2026-08-28 20:11:57.140 [kafka-producer-network-thread | customer-service-producer-1] WARN  customer-service [o.apache.kafka.clients.NetworkClient] - [Producer clientId=customer-service-producer-1] Connection to node -1 (localhost/127.0.0.1:9092) could not be established. Node may not be available.
2026-08-28 20:11:57.140 [kafka-producer-network-thread | customer-service-producer-1] WARN  customer-service [o.apache.kafka.clients.NetworkClient] - [Producer clientId=customer-service-producer-1] Bootstrap broker localhost:9092 (id: -1 rack: null) disconnected
2026-08-28 20:11:58.148 [kafka-producer-network-thread | customer-service-producer-1] INFO  customer-service [o.apache.kafka.clients.NetworkClient] - [Producer clientId=customer-service-producer-1] Node -1 disconnected.
2026-08-28 20:11:58.148 [kafka-producer-network-thread | customer-service-producer-1] WARN  customer-service [o.apache.kafka.clients.NetworkClient] - [Producer clientId=customer-service-producer-1] Connection to node -1 (localhost/127.0.0.1:9092) could not be established. Node may not be available.
2026-08-28 20:11:58.148 [kafka-producer-network-thread | customer-service-producer-1] WARN  customer-service [o.apache.kafka.clients.NetworkClient] - [Producer clientId=customer-service-producer-1] Bootstrap broker localhost:9092 (id: -1 rack: null) disconnected
2026-08-28 20:11:59.149 [kafka-producer-network-thread | customer-service-producer-1] INFO  customer-service [o.apache.kafka.clients.NetworkClient] - [Producer clientId=customer-service-producer-1] Node -1 disconnected.
2026-08-28 20:11:59.149 [kafka-producer-network-thread | customer-service-producer-1] WARN  customer-service [o.apache.kafka.clients.NetworkClient] - [Producer clientId=customer-service-producer-1] Connection to node -1 (localhost/127.0.0.1:9092) could not be established. Node may not be available.
2026-08-28 20:11:59.149 [kafka-producer-network-thread | customer-service-producer-1] WARN  customer-service [o.apache.kafka.clients.NetworkClient] - [Producer clientId=customer-service-producer-1] Bootstrap broker localhost:9092 (id: -1 rack: null) disconnected
2026-08-28 20:12:00.019 [kafka-producer-network-thread | customer-service-producer-1] INFO  customer-service [o.apache.kafka.clients.NetworkClient] - [Producer clientId=customer-service-producer-1] Node -1 disconnected.
2026-08-28 20:12:00.021 [kafka-producer-network-thread | customer-service-producer-1] WARN  customer-service [o.apache.kafka.clients.NetworkClient] - [Producer clientId=customer-service-producer-1] Connection to node -1 (localhost/127.0.0.1:9092) could not be established. Node may not be available.
2026-08-28 20:12:00.022 [kafka-producer-network-thread | customer-service-producer-1] WARN  customer-service [o.apache.kafka.clients.NetworkClient] - [Producer clientId=customer-service-producer-1] Bootstrap broker localhost:9092 (id: -1 rack: null) disconnected
2026-08-28 20:12:01.057 [kafka-producer-network-thread | customer-service-producer-1] INFO  customer-service [o.apache.kafka.clients.NetworkClient] - [Producer clientId=customer-service-producer-1] Node -1 disconnected.
2026-08-28 20:12:01.058 [kafka-producer-network-thread | customer-service-producer-1] WARN  customer-service [o.apache.kafka.clients.NetworkClient] - [Producer clientId=customer-service-producer-1] Connection to node -1 (localhost/127.0.0.1:9092) could not be established. Node may not be available.
2026-08-28 20:12:01.058 [kafka-producer-network-thread | customer-service-producer-1] WARN  customer-service [o.apache.kafka.clients.NetworkClient] - [Producer clientId=customer-service-producer-1] Bootstrap broker localhost:9092 (id: -1 rack: null) disconnected
2026-08-28 20:12:01.985 [kafka-producer-network-thread | customer-service-producer-1] INFO  customer-service [o.apache.kafka.clients.NetworkClient] - [Producer clientId=customer-service-producer-1] Node -1 disconnected.
2026-08-28 20:12:01.985 [kafka-producer-network-thread | customer-service-producer-1] WARN  customer-service [o.apache.kafka.clients.NetworkClient] - [Producer clientId=customer-service-producer-1] Connection to node -1 (localhost/127.0.0.1:9092) could not be established. Node may not be available.
2026-08-28 20:12:01.986 [kafka-producer-network-thread | customer-service-producer-1] WARN  customer-service [o.apache.kafka.clients.NetworkClient] - [Producer clientId=customer-service-producer-1] Bootstrap broker localhost:9092 (id: -1 rack: null) disconnected
2026-08-28 20:12:02.966 [kafka-producer-network-thread | customer-service-producer-1] INFO  customer-service [o.apache.kafka.clients.NetworkClient] - [Producer clientId=customer-service-producer-1] Node -1 disconnected.
2026-08-28 20:12:02.968 [kafka-producer-network-thread | customer-service-producer-1] WARN  customer-service [o.apache.kafka.clients.NetworkClient] - [Producer clientId=customer-service-producer-1] Connection to node -1 (localhost/127.0.0.1:9092) could not be established. Node may not be available.
2026-08-28 20:12:02.968 [kafka-producer-network-thread | customer-service-producer-1] WARN  customer-service [o.apache.kafka.clients.NetworkClient] - [Producer clientId=customer-service-producer-1] Bootstrap broker localhost:9092 (id: -1 rack: null) disconnected
2026-08-28 20:12:03.979 [kafka-producer-network-thread | customer-service-producer-1] INFO  customer-service [o.apache.kafka.clients.NetworkClient] - [Producer clientId=customer-service-producer-1] Node -1 disconnected.
2026-08-28 20:12:03.979 [kafka-producer-network-thread | customer-service-producer-1] WARN  customer-service [o.apache.kafka.clients.NetworkClient] - [Producer clientId=customer-service-producer-1] Connection to node -1 (localhost/127.0.0.1:9092) could not be established. Node may not be available.
2026-08-28 20:12:03.979 [kafka-producer-network-thread | customer-service-producer-1] WARN  customer-service [o.apache.kafka.clients.NetworkClient] - [Producer clientId=customer-service-producer-1] Bootstrap broker localhost:9092 (id: -1 rack: null) disconnected
2026-08-28 20:12:04.980 [kafka-producer-network-thread | customer-service-producer-1] INFO  customer-service [o.apache.kafka.clients.NetworkClient] - [Producer clientId=customer-service-producer-1] Node -1 disconnected.
2026-08-28 20:12:04.980 [kafka-producer-network-thread | customer-service-producer-1] WARN  customer-service [o.apache.kafka.clients.NetworkClient] - [Producer clientId=customer-service-producer-1] Connection to node -1 (localhost/127.0.0.1:9092) could not be established. Node may not be available.
2026-08-28 20:12:04.980 [kafka-producer-network-thread | customer-service-producer-1] WARN  customer-service [o.apache.kafka.clients.NetworkClient] - [Producer clientId=customer-service-producer-1] Bootstrap broker localhost:9092 (id: -1 rack: null) disconnected
2026-08-28 20:12:05.982 [kafka-producer-network-thread | customer-service-producer-1] INFO  customer-service [o.apache.kafka.clients.NetworkClient] - [Producer clientId=customer-service-producer-1] Node -1 disconnected.
2026-08-28 20:12:05.982 [kafka-producer-network-thread | customer-service-producer-1] WARN  customer-service [o.apache.kafka.clients.NetworkClient] - [Producer clientId=customer-service-producer-1] Connection to node -1 (localhost/127.0.0.1:9092) could not be established. Node may not be available.
2026-08-28 20:12:05.982 [kafka-producer-network-thread | customer-service-producer-1] WARN  customer-service [o.apache.kafka.clients.NetworkClient] - [Producer clientId=customer-service-producer-1] Bootstrap broker localhost:9092 (id: -1 rack: null) disconnected
2026-08-28 20:12:06.890 [kafka-producer-network-thread | customer-service-producer-1] INFO  customer-service [o.apache.kafka.clients.NetworkClient] - [Producer clientId=customer-service-producer-1] Node -1 disconnected.
2026-08-28 20:12:06.890 [kafka-producer-network-thread | customer-service-producer-1] WARN  customer-service [o.apache.kafka.clients.NetworkClient] - [Producer clientId=customer-service-producer-1] Connection to node -1 (localhost/127.0.0.1:9092) could not be established. Node may not be available.
2026-08-28 20:12:06.890 [kafka-producer-network-thread | customer-service-producer-1] WARN  customer-service [o.apache.kafka.clients.NetworkClient] - [Producer clientId=customer-service-producer-1] Bootstrap broker localhost:9092 (id: -1 rack: null) disconnected
2026-08-28 20:12:07.896 [kafka-producer-network-thread | customer-service-producer-1] INFO  customer-service [o.apache.kafka.clients.NetworkClient] - [Producer clientId=customer-service-producer-1] Node -1 disconnected.
2026-08-28 20:12:07.897 [kafka-producer-network-thread | customer-service-producer-1] WARN  customer-service [o.apache.kafka.clients.NetworkClient] - [Producer clientId=customer-service-producer-1] Connection to node -1 (localhost/127.0.0.1:9092) could not be established. Node may not be available.
2026-08-28 20:12:07.897 [kafka-producer-network-thread | customer-service-producer-1] WARN  customer-service [o.apache.kafka.clients.NetworkClient] - [Producer clientId=customer-service-producer-1] Bootstrap broker localhost:9092 (id: -1 rack: null) disconnected
2026-08-28 20:12:08.942 [kafka-producer-network-thread | customer-service-producer-1] INFO  customer-service [o.apache.kafka.clients.NetworkClient] - [Producer clientId=customer-service-producer-1] Node -1 disconnected.
2026-08-28 20:12:08.943 [kafka-producer-network-thread | customer-service-producer-1] WARN  customer-service [o.apache.kafka.clients.NetworkClient] - [Producer clientId=customer-service-producer-1] Connection to node -1 (localhost/127.0.0.1:9092) could not be established. Node may not be available.
2026-08-28 20:12:08.944 [kafka-producer-network-thread | customer-service-producer-1] WARN  customer-service [o.apache.kafka.clients.NetworkClient] - [Producer clientId=customer-service-producer-1] Bootstrap broker localhost:9092 (id: -1 rack: null) disconnected
2026-08-28 20:12:09.853 [kafka-producer-network-thread | customer-service-producer-1] INFO  customer-service [o.apache.kafka.clients.NetworkClient] - [Producer clientId=customer-service-producer-1] Node -1 disconnected.
2026-08-28 20:12:09.853 [kafka-producer-network-thread | customer-service-producer-1] WARN  customer-service [o.apache.kafka.clients.NetworkClient] - [Producer clientId=customer-service-producer-1] Connection to node -1 (localhost/127.0.0.1:9092) could not be established. Node may not be available.
2026-08-28 20:12:09.853 [kafka-producer-network-thread | customer-service-producer-1] WARN  customer-service [o.apache.kafka.clients.NetworkClient] - [Producer clientId=customer-service-producer-1] Bootstrap broker localhost:9092 (id: -1 rack: null) disconnected
2026-08-28 20:12:10.895 [kafka-producer-network-thread | customer-service-producer-1] INFO  customer-service [o.apache.kafka.clients.NetworkClient] - [Producer clientId=customer-service-producer-1] Node -1 disconnected.
2026-08-28 20:12:10.896 [kafka-producer-network-thread | customer-service-producer-1] WARN  customer-service [o.apache.kafka.clients.NetworkClient] - [Producer clientId=customer-service-producer-1] Connection to node -1 (localhost/127.0.0.1:9092) could not be established. Node may not be available.
2026-08-28 20:12:10.896 [kafka-producer-network-thread | customer-service-producer-1] WARN  customer-service [o.apache.kafka.clients.NetworkClient] - [Producer clientId=customer-service-producer-1] Bootstrap broker localhost:9092 (id: -1 rack: null) disconnected
2026-08-28 20:12:11.912 [kafka-producer-network-thread | customer-service-producer-1] INFO  customer-service [o.apache.kafka.clients.NetworkClient] - [Producer clientId=customer-service-producer-1] Node -1 disconnected.
2026-08-28 20:12:11.913 [kafka-producer-network-thread | customer-service-producer-1] WARN  customer-service [o.apache.kafka.clients.NetworkClient] - [Producer clientId=customer-service-producer-1] Connection to node -1 (localhost/127.0.0.1:9092) could not be established. Node may not be available.
2026-08-28 20:12:11.913 [kafka-producer-network-thread | customer-service-producer-1] WARN  customer-service [o.apache.kafka.clients.NetworkClient] - [Producer clientId=customer-service-producer-1] Bootstrap broker localhost:9092 (id: -1 rack: null) disconnected
2026-08-28 20:12:12.743 [kafka-producer-network-thread | customer-service-producer-1] INFO  customer-service [o.apache.kafka.clients.NetworkClient] - [Producer clientId=customer-service-producer-1] Node -1 disconnected.
2026-08-28 20:12:12.744 [kafka-producer-network-thread | customer-service-producer-1] WARN  customer-service [o.apache.kafka.clients.NetworkClient] - [Producer clientId=customer-service-producer-1] Connection to node -1 (localhost/127.0.0.1:9092) could not be established. Node may not be available.
2026-08-28 20:12:12.745 [kafka-producer-network-thread | customer-service-producer-1] WARN  customer-service [o.apache.kafka.clients.NetworkClient] - [Producer clientId=customer-service-producer-1] Bootstrap broker localhost:9092 (id: -1 rack: null) disconnected
2026-08-28 20:12:13.745 [kafka-producer-network-thread | customer-service-producer-1] INFO  customer-service [o.apache.kafka.clients.NetworkClient] - [Producer clientId=customer-service-producer-1] Node -1 disconnected.
2026-08-28 20:12:13.745 [kafka-producer-network-thread | customer-service-producer-1] WARN  customer-service [o.apache.kafka.clients.NetworkClient] - [Producer clientId=customer-service-producer-1] Connection to node -1 (localhost/127.0.0.1:9092) could not be established. Node may not be available.
2026-08-28 20:12:13.746 [kafka-producer-network-thread | customer-service-producer-1] WARN  customer-service [o.apache.kafka.clients.NetworkClient] - [Producer clientId=customer-service-producer-1] Bootstrap broker localhost:9092 (id: -1 rack: null) disconnected
2026-08-28 20:12:14.761 [kafka-producer-network-thread | customer-service-producer-1] INFO  customer-service [o.apache.kafka.clients.NetworkClient] - [Producer clientId=customer-service-producer-1] Node -1 disconnected.
2026-08-28 20:12:14.762 [kafka-producer-network-thread | customer-service-producer-1] WARN  customer-service [o.apache.kafka.clients.NetworkClient] - [Producer clientId=customer-service-producer-1] Connection to node -1 (localhost/127.0.0.1:9092) could not be established. Node may not be available.
2026-08-28 20:12:14.762 [kafka-producer-network-thread | customer-service-producer-1] WARN  customer-service [o.apache.kafka.clients.NetworkClient] - [Producer clientId=customer-service-producer-1] Bootstrap broker localhost:9092 (id: -1 rack: null) disconnected
2026-08-28 20:12:15.731 [kafka-producer-network-thread | customer-service-producer-1] INFO  customer-service [o.apache.kafka.clients.NetworkClient] - [Producer clientId=customer-service-producer-1] Node -1 disconnected.
2026-08-28 20:12:15.731 [kafka-producer-network-thread | customer-service-producer-1] WARN  customer-service [o.apache.kafka.clients.NetworkClient] - [Producer clientId=customer-service-producer-1] Connection to node -1 (localhost/127.0.0.1:9092) could not be established. Node may not be available.
2026-08-28 20:12:15.731 [kafka-producer-network-thread | customer-service-producer-1] WARN  customer-service [o.apache.kafka.clients.NetworkClient] - [Producer clientId=customer-service-producer-1] Bootstrap broker localhost:9092 (id: -1 rack: null) disconnected
2026-08-28 20:12:16.706 [kafka-producer-network-thread | customer-service-producer-1] INFO  customer-service [o.apache.kafka.clients.NetworkClient] - [Producer clientId=customer-service-producer-1] Node -1 disconnected.
2026-08-28 20:12:16.706 [kafka-producer-network-thread | customer-service-producer-1] WARN  customer-service [o.apache.kafka.clients.NetworkClient] - [Producer clientId=customer-service-producer-1] Connection to node -1 (localhost/127.0.0.1:9092) could not be established. Node may not be available.
2026-08-28 20:12:16.706 [kafka-producer-network-thread | customer-service-producer-1] WARN  customer-service [o.apache.kafka.clients.NetworkClient] - [Producer clientId=customer-service-producer-1] Bootstrap broker localhost:9092 (id: -1 rack: null) disconnected
2026-08-28 20:12:17.707 [kafka-producer-network-thread | customer-service-producer-1] INFO  customer-service [o.apache.kafka.clients.NetworkClient] - [Producer clientId=customer-service-producer-1] Node -1 disconnected.
2026-08-28 20:12:17.707 [kafka-producer-network-thread | customer-service-producer-1] WARN  customer-service [o.apache.kafka.clients.NetworkClient] - [Producer clientId=customer-service-producer-1] Connection to node -1 (localhost/127.0.0.1:9092) could not be established. Node may not be available.
2026-08-28 20:12:17.708 [kafka-producer-network-thread | customer-service-producer-1] WARN  customer-service [o.apache.kafka.clients.NetworkClient] - [Producer clientId=customer-service-producer-1] Bootstrap broker localhost:9092 (id: -1 rack: null) disconnected
2026-08-28 20:12:18.708 [kafka-producer-network-thread | customer-service-producer-1] INFO  customer-service [o.apache.kafka.clients.NetworkClient] - [Producer clientId=customer-service-producer-1] Node -1 disconnected.
2026-08-28 20:12:18.708 [kafka-producer-network-thread | customer-service-producer-1] WARN  customer-service [o.apache.kafka.clients.NetworkClient] - [Producer clientId=customer-service-producer-1] Connection to node -1 (localhost/127.0.0.1:9092) could not be established. Node may not be available.
2026-08-28 20:12:18.708 [kafka-producer-network-thread | customer-service-producer-1] WARN  customer-service [o.apache.kafka.clients.NetworkClient] - [Producer clientId=customer-service-producer-1] Bootstrap broker localhost:9092 (id: -1 rack: null) disconnected
2026-08-28 20:12:19.567 [kafka-producer-network-thread | customer-service-producer-1] INFO  customer-service [o.apache.kafka.clients.NetworkClient] - [Producer clientId=customer-service-producer-1] Node -1 disconnected.
2026-08-28 20:12:19.567 [kafka-producer-network-thread | customer-service-producer-1] WARN  customer-service [o.apache.kafka.clients.NetworkClient] - [Producer clientId=customer-service-producer-1] Connection to node -1 (localhost/127.0.0.1:9092) could not be established. Node may not be available.
2026-08-28 20:12:19.567 [kafka-producer-network-thread | customer-service-producer-1] WARN  customer-service [o.apache.kafka.clients.NetworkClient] - [Producer clientId=customer-service-producer-1] Bootstrap broker localhost:9092 (id: -1 rack: null) disconnected
2026-08-28 20:12:20.426 [kafka-producer-network-thread | customer-service-producer-1] INFO  customer-service [o.apache.kafka.clients.NetworkClient] - [Producer clientId=customer-service-producer-1] Node -1 disconnected.
2026-08-28 20:12:20.426 [kafka-producer-network-thread | customer-service-producer-1] WARN  customer-service [o.apache.kafka.clients.NetworkClient] - [Producer clientId=customer-service-producer-1] Connection to node -1 (localhost/127.0.0.1:9092) could not be established. Node may not be available.
2026-08-28 20:12:20.426 [kafka-producer-network-thread | customer-service-producer-1] WARN  customer-service [o.apache.kafka.clients.NetworkClient] - [Producer clientId=customer-service-producer-1] Bootstrap broker localhost:9092 (id: -1 rack: null) disconnected
2026-08-28 20:12:21.472 [kafka-producer-network-thread | customer-service-producer-1] INFO  customer-service [o.apache.kafka.clients.NetworkClient] - [Producer clientId=customer-service-producer-1] Node -1 disconnected.
2026-08-28 20:12:21.472 [kafka-producer-network-thread | customer-service-producer-1] WARN  customer-service [o.apache.kafka.clients.NetworkClient] - [Producer clientId=customer-service-producer-1] Connection to node -1 (localhost/127.0.0.1:9092) could not be established. Node may not be available.
2026-08-28 20:12:21.472 [kafka-producer-network-thread | customer-service-producer-1] WARN  customer-service [o.apache.kafka.clients.NetworkClient] - [Producer clientId=customer-service-producer-1] Bootstrap broker localhost:9092 (id: -1 rack: null) disconnected
2026-08-28 20:12:22.379 [kafka-producer-network-thread | customer-service-producer-1] INFO  customer-service [o.apache.kafka.clients.NetworkClient] - [Producer clientId=customer-service-producer-1] Node -1 disconnected.
2026-08-28 20:12:22.380 [kafka-producer-network-thread | customer-service-producer-1] WARN  customer-service [o.apache.kafka.clients.NetworkClient] - [Producer clientId=customer-service-producer-1] Connection to node -1 (localhost/127.0.0.1:9092) could not be established. Node may not be available.
2026-08-28 20:12:22.380 [kafka-producer-network-thread | customer-service-producer-1] WARN  customer-service [o.apache.kafka.clients.NetworkClient] - [Producer clientId=customer-service-producer-1] Bootstrap broker localhost:9092 (id: -1 rack: null) disconnected
2026-08-28 20:12:23.517 [kafka-producer-network-thread | customer-service-producer-1] INFO  customer-service [o.apache.kafka.clients.NetworkClient] - [Producer clientId=customer-service-producer-1] Node -1 disconnected.
2026-08-28 20:12:23.517 [kafka-producer-network-thread | customer-service-producer-1] WARN  customer-service [o.apache.kafka.clients.NetworkClient] - [Producer clientId=customer-service-producer-1] Connection to node -1 (localhost/127.0.0.1:9092) could not be established. Node may not be available.
2026-08-28 20:12:23.517 [kafka-producer-network-thread | customer-service-producer-1] WARN  customer-service [o.apache.kafka.clients.NetworkClient] - [Producer clientId=customer-service-producer-1] Bootstrap broker localhost:9092 (id: -1 rack: null) disconnected
2026-08-28 20:12:24.375 [kafka-producer-network-thread | customer-service-producer-1] INFO  customer-service [o.apache.kafka.clients.NetworkClient] - [Producer clientId=customer-service-producer-1] Node -1 disconnected.
2026-08-28 20:12:24.375 [kafka-producer-network-thread | customer-service-producer-1] WARN  customer-service [o.apache.kafka.clients.NetworkClient] - [Producer clientId=customer-service-producer-1] Connection to node -1 (localhost/127.0.0.1:9092) could not be established. Node may not be available.
2026-08-28 20:12:24.375 [kafka-producer-network-thread | customer-service-producer-1] WARN  customer-service [o.apache.kafka.clients.NetworkClient] - [Producer clientId=customer-service-producer-1] Bootstrap broker localhost:9092 (id: -1 rack: null) disconnected
2026-08-28 20:12:25.396 [kafka-producer-network-thread | customer-service-producer-1] INFO  customer-service [o.apache.kafka.clients.NetworkClient] - [Producer clientId=customer-service-producer-1] Node -1 disconnected.
2026-08-28 20:12:25.396 [kafka-producer-network-thread | customer-service-producer-1] WARN  customer-service [o.apache.kafka.clients.NetworkClient] - [Producer clientId=customer-service-producer-1] Connection to node -1 (localhost/127.0.0.1:9092) could not be established. Node may not be available.
2026-08-28 20:12:25.396 [kafka-producer-network-thread | customer-service-producer-1] WARN  customer-service [o.apache.kafka.clients.NetworkClient] - [Producer clientId=customer-service-producer-1] Bootstrap broker localhost:9092 (id: -1 rack: null) disconnected
2026-08-28 20:12:26.252 [kafka-producer-network-thread | customer-service-producer-1] INFO  customer-service [o.apache.kafka.clients.NetworkClient] - [Producer clientId=customer-service-producer-1] Node -1 disconnected.
2026-08-28 20:12:26.253 [kafka-producer-network-thread | customer-service-producer-1] WARN  customer-service [o.apache.kafka.clients.NetworkClient] - [Producer clientId=customer-service-producer-1] Connection to node -1 (localhost/127.0.0.1:9092) could not be established. Node may not be available.
2026-08-28 20:12:26.253 [kafka-producer-network-thread | customer-service-producer-1] WARN  customer-service [o.apache.kafka.clients.NetworkClient] - [Producer clientId=customer-service-producer-1] Bootstrap broker localhost:9092 (id: -1 rack: null) disconnected
2026-08-28 20:12:27.253 [kafka-producer-network-thread | customer-service-producer-1] INFO  customer-service [o.apache.kafka.clients.NetworkClient] - [Producer clientId=customer-service-producer-1] Node -1 disconnected.
2026-08-28 20:12:27.254 [kafka-producer-network-thread | customer-service-producer-1] WARN  customer-service [o.apache.kafka.clients.NetworkClient] - [Producer clientId=customer-service-producer-1] Connection to node -1 (localhost/127.0.0.1:9092) could not be established. Node may not be available.
2026-08-28 20:12:27.254 [kafka-producer-network-thread | customer-service-producer-1] WARN  customer-service [o.apache.kafka.clients.NetworkClient] - [Producer clientId=customer-service-producer-1] Bootstrap broker localhost:9092 (id: -1 rack: null) disconnected
2026-08-28 20:12:28.239 [kafka-producer-network-thread | customer-service-producer-1] INFO  customer-service [o.apache.kafka.clients.NetworkClient] - [Producer clientId=customer-service-producer-1] Node -1 disconnected.
2026-08-28 20:12:28.239 [kafka-producer-network-thread | customer-service-producer-1] WARN  customer-service [o.apache.kafka.clients.NetworkClient] - [Producer clientId=customer-service-producer-1] Connection to node -1 (localhost/127.0.0.1:9092) could not be established. Node may not be available.
2026-08-28 20:12:28.239 [kafka-producer-network-thread | customer-service-producer-1] WARN  customer-service [o.apache.kafka.clients.NetworkClient] - [Producer clientId=customer-service-producer-1] Bootstrap broker localhost:9092 (id: -1 rack: null) disconnected
2026-08-28 20:12:29.158 [kafka-producer-network-thread | customer-service-producer-1] INFO  customer-service [o.apache.kafka.clients.NetworkClient] - [Producer clientId=customer-service-producer-1] Node -1 disconnected.
2026-08-28 20:12:29.159 [kafka-producer-network-thread | customer-service-producer-1] WARN  customer-service [o.apache.kafka.clients.NetworkClient] - [Producer clientId=customer-service-producer-1] Connection to node -1 (localhost/127.0.0.1:9092) could not be established. Node may not be available.
2026-08-28 20:12:29.159 [kafka-producer-network-thread | customer-service-producer-1] WARN  customer-service [o.apache.kafka.clients.NetworkClient] - [Producer clientId=customer-service-producer-1] Bootstrap broker localhost:9092 (id: -1 rack: null) disconnected
2026-08-28 20:12:30.163 [kafka-producer-network-thread | customer-service-producer-1] INFO  customer-service [o.apache.kafka.clients.NetworkClient] - [Producer clientId=customer-service-producer-1] Node -1 disconnected.
2026-08-28 20:12:30.168 [kafka-producer-network-thread | customer-service-producer-1] WARN  customer-service [o.apache.kafka.clients.NetworkClient] - [Producer clientId=customer-service-producer-1] Connection to node -1 (localhost/127.0.0.1:9092) could not be established. Node may not be available.
2026-08-28 20:12:30.168 [kafka-producer-network-thread | customer-service-producer-1] WARN  customer-service [o.apache.kafka.clients.NetworkClient] - [Producer clientId=customer-service-producer-1] Bootstrap broker localhost:9092 (id: -1 rack: null) disconnected
2026-08-28 20:12:31.176 [kafka-producer-network-thread | customer-service-producer-1] INFO  customer-service [o.apache.kafka.clients.NetworkClient] - [Producer clientId=customer-service-producer-1] Node -1 disconnected.
2026-08-28 20:12:31.176 [kafka-producer-network-thread | customer-service-producer-1] WARN  customer-service [o.apache.kafka.clients.NetworkClient] - [Producer clientId=customer-service-producer-1] Connection to node -1 (localhost/127.0.0.1:9092) could not be established. Node may not be available.
2026-08-28 20:12:31.177 [kafka-producer-network-thread | customer-service-producer-1] WARN  customer-service [o.apache.kafka.clients.NetworkClient] - [Producer clientId=customer-service-producer-1] Bootstrap broker localhost:9092 (id: -1 rack: null) disconnected
2026-08-28 20:12:32.118 [kafka-producer-network-thread | customer-service-producer-1] INFO  customer-service [o.apache.kafka.clients.NetworkClient] - [Producer clientId=customer-service-producer-1] Node -1 disconnected.
2026-08-28 20:12:32.118 [kafka-producer-network-thread | customer-service-producer-1] WARN  customer-service [o.apache.kafka.clients.NetworkClient] - [Producer clientId=customer-service-producer-1] Connection to node -1 (localhost/127.0.0.1:9092) could not be established. Node may not be available.
2026-08-28 20:12:32.118 [kafka-producer-network-thread | customer-service-producer-1] WARN  customer-service [o.apache.kafka.clients.NetworkClient] - [Producer clientId=customer-service-producer-1] Bootstrap broker localhost:9092 (id: -1 rack: null) disconnected
2026-08-28 20:12:33.119 [kafka-producer-network-thread | customer-service-producer-1] INFO  customer-service [o.apache.kafka.clients.NetworkClient] - [Producer clientId=customer-service-producer-1] Node -1 disconnected.
2026-08-28 20:12:33.119 [kafka-producer-network-thread | customer-service-producer-1] WARN  customer-service [o.apache.kafka.clients.NetworkClient] - [Producer clientId=customer-service-producer-1] Connection to node -1 (localhost/127.0.0.1:9092) could not be established. Node may not be available.
2026-08-28 20:12:33.120 [kafka-producer-network-thread | customer-service-producer-1] WARN  customer-service [o.apache.kafka.clients.NetworkClient] - [Producer clientId=customer-service-producer-1] Bootstrap broker localhost:9092 (id: -1 rack: null) disconnected
2026-08-28 20:12:34.120 [kafka-producer-network-thread | customer-service-producer-1] INFO  customer-service [o.apache.kafka.clients.NetworkClient] - [Producer clientId=customer-service-producer-1] Node -1 disconnected.
2026-08-28 20:12:34.120 [kafka-producer-network-thread | customer-service-producer-1] WARN  customer-service [o.apache.kafka.clients.NetworkClient] - [Producer clientId=customer-service-producer-1] Connection to node -1 (localhost/127.0.0.1:9092) could not be established. Node may not be available.
2026-08-28 20:12:34.120 [kafka-producer-network-thread | customer-service-producer-1] WARN  customer-service [o.apache.kafka.clients.NetworkClient] - [Producer clientId=customer-service-producer-1] Bootstrap broker localhost:9092 (id: -1 rack: null) disconnected
2026-08-28 20:12:35.121 [kafka-producer-network-thread | customer-service-producer-1] INFO  customer-service [o.apache.kafka.clients.NetworkClient] - [Producer clientId=customer-service-producer-1] Node -1 disconnected.
2026-08-28 20:12:35.121 [kafka-producer-network-thread | customer-service-producer-1] WARN  customer-service [o.apache.kafka.clients.NetworkClient] - [Producer clientId=customer-service-producer-1] Connection to node -1 (localhost/127.0.0.1:9092) could not be established. Node may not be available.
2026-08-28 20:12:35.122 [kafka-producer-network-thread | customer-service-producer-1] WARN  customer-service [o.apache.kafka.clients.NetworkClient] - [Producer clientId=customer-service-producer-1] Bootstrap broker localhost:9092 (id: -1 rack: null) disconnected
2026-08-28 20:12:36.042 [kafka-producer-network-thread | customer-service-producer-1] INFO  customer-service [o.apache.kafka.clients.NetworkClient] - [Producer clientId=customer-service-producer-1] Node -1 disconnected.
2026-08-28 20:12:36.042 [kafka-producer-network-thread | customer-service-producer-1] WARN  customer-service [o.apache.kafka.clients.NetworkClient] - [Producer clientId=customer-service-producer-1] Connection to node -1 (localhost/127.0.0.1:9092) could not be established. Node may not be available.
2026-08-28 20:12:36.042 [kafka-producer-network-thread | customer-service-producer-1] WARN  customer-service [o.apache.kafka.clients.NetworkClient] - [Producer clientId=customer-service-producer-1] Bootstrap broker localhost:9092 (id: -1 rack: null) disconnected
2026-08-28 20:12:37.067 [kafka-producer-network-thread | customer-service-producer-1] INFO  customer-service [o.apache.kafka.clients.NetworkClient] - [Producer clientId=customer-service-producer-1] Node -1 disconnected.
2026-08-28 20:12:37.067 [kafka-producer-network-thread | customer-service-producer-1] WARN  customer-service [o.apache.kafka.clients.NetworkClient] - [Producer clientId=customer-service-producer-1] Connection to node -1 (localhost/127.0.0.1:9092) could not be established. Node may not be available.
2026-08-28 20:12:37.068 [kafka-producer-network-thread | customer-service-producer-1] WARN  customer-service [o.apache.kafka.clients.NetworkClient] - [Producer clientId=customer-service-producer-1] Bootstrap broker localhost:9092 (id: -1 rack: null) disconnected
2026-08-28 20:12:37.998 [kafka-producer-network-thread | customer-service-producer-1] INFO  customer-service [o.apache.kafka.clients.NetworkClient] - [Producer clientId=customer-service-producer-1] Node -1 disconnected.
2026-08-28 20:12:37.998 [kafka-producer-network-thread | customer-service-producer-1] WARN  customer-service [o.apache.kafka.clients.NetworkClient] - [Producer clientId=customer-service-producer-1] Connection to node -1 (localhost/127.0.0.1:9092) could not be established. Node may not be available.
2026-08-28 20:12:37.998 [kafka-producer-network-thread | customer-service-producer-1] WARN  customer-service [o.apache.kafka.clients.NetworkClient] - [Producer clientId=customer-service-producer-1] Bootstrap broker localhost:9092 (id: -1 rack: null) disconnected
2026-08-28 20:12:39.029 [kafka-producer-network-thread | customer-service-producer-1] INFO  customer-service [o.apache.kafka.clients.NetworkClient] - [Producer clientId=customer-service-producer-1] Node -1 disconnected.
2026-08-28 20:12:39.029 [kafka-producer-network-thread | customer-service-producer-1] WARN  customer-service [o.apache.kafka.clients.NetworkClient] - [Producer clientId=customer-service-producer-1] Connection to node -1 (localhost/127.0.0.1:9092) could not be established. Node may not be available.
2026-08-28 20:12:39.029 [kafka-producer-network-thread | customer-service-producer-1] WARN  customer-service [o.apache.kafka.clients.NetworkClient] - [Producer clientId=customer-service-producer-1] Bootstrap broker localhost:9092 (id: -1 rack: null) disconnected
2026-08-28 20:12:39.997 [kafka-producer-network-thread | customer-service-producer-1] INFO  customer-service [o.apache.kafka.clients.NetworkClient] - [Producer clientId=customer-service-producer-1] Node -1 disconnected.
2026-08-28 20:12:39.998 [kafka-producer-network-thread | customer-service-producer-1] WARN  customer-service [o.apache.kafka.clients.NetworkClient] - [Producer clientId=customer-service-producer-1] Connection to node -1 (localhost/127.0.0.1:9092) could not be established. Node may not be available.
2026-08-28 20:12:39.998 [kafka-producer-network-thread | customer-service-producer-1] WARN  customer-service [o.apache.kafka.clients.NetworkClient] - [Producer clientId=customer-service-producer-1] Bootstrap broker localhost:9092 (id: -1 rack: null) disconnected
2026-08-28 20:12:40.998 [kafka-producer-network-thread | customer-service-producer-1] INFO  customer-service [o.apache.kafka.clients.NetworkClient] - [Producer clientId=customer-service-producer-1] Node -1 disconnected.
2026-08-28 20:12:40.998 [kafka-producer-network-thread | customer-service-producer-1] WARN  customer-service [o.apache.kafka.clients.NetworkClient] - [Producer clientId=customer-service-producer-1] Connection to node -1 (localhost/127.0.0.1:9092) could not be established. Node may not be available.
2026-08-28 20:12:40.998 [kafka-producer-network-thread | customer-service-producer-1] WARN  customer-service [o.apache.kafka.clients.NetworkClient] - [Producer clientId=customer-service-producer-1] Bootstrap broker localhost:9092 (id: -1 rack: null) disconnected
2026-08-28 20:12:41.853 [kafka-producer-network-thread | customer-service-producer-1] INFO  customer-service [o.apache.kafka.clients.NetworkClient] - [Producer clientId=customer-service-producer-1] Node -1 disconnected.
2026-08-28 20:12:41.853 [kafka-producer-network-thread | customer-service-producer-1] WARN  customer-service [o.apache.kafka.clients.NetworkClient] - [Producer clientId=customer-service-producer-1] Connection to node -1 (localhost/127.0.0.1:9092) could not be established. Node may not be available.
2026-08-28 20:12:41.853 [kafka-producer-network-thread | customer-service-producer-1] WARN  customer-service [o.apache.kafka.clients.NetworkClient] - [Producer clientId=customer-service-producer-1] Bootstrap broker localhost:9092 (id: -1 rack: null) disconnected
2026-08-28 20:12:42.759 [kafka-producer-network-thread | customer-service-producer-1] INFO  customer-service [o.apache.kafka.clients.NetworkClient] - [Producer clientId=customer-service-producer-1] Node -1 disconnected.
2026-08-28 20:12:42.759 [kafka-producer-network-thread | customer-service-producer-1] WARN  customer-service [o.apache.kafka.clients.NetworkClient] - [Producer clientId=customer-service-producer-1] Connection to node -1 (localhost/127.0.0.1:9092) could not be established. Node may not be available.
2026-08-28 20:12:42.759 [kafka-producer-network-thread | customer-service-producer-1] WARN  customer-service [o.apache.kafka.clients.NetworkClient] - [Producer clientId=customer-service-producer-1] Bootstrap broker localhost:9092 (id: -1 rack: null) disconnected
2026-08-28 20:12:43.616 [kafka-producer-network-thread | customer-service-producer-1] INFO  customer-service [o.apache.kafka.clients.NetworkClient] - [Producer clientId=customer-service-producer-1] Node -1 disconnected.
2026-08-28 20:12:43.616 [kafka-producer-network-thread | customer-service-producer-1] WARN  customer-service [o.apache.kafka.clients.NetworkClient] - [Producer clientId=customer-service-producer-1] Connection to node -1 (localhost/127.0.0.1:9092) could not be established. Node may not be available.
2026-08-28 20:12:43.616 [kafka-producer-network-thread | customer-service-producer-1] WARN  customer-service [o.apache.kafka.clients.NetworkClient] - [Producer clientId=customer-service-producer-1] Bootstrap broker localhost:9092 (id: -1 rack: null) disconnected
2026-08-28 20:12:44.600 [kafka-producer-network-thread | customer-service-producer-1] INFO  customer-service [o.apache.kafka.clients.NetworkClient] - [Producer clientId=customer-service-producer-1] Node -1 disconnected.
2026-08-28 20:12:44.600 [kafka-producer-network-thread | customer-service-producer-1] WARN  customer-service [o.apache.kafka.clients.NetworkClient] - [Producer clientId=customer-service-producer-1] Connection to node -1 (localhost/127.0.0.1:9092) could not be established. Node may not be available.
2026-08-28 20:12:44.600 [kafka-producer-network-thread | customer-service-producer-1] WARN  customer-service [o.apache.kafka.clients.NetworkClient] - [Producer clientId=customer-service-producer-1] Bootstrap broker localhost:9092 (id: -1 rack: null) disconnected
2026-08-28 20:12:45.609 [kafka-producer-network-thread | customer-service-producer-1] INFO  customer-service [o.apache.kafka.clients.NetworkClient] - [Producer clientId=customer-service-producer-1] Node -1 disconnected.
2026-08-28 20:12:45.610 [kafka-producer-network-thread | customer-service-producer-1] WARN  customer-service [o.apache.kafka.clients.NetworkClient] - [Producer clientId=customer-service-producer-1] Connection to node -1 (localhost/127.0.0.1:9092) could not be established. Node may not be available.
2026-08-28 20:12:45.610 [kafka-producer-network-thread | customer-service-producer-1] WARN  customer-service [o.apache.kafka.clients.NetworkClient] - [Producer clientId=customer-service-producer-1] Bootstrap broker localhost:9092 (id: -1 rack: null) disconnected
2026-08-28 20:12:46.469 [kafka-producer-network-thread | customer-service-producer-1] INFO  customer-service [o.apache.kafka.clients.NetworkClient] - [Producer clientId=customer-service-producer-1] Node -1 disconnected.
2026-08-28 20:12:46.470 [kafka-producer-network-thread | customer-service-producer-1] WARN  customer-service [o.apache.kafka.clients.NetworkClient] - [Producer clientId=customer-service-producer-1] Connection to node -1 (localhost/127.0.0.1:9092) could not be established. Node may not be available.
2026-08-28 20:12:46.470 [kafka-producer-network-thread | customer-service-producer-1] WARN  customer-service [o.apache.kafka.clients.NetworkClient] - [Producer clientId=customer-service-producer-1] Bootstrap broker localhost:9092 (id: -1 rack: null) disconnected
2026-08-28 20:12:47.477 [kafka-producer-network-thread | customer-service-producer-1] INFO  customer-service [o.apache.kafka.clients.NetworkClient] - [Producer clientId=customer-service-producer-1] Node -1 disconnected.
2026-08-28 20:12:47.478 [kafka-producer-network-thread | customer-service-producer-1] WARN  customer-service [o.apache.kafka.clients.NetworkClient] - [Producer clientId=customer-service-producer-1] Connection to node -1 (localhost/127.0.0.1:9092) could not be established. Node may not be available.
2026-08-28 20:12:47.478 [kafka-producer-network-thread | customer-service-producer-1] WARN  customer-service [o.apache.kafka.clients.NetworkClient] - [Producer clientId=customer-service-producer-1] Bootstrap broker localhost:9092 (id: -1 rack: null) disconnected
2026-08-28 20:12:48.385 [kafka-producer-network-thread | customer-service-producer-1] INFO  customer-service [o.apache.kafka.clients.NetworkClient] - [Producer clientId=customer-service-producer-1] Node -1 disconnected.
2026-08-28 20:12:48.385 [kafka-producer-network-thread | customer-service-producer-1] WARN  customer-service [o.apache.kafka.clients.NetworkClient] - [Producer clientId=customer-service-producer-1] Connection to node -1 (localhost/127.0.0.1:9092) could not be established. Node may not be available.
2026-08-28 20:12:48.386 [kafka-producer-network-thread | customer-service-producer-1] WARN  customer-service [o.apache.kafka.clients.NetworkClient] - [Producer clientId=customer-service-producer-1] Bootstrap broker localhost:9092 (id: -1 rack: null) disconnected
2026-08-28 20:12:49.341 [kafka-producer-network-thread | customer-service-producer-1] INFO  customer-service [o.apache.kafka.clients.NetworkClient] - [Producer clientId=customer-service-producer-1] Node -1 disconnected.
2026-08-28 20:12:49.341 [kafka-producer-network-thread | customer-service-producer-1] WARN  customer-service [o.apache.kafka.clients.NetworkClient] - [Producer clientId=customer-service-producer-1] Connection to node -1 (localhost/127.0.0.1:9092) could not be established. Node may not be available.
2026-08-28 20:12:49.341 [kafka-producer-network-thread | customer-service-producer-1] WARN  customer-service [o.apache.kafka.clients.NetworkClient] - [Producer clientId=customer-service-producer-1] Bootstrap broker localhost:9092 (id: -1 rack: null) disconnected
2026-08-28 20:12:50.247 [kafka-producer-network-thread | customer-service-producer-1] INFO  customer-service [o.apache.kafka.clients.NetworkClient] - [Producer clientId=customer-service-producer-1] Node -1 disconnected.
2026-08-28 20:12:50.247 [kafka-producer-network-thread | customer-service-producer-1] WARN  customer-service [o.apache.kafka.clients.NetworkClient] - [Producer clientId=customer-service-producer-1] Connection to node -1 (localhost/127.0.0.1:9092) could not be established. Node may not be available.
2026-08-28 20:12:50.248 [kafka-producer-network-thread | customer-service-producer-1] WARN  customer-service [o.apache.kafka.clients.NetworkClient] - [Producer clientId=customer-service-producer-1] Bootstrap broker localhost:9092 (id: -1 rack: null) disconnected
2026-08-28 20:12:51.204 [kafka-producer-network-thread | customer-service-producer-1] INFO  customer-service [o.apache.kafka.clients.NetworkClient] - [Producer clientId=customer-service-producer-1] Node -1 disconnected.
2026-08-28 20:12:51.204 [kafka-producer-network-thread | customer-service-producer-1] WARN  customer-service [o.apache.kafka.clients.NetworkClient] - [Producer clientId=customer-service-producer-1] Connection to node -1 (localhost/127.0.0.1:9092) could not be established. Node may not be available.
2026-08-28 20:12:51.205 [kafka-producer-network-thread | customer-service-producer-1] WARN  customer-service [o.apache.kafka.clients.NetworkClient] - [Producer clientId=customer-service-producer-1] Bootstrap broker localhost:9092 (id: -1 rack: null) disconnected
2026-08-28 20:12:52.016 [kafka-producer-network-thread | customer-service-producer-1] INFO  customer-service [o.apache.kafka.clients.NetworkClient] - [Producer clientId=customer-service-producer-1] Node -1 disconnected.
2026-08-28 20:12:52.017 [kafka-producer-network-thread | customer-service-producer-1] WARN  customer-service [o.apache.kafka.clients.NetworkClient] - [Producer clientId=customer-service-producer-1] Connection to node -1 (localhost/127.0.0.1:9092) could not be established. Node may not be available.
2026-08-28 20:12:52.017 [kafka-producer-network-thread | customer-service-producer-1] WARN  customer-service [o.apache.kafka.clients.NetworkClient] - [Producer clientId=customer-service-producer-1] Bootstrap broker localhost:9092 (id: -1 rack: null) disconnected
2026-08-28 20:12:53.062 [kafka-producer-network-thread | customer-service-producer-1] INFO  customer-service [o.apache.kafka.clients.NetworkClient] - [Producer clientId=customer-service-producer-1] Node -1 disconnected.
2026-08-28 20:12:53.062 [kafka-producer-network-thread | customer-service-producer-1] WARN  customer-service [o.apache.kafka.clients.NetworkClient] - [Producer clientId=customer-service-producer-1] Connection to node -1 (localhost/127.0.0.1:9092) could not be established. Node may not be available.
2026-08-28 20:12:53.063 [kafka-producer-network-thread | customer-service-producer-1] WARN  customer-service [o.apache.kafka.clients.NetworkClient] - [Producer clientId=customer-service-producer-1] Bootstrap broker localhost:9092 (id: -1 rack: null) disconnected
2026-08-28 20:12:54.080 [kafka-producer-network-thread | customer-service-producer-1] INFO  customer-service [o.apache.kafka.clients.NetworkClient] - [Producer clientId=customer-service-producer-1] Node -1 disconnected.
2026-08-28 20:12:54.080 [kafka-producer-network-thread | customer-service-producer-1] WARN  customer-service [o.apache.kafka.clients.NetworkClient] - [Producer clientId=customer-service-producer-1] Connection to node -1 (localhost/127.0.0.1:9092) could not be established. Node may not be available.
2026-08-28 20:12:54.080 [kafka-producer-network-thread | customer-service-producer-1] WARN  customer-service [o.apache.kafka.clients.NetworkClient] - [Producer clientId=customer-service-producer-1] Bootstrap broker localhost:9092 (id: -1 rack: null) disconnected
2026-08-28 20:12:55.115 [kafka-producer-network-thread | customer-service-producer-1] INFO  customer-service [o.apache.kafka.clients.NetworkClient] - [Producer clientId=customer-service-producer-1] Node -1 disconnected.
2026-08-28 20:12:55.116 [kafka-producer-network-thread | customer-service-producer-1] WARN  customer-service [o.apache.kafka.clients.NetworkClient] - [Producer clientId=customer-service-producer-1] Connection to node -1 (localhost/127.0.0.1:9092) could not be established. Node may not be available.
2026-08-28 20:12:55.116 [kafka-producer-network-thread | customer-service-producer-1] WARN  customer-service [o.apache.kafka.clients.NetworkClient] - [Producer clientId=customer-service-producer-1] Bootstrap broker localhost:9092 (id: -1 rack: null) disconnected
2026-08-28 20:12:56.041 [kafka-producer-network-thread | customer-service-producer-1] INFO  customer-service [o.apache.kafka.clients.NetworkClient] - [Producer clientId=customer-service-producer-1] Node -1 disconnected.
2026-08-28 20:12:56.041 [kafka-producer-network-thread | customer-service-producer-1] WARN  customer-service [o.apache.kafka.clients.NetworkClient] - [Producer clientId=customer-service-producer-1] Connection to node -1 (localhost/127.0.0.1:9092) could not be established. Node may not be available.
2026-08-28 20:12:56.041 [kafka-producer-network-thread | customer-service-producer-1] WARN  customer-service [o.apache.kafka.clients.NetworkClient] - [Producer clientId=customer-service-producer-1] Bootstrap broker localhost:9092 (id: -1 rack: null) disconnected
2026-08-28 20:12:57.048 [kafka-producer-network-thread | customer-service-producer-1] INFO  customer-service [o.apache.kafka.clients.NetworkClient] - [Producer clientId=customer-service-producer-1] Node -1 disconnected.
2026-08-28 20:12:57.048 [kafka-producer-network-thread | customer-service-producer-1] WARN  customer-service [o.apache.kafka.clients.NetworkClient] - [Producer clientId=customer-service-producer-1] Connection to node -1 (localhost/127.0.0.1:9092) could not be established. Node may not be available.
2026-08-28 20:12:57.048 [kafka-producer-network-thread | customer-service-producer-1] WARN  customer-service [o.apache.kafka.clients.NetworkClient] - [Producer clientId=customer-service-producer-1] Bootstrap broker localhost:9092 (id: -1 rack: null) disconnected
2026-08-28 20:12:57.885 [kafka-producer-network-thread | customer-service-producer-1] INFO  customer-service [o.apache.kafka.clients.NetworkClient] - [Producer clientId=customer-service-producer-1] Node -1 disconnected.
2026-08-28 20:12:57.885 [kafka-producer-network-thread | customer-service-producer-1] WARN  customer-service [o.apache.kafka.clients.NetworkClient] - [Producer clientId=customer-service-producer-1] Connection to node -1 (localhost/127.0.0.1:9092) could not be established. Node may not be available.
2026-08-28 20:12:57.885 [kafka-producer-network-thread | customer-service-producer-1] WARN  customer-service [o.apache.kafka.clients.NetworkClient] - [Producer clientId=customer-service-producer-1] Bootstrap broker localhost:9092 (id: -1 rack: null) disconnected
2026-08-28 20:12:58.827 [kafka-producer-network-thread | customer-service-producer-1] INFO  customer-service [o.apache.kafka.clients.NetworkClient] - [Producer clientId=customer-service-producer-1] Node -1 disconnected.
2026-08-28 20:12:58.827 [kafka-producer-network-thread | customer-service-producer-1] WARN  customer-service [o.apache.kafka.clients.NetworkClient] - [Producer clientId=customer-service-producer-1] Connection to node -1 (localhost/127.0.0.1:9092) could not be established. Node may not be available.
2026-08-28 20:12:58.827 [kafka-producer-network-thread | customer-service-producer-1] WARN  customer-service [o.apache.kafka.clients.NetworkClient] - [Producer clientId=customer-service-producer-1] Bootstrap broker localhost:9092 (id: -1 rack: null) disconnected
2026-08-28 20:12:59.841 [kafka-producer-network-thread | customer-service-producer-1] INFO  customer-service [o.apache.kafka.clients.NetworkClient] - [Producer clientId=customer-service-producer-1] Node -1 disconnected.
2026-08-28 20:12:59.841 [kafka-producer-network-thread | customer-service-producer-1] WARN  customer-service [o.apache.kafka.clients.NetworkClient] - [Producer clientId=customer-service-producer-1] Connection to node -1 (localhost/127.0.0.1:9092) could not be established. Node may not be available.
2026-08-28 20:12:59.842 [kafka-producer-network-thread | customer-service-producer-1] WARN  customer-service [o.apache.kafka.clients.NetworkClient] - [Producer clientId=customer-service-producer-1] Bootstrap broker localhost:9092 (id: -1 rack: null) disconnected
2026-08-28 20:13:00.884 [kafka-producer-network-thread | customer-service-producer-1] INFO  customer-service [o.apache.kafka.clients.NetworkClient] - [Producer clientId=customer-service-producer-1] Node -1 disconnected.
2026-08-28 20:13:00.884 [kafka-producer-network-thread | customer-service-producer-1] WARN  customer-service [o.apache.kafka.clients.NetworkClient] - [Producer clientId=customer-service-producer-1] Connection to node -1 (localhost/127.0.0.1:9092) could not be established. Node may not be available.
2026-08-28 20:13:00.884 [kafka-producer-network-thread | customer-service-producer-1] WARN  customer-service [o.apache.kafka.clients.NetworkClient] - [Producer clientId=customer-service-producer-1] Bootstrap broker localhost:9092 (id: -1 rack: null) disconnected
2026-08-28 20:13:01.843 [kafka-producer-network-thread | customer-service-producer-1] INFO  customer-service [o.apache.kafka.clients.NetworkClient] - [Producer clientId=customer-service-producer-1] Node -1 disconnected.
2026-08-28 20:13:01.843 [kafka-producer-network-thread | customer-service-producer-1] WARN  customer-service [o.apache.kafka.clients.NetworkClient] - [Producer clientId=customer-service-producer-1] Connection to node -1 (localhost/127.0.0.1:9092) could not be established. Node may not be available.
2026-08-28 20:13:01.843 [kafka-producer-network-thread | customer-service-producer-1] WARN  customer-service [o.apache.kafka.clients.NetworkClient] - [Producer clientId=customer-service-producer-1] Bootstrap broker localhost:9092 (id: -1 rack: null) disconnected
2026-08-28 20:13:02.851 [kafka-producer-network-thread | customer-service-producer-1] INFO  customer-service [o.apache.kafka.clients.NetworkClient] - [Producer clientId=customer-service-producer-1] Node -1 disconnected.
2026-08-28 20:13:02.851 [kafka-producer-network-thread | customer-service-producer-1] WARN  customer-service [o.apache.kafka.clients.NetworkClient] - [Producer clientId=customer-service-producer-1] Connection to node -1 (localhost/127.0.0.1:9092) could not be established. Node may not be available.
2026-08-28 20:13:02.851 [kafka-producer-network-thread | customer-service-producer-1] WARN  customer-service [o.apache.kafka.clients.NetworkClient] - [Producer clientId=customer-service-producer-1] Bootstrap broker localhost:9092 (id: -1 rack: null) disconnected
2026-08-28 20:13:03.805 [kafka-producer-network-thread | customer-service-producer-1] INFO  customer-service [o.apache.kafka.clients.NetworkClient] - [Producer clientId=customer-service-producer-1] Node -1 disconnected.
2026-08-28 20:13:03.805 [kafka-producer-network-thread | customer-service-producer-1] WARN  customer-service [o.apache.kafka.clients.NetworkClient] - [Producer clientId=customer-service-producer-1] Connection to node -1 (localhost/127.0.0.1:9092) could not be established. Node may not be available.
2026-08-28 20:13:03.805 [kafka-producer-network-thread | customer-service-producer-1] WARN  customer-service [o.apache.kafka.clients.NetworkClient] - [Producer clientId=customer-service-producer-1] Bootstrap broker localhost:9092 (id: -1 rack: null) disconnected
2026-08-28 20:13:04.815 [kafka-producer-network-thread | customer-service-producer-1] INFO  customer-service [o.apache.kafka.clients.NetworkClient] - [Producer clientId=customer-service-producer-1] Node -1 disconnected.
2026-08-28 20:13:04.815 [kafka-producer-network-thread | customer-service-producer-1] WARN  customer-service [o.apache.kafka.clients.NetworkClient] - [Producer clientId=customer-service-producer-1] Connection to node -1 (localhost/127.0.0.1:9092) could not be established. Node may not be available.
2026-08-28 20:13:04.816 [kafka-producer-network-thread | customer-service-producer-1] WARN  customer-service [o.apache.kafka.clients.NetworkClient] - [Producer clientId=customer-service-producer-1] Bootstrap broker localhost:9092 (id: -1 rack: null) disconnected
2026-08-28 20:13:05.672 [kafka-producer-network-thread | customer-service-producer-1] INFO  customer-service [o.apache.kafka.clients.NetworkClient] - [Producer clientId=customer-service-producer-1] Node -1 disconnected.
2026-08-28 20:13:05.672 [kafka-producer-network-thread | customer-service-producer-1] WARN  customer-service [o.apache.kafka.clients.NetworkClient] - [Producer clientId=customer-service-producer-1] Connection to node -1 (localhost/127.0.0.1:9092) could not be established. Node may not be available.
2026-08-28 20:13:05.672 [kafka-producer-network-thread | customer-service-producer-1] WARN  customer-service [o.apache.kafka.clients.NetworkClient] - [Producer clientId=customer-service-producer-1] Bootstrap broker localhost:9092 (id: -1 rack: null) disconnected
2026-08-28 20:13:06.722 [kafka-producer-network-thread | customer-service-producer-1] INFO  customer-service [o.apache.kafka.clients.NetworkClient] - [Producer clientId=customer-service-producer-1] Node -1 disconnected.
2026-08-28 20:13:06.722 [kafka-producer-network-thread | customer-service-producer-1] WARN  customer-service [o.apache.kafka.clients.NetworkClient] - [Producer clientId=customer-service-producer-1] Connection to node -1 (localhost/127.0.0.1:9092) could not be established. Node may not be available.
2026-08-28 20:13:06.723 [kafka-producer-network-thread | customer-service-producer-1] WARN  customer-service [o.apache.kafka.clients.NetworkClient] - [Producer clientId=customer-service-producer-1] Bootstrap broker localhost:9092 (id: -1 rack: null) disconnected
2026-08-28 20:13:07.724 [kafka-producer-network-thread | customer-service-producer-1] INFO  customer-service [o.apache.kafka.clients.NetworkClient] - [Producer clientId=customer-service-producer-1] Node -1 disconnected.
2026-08-28 20:13:07.725 [kafka-producer-network-thread | customer-service-producer-1] WARN  customer-service [o.apache.kafka.clients.NetworkClient] - [Producer clientId=customer-service-producer-1] Connection to node -1 (localhost/127.0.0.1:9092) could not be established. Node may not be available.
2026-08-28 20:13:07.725 [kafka-producer-network-thread | customer-service-producer-1] WARN  customer-service [o.apache.kafka.clients.NetworkClient] - [Producer clientId=customer-service-producer-1] Bootstrap broker localhost:9092 (id: -1 rack: null) disconnected
2026-08-28 20:13:08.796 [kafka-producer-network-thread | customer-service-producer-1] INFO  customer-service [o.apache.kafka.clients.NetworkClient] - [Producer clientId=customer-service-producer-1] Node -1 disconnected.
2026-08-28 20:13:08.797 [kafka-producer-network-thread | customer-service-producer-1] WARN  customer-service [o.apache.kafka.clients.NetworkClient] - [Producer clientId=customer-service-producer-1] Connection to node -1 (localhost/127.0.0.1:9092) could not be established. Node may not be available.
2026-08-28 20:13:08.797 [kafka-producer-network-thread | customer-service-producer-1] WARN  customer-service [o.apache.kafka.clients.NetworkClient] - [Producer clientId=customer-service-producer-1] Bootstrap broker localhost:9092 (id: -1 rack: null) disconnected
2026-08-28 20:13:09.826 [kafka-producer-network-thread | customer-service-producer-1] INFO  customer-service [o.apache.kafka.clients.NetworkClient] - [Producer clientId=customer-service-producer-1] Node -1 disconnected.
2026-08-28 20:13:09.826 [kafka-producer-network-thread | customer-service-producer-1] WARN  customer-service [o.apache.kafka.clients.NetworkClient] - [Producer clientId=customer-service-producer-1] Connection to node -1 (localhost/127.0.0.1:9092) could not be established. Node may not be available.
2026-08-28 20:13:09.826 [kafka-producer-network-thread | customer-service-producer-1] WARN  customer-service [o.apache.kafka.clients.NetworkClient] - [Producer clientId=customer-service-producer-1] Bootstrap broker localhost:9092 (id: -1 rack: null) disconnected
2026-08-28 20:13:10.853 [kafka-producer-network-thread | customer-service-producer-1] INFO  customer-service [o.apache.kafka.clients.NetworkClient] - [Producer clientId=customer-service-producer-1] Node -1 disconnected.
2026-08-28 20:13:10.853 [kafka-producer-network-thread | customer-service-producer-1] WARN  customer-service [o.apache.kafka.clients.NetworkClient] - [Producer clientId=customer-service-producer-1] Connection to node -1 (localhost/127.0.0.1:9092) could not be established. Node may not be available.
2026-08-28 20:13:10.853 [kafka-producer-network-thread | customer-service-producer-1] WARN  customer-service [o.apache.kafka.clients.NetworkClient] - [Producer clientId=customer-service-producer-1] Bootstrap broker localhost:9092 (id: -1 rack: null) disconnected
2026-08-28 20:13:11.855 [kafka-producer-network-thread | customer-service-producer-1] INFO  customer-service [o.apache.kafka.clients.NetworkClient] - [Producer clientId=customer-service-producer-1] Node -1 disconnected.
2026-08-28 20:13:11.855 [kafka-producer-network-thread | customer-service-producer-1] WARN  customer-service [o.apache.kafka.clients.NetworkClient] - [Producer clientId=customer-service-producer-1] Connection to node -1 (localhost/127.0.0.1:9092) could not be established. Node may not be available.
2026-08-28 20:13:11.855 [kafka-producer-network-thread | customer-service-producer-1] WARN  customer-service [o.apache.kafka.clients.NetworkClient] - [Producer clientId=customer-service-producer-1] Bootstrap broker localhost:9092 (id: -1 rack: null) disconnected
2026-08-28 20:13:12.856 [kafka-producer-network-thread | customer-service-producer-1] INFO  customer-service [o.apache.kafka.clients.NetworkClient] - [Producer clientId=customer-service-producer-1] Node -1 disconnected.
2026-08-28 20:13:12.856 [kafka-producer-network-thread | customer-service-producer-1] WARN  customer-service [o.apache.kafka.clients.NetworkClient] - [Producer clientId=customer-service-producer-1] Connection to node -1 (localhost/127.0.0.1:9092) could not be established. Node may not be available.
2026-08-28 20:13:12.856 [kafka-producer-network-thread | customer-service-producer-1] WARN  customer-service [o.apache.kafka.clients.NetworkClient] - [Producer clientId=customer-service-producer-1] Bootstrap broker localhost:9092 (id: -1 rack: null) disconnected
2026-08-28 20:13:13.868 [kafka-producer-network-thread | customer-service-producer-1] INFO  customer-service [o.apache.kafka.clients.NetworkClient] - [Producer clientId=customer-service-producer-1] Node -1 disconnected.
2026-08-28 20:13:13.869 [kafka-producer-network-thread | customer-service-producer-1] WARN  customer-service [o.apache.kafka.clients.NetworkClient] - [Producer clientId=customer-service-producer-1] Connection to node -1 (localhost/127.0.0.1:9092) could not be established. Node may not be available.
2026-08-28 20:13:13.869 [kafka-producer-network-thread | customer-service-producer-1] WARN  customer-service [o.apache.kafka.clients.NetworkClient] - [Producer clientId=customer-service-producer-1] Bootstrap broker localhost:9092 (id: -1 rack: null) disconnected
2026-08-28 20:13:14.870 [kafka-producer-network-thread | customer-service-producer-1] INFO  customer-service [o.apache.kafka.clients.NetworkClient] - [Producer clientId=customer-service-producer-1] Node -1 disconnected.
2026-08-28 20:13:14.870 [kafka-producer-network-thread | customer-service-producer-1] WARN  customer-service [o.apache.kafka.clients.NetworkClient] - [Producer clientId=customer-service-producer-1] Connection to node -1 (localhost/127.0.0.1:9092) could not be established. Node may not be available.
2026-08-28 20:13:14.870 [kafka-producer-network-thread | customer-service-producer-1] WARN  customer-service [o.apache.kafka.clients.NetworkClient] - [Producer clientId=customer-service-producer-1] Bootstrap broker localhost:9092 (id: -1 rack: null) disconnected
2026-08-28 20:13:15.884 [kafka-producer-network-thread | customer-service-producer-1] INFO  customer-service [o.apache.kafka.clients.NetworkClient] - [Producer clientId=customer-service-producer-1] Node -1 disconnected.
2026-08-28 20:13:15.884 [kafka-producer-network-thread | customer-service-producer-1] WARN  customer-service [o.apache.kafka.clients.NetworkClient] - [Producer clientId=customer-service-producer-1] Connection to node -1 (localhost/127.0.0.1:9092) could not be established. Node may not be available.
2026-08-28 20:13:15.885 [kafka-producer-network-thread | customer-service-producer-1] WARN  customer-service [o.apache.kafka.clients.NetworkClient] - [Producer clientId=customer-service-producer-1] Bootstrap broker localhost:9092 (id: -1 rack: null) disconnected
2026-08-28 20:13:16.792 [kafka-producer-network-thread | customer-service-producer-1] INFO  customer-service [o.apache.kafka.clients.NetworkClient] - [Producer clientId=customer-service-producer-1] Node -1 disconnected.
2026-08-28 20:13:16.792 [kafka-producer-network-thread | customer-service-producer-1] WARN  customer-service [o.apache.kafka.clients.NetworkClient] - [Producer clientId=customer-service-producer-1] Connection to node -1 (localhost/127.0.0.1:9092) could not be established. Node may not be available.
2026-08-28 20:13:16.792 [kafka-producer-network-thread | customer-service-producer-1] WARN  customer-service [o.apache.kafka.clients.NetworkClient] - [Producer clientId=customer-service-producer-1] Bootstrap broker localhost:9092 (id: -1 rack: null) disconnected
2026-08-28 20:13:17.735 [kafka-producer-network-thread | customer-service-producer-1] INFO  customer-service [o.apache.kafka.clients.NetworkClient] - [Producer clientId=customer-service-producer-1] Node -1 disconnected.
2026-08-28 20:13:17.735 [kafka-producer-network-thread | customer-service-producer-1] WARN  customer-service [o.apache.kafka.clients.NetworkClient] - [Producer clientId=customer-service-producer-1] Connection to node -1 (localhost/127.0.0.1:9092) could not be established. Node may not be available.
2026-08-28 20:13:17.735 [kafka-producer-network-thread | customer-service-producer-1] WARN  customer-service [o.apache.kafka.clients.NetworkClient] - [Producer clientId=customer-service-producer-1] Bootstrap broker localhost:9092 (id: -1 rack: null) disconnected
2026-08-28 20:13:18.744 [kafka-producer-network-thread | customer-service-producer-1] INFO  customer-service [o.apache.kafka.clients.NetworkClient] - [Producer clientId=customer-service-producer-1] Node -1 disconnected.
2026-08-28 20:13:18.744 [kafka-producer-network-thread | customer-service-producer-1] WARN  customer-service [o.apache.kafka.clients.NetworkClient] - [Producer clientId=customer-service-producer-1] Connection to node -1 (localhost/127.0.0.1:9092) could not be established. Node may not be available.
2026-08-28 20:13:18.744 [kafka-producer-network-thread | customer-service-producer-1] WARN  customer-service [o.apache.kafka.clients.NetworkClient] - [Producer clientId=customer-service-producer-1] Bootstrap broker localhost:9092 (id: -1 rack: null) disconnected
2026-08-28 20:13:19.753 [kafka-producer-network-thread | customer-service-producer-1] INFO  customer-service [o.apache.kafka.clients.NetworkClient] - [Producer clientId=customer-service-producer-1] Node -1 disconnected.
2026-08-28 20:13:19.753 [kafka-producer-network-thread | customer-service-producer-1] WARN  customer-service [o.apache.kafka.clients.NetworkClient] - [Producer clientId=customer-service-producer-1] Connection to node -1 (localhost/127.0.0.1:9092) could not be established. Node may not be available.
2026-08-28 20:13:19.753 [kafka-producer-network-thread | customer-service-producer-1] WARN  customer-service [o.apache.kafka.clients.NetworkClient] - [Producer clientId=customer-service-producer-1] Bootstrap broker localhost:9092 (id: -1 rack: null) disconnected
2026-08-28 20:13:20.755 [kafka-producer-network-thread | customer-service-producer-1] INFO  customer-service [o.apache.kafka.clients.NetworkClient] - [Producer clientId=customer-service-producer-1] Node -1 disconnected.
2026-08-28 20:13:20.755 [kafka-producer-network-thread | customer-service-producer-1] WARN  customer-service [o.apache.kafka.clients.NetworkClient] - [Producer clientId=customer-service-producer-1] Connection to node -1 (localhost/127.0.0.1:9092) could not be established. Node may not be available.
2026-08-28 20:13:20.755 [kafka-producer-network-thread | customer-service-producer-1] WARN  customer-service [o.apache.kafka.clients.NetworkClient] - [Producer clientId=customer-service-producer-1] Bootstrap broker localhost:9092 (id: -1 rack: null) disconnected
2026-08-28 20:13:21.667 [kafka-producer-network-thread | customer-service-producer-1] INFO  customer-service [o.apache.kafka.clients.NetworkClient] - [Producer clientId=customer-service-producer-1] Node -1 disconnected.
2026-08-28 20:13:21.667 [kafka-producer-network-thread | customer-service-producer-1] WARN  customer-service [o.apache.kafka.clients.NetworkClient] - [Producer clientId=customer-service-producer-1] Connection to node -1 (localhost/127.0.0.1:9092) could not be established. Node may not be available.
2026-08-28 20:13:21.667 [kafka-producer-network-thread | customer-service-producer-1] WARN  customer-service [o.apache.kafka.clients.NetworkClient] - [Producer clientId=customer-service-producer-1] Bootstrap broker localhost:9092 (id: -1 rack: null) disconnected
2026-08-28 20:13:22.527 [kafka-producer-network-thread | customer-service-producer-1] INFO  customer-service [o.apache.kafka.clients.NetworkClient] - [Producer clientId=customer-service-producer-1] Node -1 disconnected.
2026-08-28 20:13:22.528 [kafka-producer-network-thread | customer-service-producer-1] WARN  customer-service [o.apache.kafka.clients.NetworkClient] - [Producer clientId=customer-service-producer-1] Connection to node -1 (localhost/127.0.0.1:9092) could not be established. Node may not be available.
2026-08-28 20:13:22.528 [kafka-producer-network-thread | customer-service-producer-1] WARN  customer-service [o.apache.kafka.clients.NetworkClient] - [Producer clientId=customer-service-producer-1] Bootstrap broker localhost:9092 (id: -1 rack: null) disconnected
2026-08-28 20:13:23.580 [kafka-producer-network-thread | customer-service-producer-1] INFO  customer-service [o.apache.kafka.clients.NetworkClient] - [Producer clientId=customer-service-producer-1] Node -1 disconnected.
2026-08-28 20:13:23.580 [kafka-producer-network-thread | customer-service-producer-1] WARN  customer-service [o.apache.kafka.clients.NetworkClient] - [Producer clientId=customer-service-producer-1] Connection to node -1 (localhost/127.0.0.1:9092) could not be established. Node may not be available.
2026-08-28 20:13:23.580 [kafka-producer-network-thread | customer-service-producer-1] WARN  customer-service [o.apache.kafka.clients.NetworkClient] - [Producer clientId=customer-service-producer-1] Bootstrap broker localhost:9092 (id: -1 rack: null) disconnected
2026-08-28 20:13:24.488 [kafka-producer-network-thread | customer-service-producer-1] INFO  customer-service [o.apache.kafka.clients.NetworkClient] - [Producer clientId=customer-service-producer-1] Node -1 disconnected.
2026-08-28 20:13:24.488 [kafka-producer-network-thread | customer-service-producer-1] WARN  customer-service [o.apache.kafka.clients.NetworkClient] - [Producer clientId=customer-service-producer-1] Connection to node -1 (localhost/127.0.0.1:9092) could not be established. Node may not be available.
2026-08-28 20:13:24.488 [kafka-producer-network-thread | customer-service-producer-1] WARN  customer-service [o.apache.kafka.clients.NetworkClient] - [Producer clientId=customer-service-producer-1] Bootstrap broker localhost:9092 (id: -1 rack: null) disconnected
2026-08-28 20:13:25.515 [kafka-producer-network-thread | customer-service-producer-1] INFO  customer-service [o.apache.kafka.clients.NetworkClient] - [Producer clientId=customer-service-producer-1] Node -1 disconnected.
2026-08-28 20:13:25.515 [kafka-producer-network-thread | customer-service-producer-1] WARN  customer-service [o.apache.kafka.clients.NetworkClient] - [Producer clientId=customer-service-producer-1] Connection to node -1 (localhost/127.0.0.1:9092) could not be established. Node may not be available.
2026-08-28 20:13:25.515 [kafka-producer-network-thread | customer-service-producer-1] WARN  customer-service [o.apache.kafka.clients.NetworkClient] - [Producer clientId=customer-service-producer-1] Bootstrap broker localhost:9092 (id: -1 rack: null) disconnected
2026-08-28 20:13:26.454 [kafka-producer-network-thread | customer-service-producer-1] INFO  customer-service [o.apache.kafka.clients.NetworkClient] - [Producer clientId=customer-service-producer-1] Node -1 disconnected.
2026-08-28 20:13:26.454 [kafka-producer-network-thread | customer-service-producer-1] WARN  customer-service [o.apache.kafka.clients.NetworkClient] - [Producer clientId=customer-service-producer-1] Connection to node -1 (localhost/127.0.0.1:9092) could not be established. Node may not be available.
2026-08-28 20:13:26.454 [kafka-producer-network-thread | customer-service-producer-1] WARN  customer-service [o.apache.kafka.clients.NetworkClient] - [Producer clientId=customer-service-producer-1] Bootstrap broker localhost:9092 (id: -1 rack: null) disconnected
2026-08-28 20:13:27.489 [kafka-producer-network-thread | customer-service-producer-1] INFO  customer-service [o.apache.kafka.clients.NetworkClient] - [Producer clientId=customer-service-producer-1] Node -1 disconnected.
2026-08-28 20:13:27.490 [kafka-producer-network-thread | customer-service-producer-1] WARN  customer-service [o.apache.kafka.clients.NetworkClient] - [Producer clientId=customer-service-producer-1] Connection to node -1 (localhost/127.0.0.1:9092) could not be established. Node may not be available.
2026-08-28 20:13:27.490 [kafka-producer-network-thread | customer-service-producer-1] WARN  customer-service [o.apache.kafka.clients.NetworkClient] - [Producer clientId=customer-service-producer-1] Bootstrap broker localhost:9092 (id: -1 rack: null) disconnected
2026-08-28 20:13:28.348 [kafka-producer-network-thread | customer-service-producer-1] INFO  customer-service [o.apache.kafka.clients.NetworkClient] - [Producer clientId=customer-service-producer-1] Node -1 disconnected.
2026-08-28 20:13:28.348 [kafka-producer-network-thread | customer-service-producer-1] WARN  customer-service [o.apache.kafka.clients.NetworkClient] - [Producer clientId=customer-service-producer-1] Connection to node -1 (localhost/127.0.0.1:9092) could not be established. Node may not be available.
2026-08-28 20:13:28.348 [kafka-producer-network-thread | customer-service-producer-1] WARN  customer-service [o.apache.kafka.clients.NetworkClient] - [Producer clientId=customer-service-producer-1] Bootstrap broker localhost:9092 (id: -1 rack: null) disconnected
2026-08-28 20:13:29.343 [kafka-producer-network-thread | customer-service-producer-1] INFO  customer-service [o.apache.kafka.clients.NetworkClient] - [Producer clientId=customer-service-producer-1] Node -1 disconnected.
2026-08-28 20:13:29.344 [kafka-producer-network-thread | customer-service-producer-1] WARN  customer-service [o.apache.kafka.clients.NetworkClient] - [Producer clientId=customer-service-producer-1] Connection to node -1 (localhost/127.0.0.1:9092) could not be established. Node may not be available.
2026-08-28 20:13:29.344 [kafka-producer-network-thread | customer-service-producer-1] WARN  customer-service [o.apache.kafka.clients.NetworkClient] - [Producer clientId=customer-service-producer-1] Bootstrap broker localhost:9092 (id: -1 rack: null) disconnected
2026-08-28 20:13:30.352 [kafka-producer-network-thread | customer-service-producer-1] INFO  customer-service [o.apache.kafka.clients.NetworkClient] - [Producer clientId=customer-service-producer-1] Node -1 disconnected.
2026-08-28 20:13:30.352 [kafka-producer-network-thread | customer-service-producer-1] WARN  customer-service [o.apache.kafka.clients.NetworkClient] - [Producer clientId=customer-service-producer-1] Connection to node -1 (localhost/127.0.0.1:9092) could not be established. Node may not be available.
2026-08-28 20:13:30.353 [kafka-producer-network-thread | customer-service-producer-1] WARN  customer-service [o.apache.kafka.clients.NetworkClient] - [Producer clientId=customer-service-producer-1] Bootstrap broker localhost:9092 (id: -1 rack: null) disconnected
2026-08-28 20:13:31.358 [kafka-producer-network-thread | customer-service-producer-1] INFO  customer-service [o.apache.kafka.clients.NetworkClient] - [Producer clientId=customer-service-producer-1] Node -1 disconnected.
2026-08-28 20:13:31.358 [kafka-producer-network-thread | customer-service-producer-1] WARN  customer-service [o.apache.kafka.clients.NetworkClient] - [Producer clientId=customer-service-producer-1] Connection to node -1 (localhost/127.0.0.1:9092) could not be established. Node may not be available.
2026-08-28 20:13:31.358 [kafka-producer-network-thread | customer-service-producer-1] WARN  customer-service [o.apache.kafka.clients.NetworkClient] - [Producer clientId=customer-service-producer-1] Bootstrap broker localhost:9092 (id: -1 rack: null) disconnected
2026-08-28 20:13:32.360 [kafka-producer-network-thread | customer-service-producer-1] INFO  customer-service [o.apache.kafka.clients.NetworkClient] - [Producer clientId=customer-service-producer-1] Node -1 disconnected.
2026-08-28 20:13:32.361 [kafka-producer-network-thread | customer-service-producer-1] WARN  customer-service [o.apache.kafka.clients.NetworkClient] - [Producer clientId=customer-service-producer-1] Connection to node -1 (localhost/127.0.0.1:9092) could not be established. Node may not be available.
2026-08-28 20:13:32.362 [kafka-producer-network-thread | customer-service-producer-1] WARN  customer-service [o.apache.kafka.clients.NetworkClient] - [Producer clientId=customer-service-producer-1] Bootstrap broker localhost:9092 (id: -1 rack: null) disconnected
2026-08-28 20:13:33.216 [kafka-producer-network-thread | customer-service-producer-1] INFO  customer-service [o.apache.kafka.clients.NetworkClient] - [Producer clientId=customer-service-producer-1] Node -1 disconnected.
2026-08-28 20:13:33.217 [kafka-producer-network-thread | customer-service-producer-1] WARN  customer-service [o.apache.kafka.clients.NetworkClient] - [Producer clientId=customer-service-producer-1] Connection to node -1 (localhost/127.0.0.1:9092) could not be established. Node may not be available.
2026-08-28 20:13:33.217 [kafka-producer-network-thread | customer-service-producer-1] WARN  customer-service [o.apache.kafka.clients.NetworkClient] - [Producer clientId=customer-service-producer-1] Bootstrap broker localhost:9092 (id: -1 rack: null) disconnected
2026-08-28 20:13:34.226 [kafka-producer-network-thread | customer-service-producer-1] INFO  customer-service [o.apache.kafka.clients.NetworkClient] - [Producer clientId=customer-service-producer-1] Node -1 disconnected.
2026-08-28 20:13:34.226 [kafka-producer-network-thread | customer-service-producer-1] WARN  customer-service [o.apache.kafka.clients.NetworkClient] - [Producer clientId=customer-service-producer-1] Connection to node -1 (localhost/127.0.0.1:9092) could not be established. Node may not be available.
2026-08-28 20:13:34.226 [kafka-producer-network-thread | customer-service-producer-1] WARN  customer-service [o.apache.kafka.clients.NetworkClient] - [Producer clientId=customer-service-producer-1] Bootstrap broker localhost:9092 (id: -1 rack: null) disconnected
2026-08-28 20:13:35.228 [kafka-producer-network-thread | customer-service-producer-1] INFO  customer-service [o.apache.kafka.clients.NetworkClient] - [Producer clientId=customer-service-producer-1] Node -1 disconnected.
2026-08-28 20:13:35.228 [kafka-producer-network-thread | customer-service-producer-1] WARN  customer-service [o.apache.kafka.clients.NetworkClient] - [Producer clientId=customer-service-producer-1] Connection to node -1 (localhost/127.0.0.1:9092) could not be established. Node may not be available.
2026-08-28 20:13:35.228 [kafka-producer-network-thread | customer-service-producer-1] WARN  customer-service [o.apache.kafka.clients.NetworkClient] - [Producer clientId=customer-service-producer-1] Bootstrap broker localhost:9092 (id: -1 rack: null) disconnected
2026-08-28 20:13:36.165 [kafka-producer-network-thread | customer-service-producer-1] INFO  customer-service [o.apache.kafka.clients.NetworkClient] - [Producer clientId=customer-service-producer-1] Node -1 disconnected.
2026-08-28 20:13:36.165 [kafka-producer-network-thread | customer-service-producer-1] WARN  customer-service [o.apache.kafka.clients.NetworkClient] - [Producer clientId=customer-service-producer-1] Connection to node -1 (localhost/127.0.0.1:9092) could not be established. Node may not be available.
2026-08-28 20:13:36.165 [kafka-producer-network-thread | customer-service-producer-1] WARN  customer-service [o.apache.kafka.clients.NetworkClient] - [Producer clientId=customer-service-producer-1] Bootstrap broker localhost:9092 (id: -1 rack: null) disconnected
2026-08-28 20:13:37.173 [kafka-producer-network-thread | customer-service-producer-1] INFO  customer-service [o.apache.kafka.clients.NetworkClient] - [Producer clientId=customer-service-producer-1] Node -1 disconnected.
2026-08-28 20:13:37.174 [kafka-producer-network-thread | customer-service-producer-1] WARN  customer-service [o.apache.kafka.clients.NetworkClient] - [Producer clientId=customer-service-producer-1] Connection to node -1 (localhost/127.0.0.1:9092) could not be established. Node may not be available.
2026-08-28 20:13:37.174 [kafka-producer-network-thread | customer-service-producer-1] WARN  customer-service [o.apache.kafka.clients.NetworkClient] - [Producer clientId=customer-service-producer-1] Bootstrap broker localhost:9092 (id: -1 rack: null) disconnected
2026-08-28 20:13:38.200 [kafka-producer-network-thread | customer-service-producer-1] INFO  customer-service [o.apache.kafka.clients.NetworkClient] - [Producer clientId=customer-service-producer-1] Node -1 disconnected.
2026-08-28 20:13:38.200 [kafka-producer-network-thread | customer-service-producer-1] WARN  customer-service [o.apache.kafka.clients.NetworkClient] - [Producer clientId=customer-service-producer-1] Connection to node -1 (localhost/127.0.0.1:9092) could not be established. Node may not be available.
2026-08-28 20:13:38.200 [kafka-producer-network-thread | customer-service-producer-1] WARN  customer-service [o.apache.kafka.clients.NetworkClient] - [Producer clientId=customer-service-producer-1] Bootstrap broker localhost:9092 (id: -1 rack: null) disconnected
2026-08-28 20:13:39.201 [kafka-producer-network-thread | customer-service-producer-1] INFO  customer-service [o.apache.kafka.clients.NetworkClient] - [Producer clientId=customer-service-producer-1] Node -1 disconnected.
2026-08-28 20:13:39.201 [kafka-producer-network-thread | customer-service-producer-1] WARN  customer-service [o.apache.kafka.clients.NetworkClient] - [Producer clientId=customer-service-producer-1] Connection to node -1 (localhost/127.0.0.1:9092) could not be established. Node may not be available.
2026-08-28 20:13:39.201 [kafka-producer-network-thread | customer-service-producer-1] WARN  customer-service [o.apache.kafka.clients.NetworkClient] - [Producer clientId=customer-service-producer-1] Bootstrap broker localhost:9092 (id: -1 rack: null) disconnected
2026-08-28 20:13:40.202 [kafka-producer-network-thread | customer-service-producer-1] INFO  customer-service [o.apache.kafka.clients.NetworkClient] - [Producer clientId=customer-service-producer-1] Node -1 disconnected.
2026-08-28 20:13:40.202 [kafka-producer-network-thread | customer-service-producer-1] WARN  customer-service [o.apache.kafka.clients.NetworkClient] - [Producer clientId=customer-service-producer-1] Connection to node -1 (localhost/127.0.0.1:9092) could not be established. Node may not be available.
2026-08-28 20:13:40.202 [kafka-producer-network-thread | customer-service-producer-1] WARN  customer-service [o.apache.kafka.clients.NetworkClient] - [Producer clientId=customer-service-producer-1] Bootstrap broker localhost:9092 (id: -1 rack: null) disconnected
2026-08-28 20:13:41.056 [kafka-producer-network-thread | customer-service-producer-1] INFO  customer-service [o.apache.kafka.clients.NetworkClient] - [Producer clientId=customer-service-producer-1] Node -1 disconnected.
2026-08-28 20:13:41.056 [kafka-producer-network-thread | customer-service-producer-1] WARN  customer-service [o.apache.kafka.clients.NetworkClient] - [Producer clientId=customer-service-producer-1] Connection to node -1 (localhost/127.0.0.1:9092) could not be established. Node may not be available.
2026-08-28 20:13:41.057 [kafka-producer-network-thread | customer-service-producer-1] WARN  customer-service [o.apache.kafka.clients.NetworkClient] - [Producer clientId=customer-service-producer-1] Bootstrap broker localhost:9092 (id: -1 rack: null) disconnected
2026-08-28 20:13:42.057 [kafka-producer-network-thread | customer-service-producer-1] INFO  customer-service [o.apache.kafka.clients.NetworkClient] - [Producer clientId=customer-service-producer-1] Node -1 disconnected.
2026-08-28 20:13:42.057 [kafka-producer-network-thread | customer-service-producer-1] WARN  customer-service [o.apache.kafka.clients.NetworkClient] - [Producer clientId=customer-service-producer-1] Connection to node -1 (localhost/127.0.0.1:9092) could not be established. Node may not be available.
2026-08-28 20:13:42.058 [kafka-producer-network-thread | customer-service-producer-1] WARN  customer-service [o.apache.kafka.clients.NetworkClient] - [Producer clientId=customer-service-producer-1] Bootstrap broker localhost:9092 (id: -1 rack: null) disconnected
2026-08-28 20:13:43.058 [kafka-producer-network-thread | customer-service-producer-1] INFO  customer-service [o.apache.kafka.clients.NetworkClient] - [Producer clientId=customer-service-producer-1] Node -1 disconnected.
2026-08-28 20:13:43.058 [kafka-producer-network-thread | customer-service-producer-1] WARN  customer-service [o.apache.kafka.clients.NetworkClient] - [Producer clientId=customer-service-producer-1] Connection to node -1 (localhost/127.0.0.1:9092) could not be established. Node may not be available.
2026-08-28 20:13:43.058 [kafka-producer-network-thread | customer-service-producer-1] WARN  customer-service [o.apache.kafka.clients.NetworkClient] - [Producer clientId=customer-service-producer-1] Bootstrap broker localhost:9092 (id: -1 rack: null) disconnected
2026-08-28 20:13:44.067 [kafka-producer-network-thread | customer-service-producer-1] INFO  customer-service [o.apache.kafka.clients.NetworkClient] - [Producer clientId=customer-service-producer-1] Node -1 disconnected.
2026-08-28 20:13:44.068 [kafka-producer-network-thread | customer-service-producer-1] WARN  customer-service [o.apache.kafka.clients.NetworkClient] - [Producer clientId=customer-service-producer-1] Connection to node -1 (localhost/127.0.0.1:9092) could not be established. Node may not be available.
2026-08-28 20:13:44.068 [kafka-producer-network-thread | customer-service-producer-1] WARN  customer-service [o.apache.kafka.clients.NetworkClient] - [Producer clientId=customer-service-producer-1] Bootstrap broker localhost:9092 (id: -1 rack: null) disconnected
2026-08-28 20:13:45.112 [kafka-producer-network-thread | customer-service-producer-1] INFO  customer-service [o.apache.kafka.clients.NetworkClient] - [Producer clientId=customer-service-producer-1] Node -1 disconnected.
2026-08-28 20:13:45.112 [kafka-producer-network-thread | customer-service-producer-1] WARN  customer-service [o.apache.kafka.clients.NetworkClient] - [Producer clientId=customer-service-producer-1] Connection to node -1 (localhost/127.0.0.1:9092) could not be established. Node may not be available.
2026-08-28 20:13:45.113 [kafka-producer-network-thread | customer-service-producer-1] WARN  customer-service [o.apache.kafka.clients.NetworkClient] - [Producer clientId=customer-service-producer-1] Bootstrap broker localhost:9092 (id: -1 rack: null) disconnected
2026-08-28 20:13:46.114 [kafka-producer-network-thread | customer-service-producer-1] INFO  customer-service [o.apache.kafka.clients.NetworkClient] - [Producer clientId=customer-service-producer-1] Node -1 disconnected.
2026-08-28 20:13:46.114 [kafka-producer-network-thread | customer-service-producer-1] WARN  customer-service [o.apache.kafka.clients.NetworkClient] - [Producer clientId=customer-service-producer-1] Connection to node -1 (localhost/127.0.0.1:9092) could not be established. Node may not be available.
2026-08-28 20:13:46.114 [kafka-producer-network-thread | customer-service-producer-1] WARN  customer-service [o.apache.kafka.clients.NetworkClient] - [Producer clientId=customer-service-producer-1] Bootstrap broker localhost:9092 (id: -1 rack: null) disconnected
2026-08-28 20:13:47.021 [kafka-producer-network-thread | customer-service-producer-1] INFO  customer-service [o.apache.kafka.clients.NetworkClient] - [Producer clientId=customer-service-producer-1] Node -1 disconnected.
2026-08-28 20:13:47.021 [kafka-producer-network-thread | customer-service-producer-1] WARN  customer-service [o.apache.kafka.clients.NetworkClient] - [Producer clientId=customer-service-producer-1] Connection to node -1 (localhost/127.0.0.1:9092) could not be established. Node may not be available.
2026-08-28 20:13:47.021 [kafka-producer-network-thread | customer-service-producer-1] WARN  customer-service [o.apache.kafka.clients.NetworkClient] - [Producer clientId=customer-service-producer-1] Bootstrap broker localhost:9092 (id: -1 rack: null) disconnected
2026-08-28 20:13:48.029 [kafka-producer-network-thread | customer-service-producer-1] INFO  customer-service [o.apache.kafka.clients.NetworkClient] - [Producer clientId=customer-service-producer-1] Node -1 disconnected.
2026-08-28 20:13:48.029 [kafka-producer-network-thread | customer-service-producer-1] WARN  customer-service [o.apache.kafka.clients.NetworkClient] - [Producer clientId=customer-service-producer-1] Connection to node -1 (localhost/127.0.0.1:9092) could not be established. Node may not be available.
2026-08-28 20:13:48.030 [kafka-producer-network-thread | customer-service-producer-1] WARN  customer-service [o.apache.kafka.clients.NetworkClient] - [Producer clientId=customer-service-producer-1] Bootstrap broker localhost:9092 (id: -1 rack: null) disconnected
2026-08-28 20:13:48.981 [kafka-producer-network-thread | customer-service-producer-1] INFO  customer-service [o.apache.kafka.clients.NetworkClient] - [Producer clientId=customer-service-producer-1] Node -1 disconnected.
2026-08-28 20:13:48.981 [kafka-producer-network-thread | customer-service-producer-1] WARN  customer-service [o.apache.kafka.clients.NetworkClient] - [Producer clientId=customer-service-producer-1] Connection to node -1 (localhost/127.0.0.1:9092) could not be established. Node may not be available.
2026-08-28 20:13:48.982 [kafka-producer-network-thread | customer-service-producer-1] WARN  customer-service [o.apache.kafka.clients.NetworkClient] - [Producer clientId=customer-service-producer-1] Bootstrap broker localhost:9092 (id: -1 rack: null) disconnected
2026-08-28 20:13:49.982 [kafka-producer-network-thread | customer-service-producer-1] INFO  customer-service [o.apache.kafka.clients.NetworkClient] - [Producer clientId=customer-service-producer-1] Node -1 disconnected.
2026-08-28 20:13:49.982 [kafka-producer-network-thread | customer-service-producer-1] WARN  customer-service [o.apache.kafka.clients.NetworkClient] - [Producer clientId=customer-service-producer-1] Connection to node -1 (localhost/127.0.0.1:9092) could not be established. Node may not be available.
2026-08-28 20:13:49.982 [kafka-producer-network-thread | customer-service-producer-1] WARN  customer-service [o.apache.kafka.clients.NetworkClient] - [Producer clientId=customer-service-producer-1] Bootstrap broker localhost:9092 (id: -1 rack: null) disconnected
2026-08-28 20:13:50.991 [kafka-producer-network-thread | customer-service-producer-1] INFO  customer-service [o.apache.kafka.clients.NetworkClient] - [Producer clientId=customer-service-producer-1] Node -1 disconnected.
2026-08-28 20:13:50.991 [kafka-producer-network-thread | customer-service-producer-1] WARN  customer-service [o.apache.kafka.clients.NetworkClient] - [Producer clientId=customer-service-producer-1] Connection to node -1 (localhost/127.0.0.1:9092) could not be established. Node may not be available.
2026-08-28 20:13:50.992 [kafka-producer-network-thread | customer-service-producer-1] WARN  customer-service [o.apache.kafka.clients.NetworkClient] - [Producer clientId=customer-service-producer-1] Bootstrap broker localhost:9092 (id: -1 rack: null) disconnected
2026-08-28 20:13:52.025 [kafka-producer-network-thread | customer-service-producer-1] INFO  customer-service [o.apache.kafka.clients.NetworkClient] - [Producer clientId=customer-service-producer-1] Node -1 disconnected.
2026-08-28 20:13:52.026 [kafka-producer-network-thread | customer-service-producer-1] WARN  customer-service [o.apache.kafka.clients.NetworkClient] - [Producer clientId=customer-service-producer-1] Connection to node -1 (localhost/127.0.0.1:9092) could not be established. Node may not be available.
2026-08-28 20:13:52.026 [kafka-producer-network-thread | customer-service-producer-1] WARN  customer-service [o.apache.kafka.clients.NetworkClient] - [Producer clientId=customer-service-producer-1] Bootstrap broker localhost:9092 (id: -1 rack: null) disconnected
2026-08-28 20:13:52.935 [kafka-producer-network-thread | customer-service-producer-1] INFO  customer-service [o.apache.kafka.clients.NetworkClient] - [Producer clientId=customer-service-producer-1] Node -1 disconnected.
2026-08-28 20:13:52.935 [kafka-producer-network-thread | customer-service-producer-1] WARN  customer-service [o.apache.kafka.clients.NetworkClient] - [Producer clientId=customer-service-producer-1] Connection to node -1 (localhost/127.0.0.1:9092) could not be established. Node may not be available.
2026-08-28 20:13:52.935 [kafka-producer-network-thread | customer-service-producer-1] WARN  customer-service [o.apache.kafka.clients.NetworkClient] - [Producer clientId=customer-service-producer-1] Bootstrap broker localhost:9092 (id: -1 rack: null) disconnected
2026-08-28 20:13:53.959 [kafka-producer-network-thread | customer-service-producer-1] INFO  customer-service [o.apache.kafka.clients.NetworkClient] - [Producer clientId=customer-service-producer-1] Node -1 disconnected.
2026-08-28 20:13:53.959 [kafka-producer-network-thread | customer-service-producer-1] WARN  customer-service [o.apache.kafka.clients.NetworkClient] - [Producer clientId=customer-service-producer-1] Connection to node -1 (localhost/127.0.0.1:9092) could not be established. Node may not be available.
2026-08-28 20:13:53.959 [kafka-producer-network-thread | customer-service-producer-1] WARN  customer-service [o.apache.kafka.clients.NetworkClient] - [Producer clientId=customer-service-producer-1] Bootstrap broker localhost:9092 (id: -1 rack: null) disconnected
2026-08-28 20:13:54.871 [kafka-producer-network-thread | customer-service-producer-1] INFO  customer-service [o.apache.kafka.clients.NetworkClient] - [Producer clientId=customer-service-producer-1] Node -1 disconnected.
2026-08-28 20:13:54.871 [kafka-producer-network-thread | customer-service-producer-1] WARN  customer-service [o.apache.kafka.clients.NetworkClient] - [Producer clientId=customer-service-producer-1] Connection to node -1 (localhost/127.0.0.1:9092) could not be established. Node may not be available.
2026-08-28 20:13:54.871 [kafka-producer-network-thread | customer-service-producer-1] WARN  customer-service [o.apache.kafka.clients.NetworkClient] - [Producer clientId=customer-service-producer-1] Bootstrap broker localhost:9092 (id: -1 rack: null) disconnected
2026-08-28 20:13:55.778 [kafka-producer-network-thread | customer-service-producer-1] INFO  customer-service [o.apache.kafka.clients.NetworkClient] - [Producer clientId=customer-service-producer-1] Node -1 disconnected.
2026-08-28 20:13:55.778 [kafka-producer-network-thread | customer-service-producer-1] WARN  customer-service [o.apache.kafka.clients.NetworkClient] - [Producer clientId=customer-service-producer-1] Connection to node -1 (localhost/127.0.0.1:9092) could not be established. Node may not be available.
2026-08-28 20:13:55.779 [kafka-producer-network-thread | customer-service-producer-1] WARN  customer-service [o.apache.kafka.clients.NetworkClient] - [Producer clientId=customer-service-producer-1] Bootstrap broker localhost:9092 (id: -1 rack: null) disconnected
2026-08-28 20:13:56.785 [kafka-producer-network-thread | customer-service-producer-1] INFO  customer-service [o.apache.kafka.clients.NetworkClient] - [Producer clientId=customer-service-producer-1] Node -1 disconnected.
2026-08-28 20:13:56.785 [kafka-producer-network-thread | customer-service-producer-1] WARN  customer-service [o.apache.kafka.clients.NetworkClient] - [Producer clientId=customer-service-producer-1] Connection to node -1 (localhost/127.0.0.1:9092) could not be established. Node may not be available.
2026-08-28 20:13:56.785 [kafka-producer-network-thread | customer-service-producer-1] WARN  customer-service [o.apache.kafka.clients.NetworkClient] - [Producer clientId=customer-service-producer-1] Bootstrap broker localhost:9092 (id: -1 rack: null) disconnected
2026-08-28 20:13:57.787 [kafka-producer-network-thread | customer-service-producer-1] INFO  customer-service [o.apache.kafka.clients.NetworkClient] - [Producer clientId=customer-service-producer-1] Node -1 disconnected.
2026-08-28 20:13:57.787 [kafka-producer-network-thread | customer-service-producer-1] WARN  customer-service [o.apache.kafka.clients.NetworkClient] - [Producer clientId=customer-service-producer-1] Connection to node -1 (localhost/127.0.0.1:9092) could not be established. Node may not be available.
2026-08-28 20:13:57.787 [kafka-producer-network-thread | customer-service-producer-1] WARN  customer-service [o.apache.kafka.clients.NetworkClient] - [Producer clientId=customer-service-producer-1] Bootstrap broker localhost:9092 (id: -1 rack: null) disconnected
2026-08-28 20:13:58.833 [kafka-producer-network-thread | customer-service-producer-1] INFO  customer-service [o.apache.kafka.clients.NetworkClient] - [Producer clientId=customer-service-producer-1] Node -1 disconnected.
2026-08-28 20:13:58.834 [kafka-producer-network-thread | customer-service-producer-1] WARN  customer-service [o.apache.kafka.clients.NetworkClient] - [Producer clientId=customer-service-producer-1] Connection to node -1 (localhost/127.0.0.1:9092) could not be established. Node may not be available.
2026-08-28 20:13:58.835 [kafka-producer-network-thread | customer-service-producer-1] WARN  customer-service [o.apache.kafka.clients.NetworkClient] - [Producer clientId=customer-service-producer-1] Bootstrap broker localhost:9092 (id: -1 rack: null) disconnected
2026-08-28 20:13:59.691 [kafka-producer-network-thread | customer-service-producer-1] INFO  customer-service [o.apache.kafka.clients.NetworkClient] - [Producer clientId=customer-service-producer-1] Node -1 disconnected.
2026-08-28 20:13:59.691 [kafka-producer-network-thread | customer-service-producer-1] WARN  customer-service [o.apache.kafka.clients.NetworkClient] - [Producer clientId=customer-service-producer-1] Connection to node -1 (localhost/127.0.0.1:9092) could not be established. Node may not be available.
2026-08-28 20:13:59.691 [kafka-producer-network-thread | customer-service-producer-1] WARN  customer-service [o.apache.kafka.clients.NetworkClient] - [Producer clientId=customer-service-producer-1] Bootstrap broker localhost:9092 (id: -1 rack: null) disconnected
2026-08-28 20:14:00.590 [kafka-producer-network-thread | customer-service-producer-1] INFO  customer-service [o.apache.kafka.clients.NetworkClient] - [Producer clientId=customer-service-producer-1] Node -1 disconnected.
2026-08-28 20:14:00.591 [kafka-producer-network-thread | customer-service-producer-1] WARN  customer-service [o.apache.kafka.clients.NetworkClient] - [Producer clientId=customer-service-producer-1] Connection to node -1 (localhost/127.0.0.1:9092) could not be established. Node may not be available.
2026-08-28 20:14:00.591 [kafka-producer-network-thread | customer-service-producer-1] WARN  customer-service [o.apache.kafka.clients.NetworkClient] - [Producer clientId=customer-service-producer-1] Bootstrap broker localhost:9092 (id: -1 rack: null) disconnected
2026-08-28 20:14:01.593 [kafka-producer-network-thread | customer-service-producer-1] INFO  customer-service [o.apache.kafka.clients.NetworkClient] - [Producer clientId=customer-service-producer-1] Node -1 disconnected.
2026-08-28 20:14:01.593 [kafka-producer-network-thread | customer-service-producer-1] WARN  customer-service [o.apache.kafka.clients.NetworkClient] - [Producer clientId=customer-service-producer-1] Connection to node -1 (localhost/127.0.0.1:9092) could not be established. Node may not be available.
2026-08-28 20:14:01.594 [kafka-producer-network-thread | customer-service-producer-1] WARN  customer-service [o.apache.kafka.clients.NetworkClient] - [Producer clientId=customer-service-producer-1] Bootstrap broker localhost:9092 (id: -1 rack: null) disconnected
2026-08-28 20:14:02.503 [kafka-producer-network-thread | customer-service-producer-1] INFO  customer-service [o.apache.kafka.clients.NetworkClient] - [Producer clientId=customer-service-producer-1] Node -1 disconnected.
2026-08-28 20:14:02.503 [kafka-producer-network-thread | customer-service-producer-1] WARN  customer-service [o.apache.kafka.clients.NetworkClient] - [Producer clientId=customer-service-producer-1] Connection to node -1 (localhost/127.0.0.1:9092) could not be established. Node may not be available.
2026-08-28 20:14:02.503 [kafka-producer-network-thread | customer-service-producer-1] WARN  customer-service [o.apache.kafka.clients.NetworkClient] - [Producer clientId=customer-service-producer-1] Bootstrap broker localhost:9092 (id: -1 rack: null) disconnected
2026-08-28 20:14:03.510 [kafka-producer-network-thread | customer-service-producer-1] INFO  customer-service [o.apache.kafka.clients.NetworkClient] - [Producer clientId=customer-service-producer-1] Node -1 disconnected.
2026-08-28 20:14:03.511 [kafka-producer-network-thread | customer-service-producer-1] WARN  customer-service [o.apache.kafka.clients.NetworkClient] - [Producer clientId=customer-service-producer-1] Connection to node -1 (localhost/127.0.0.1:9092) could not be established. Node may not be available.
2026-08-28 20:14:03.511 [kafka-producer-network-thread | customer-service-producer-1] WARN  customer-service [o.apache.kafka.clients.NetworkClient] - [Producer clientId=customer-service-producer-1] Bootstrap broker localhost:9092 (id: -1 rack: null) disconnected
2026-08-28 20:14:04.367 [kafka-producer-network-thread | customer-service-producer-1] INFO  customer-service [o.apache.kafka.clients.NetworkClient] - [Producer clientId=customer-service-producer-1] Node -1 disconnected.
2026-08-28 20:14:04.367 [kafka-producer-network-thread | customer-service-producer-1] WARN  customer-service [o.apache.kafka.clients.NetworkClient] - [Producer clientId=customer-service-producer-1] Connection to node -1 (localhost/127.0.0.1:9092) could not be established. Node may not be available.
2026-08-28 20:14:04.367 [kafka-producer-network-thread | customer-service-producer-1] WARN  customer-service [o.apache.kafka.clients.NetworkClient] - [Producer clientId=customer-service-producer-1] Bootstrap broker localhost:9092 (id: -1 rack: null) disconnected
2026-08-28 20:14:05.287 [kafka-producer-network-thread | customer-service-producer-1] INFO  customer-service [o.apache.kafka.clients.NetworkClient] - [Producer clientId=customer-service-producer-1] Node -1 disconnected.
2026-08-28 20:14:05.294 [kafka-producer-network-thread | customer-service-producer-1] WARN  customer-service [o.apache.kafka.clients.NetworkClient] - [Producer clientId=customer-service-producer-1] Connection to node -1 (localhost/127.0.0.1:9092) could not be established. Node may not be available.
2026-08-28 20:14:05.311 [kafka-producer-network-thread | customer-service-producer-1] WARN  customer-service [o.apache.kafka.clients.NetworkClient] - [Producer clientId=customer-service-producer-1] Bootstrap broker localhost:9092 (id: -1 rack: null) disconnected
2026-08-28 20:14:06.285 [kafka-producer-network-thread | customer-service-producer-1] INFO  customer-service [o.apache.kafka.clients.NetworkClient] - [Producer clientId=customer-service-producer-1] Node -1 disconnected.
2026-08-28 20:14:06.285 [kafka-producer-network-thread | customer-service-producer-1] WARN  customer-service [o.apache.kafka.clients.NetworkClient] - [Producer clientId=customer-service-producer-1] Connection to node -1 (localhost/127.0.0.1:9092) could not be established. Node may not be available.
2026-08-28 20:14:06.285 [kafka-producer-network-thread | customer-service-producer-1] WARN  customer-service [o.apache.kafka.clients.NetworkClient] - [Producer clientId=customer-service-producer-1] Bootstrap broker localhost:9092 (id: -1 rack: null) disconnected
2026-08-28 20:14:07.244 [kafka-producer-network-thread | customer-service-producer-1] INFO  customer-service [o.apache.kafka.clients.NetworkClient] - [Producer clientId=customer-service-producer-1] Node -1 disconnected.
2026-08-28 20:14:07.244 [kafka-producer-network-thread | customer-service-producer-1] WARN  customer-service [o.apache.kafka.clients.NetworkClient] - [Producer clientId=customer-service-producer-1] Connection to node -1 (localhost/127.0.0.1:9092) could not be established. Node may not be available.
2026-08-28 20:14:07.244 [kafka-producer-network-thread | customer-service-producer-1] WARN  customer-service [o.apache.kafka.clients.NetworkClient] - [Producer clientId=customer-service-producer-1] Bootstrap broker localhost:9092 (id: -1 rack: null) disconnected
2026-08-28 20:14:08.100 [kafka-producer-network-thread | customer-service-producer-1] INFO  customer-service [o.apache.kafka.clients.NetworkClient] - [Producer clientId=customer-service-producer-1] Node -1 disconnected.
2026-08-28 20:14:08.100 [kafka-producer-network-thread | customer-service-producer-1] WARN  customer-service [o.apache.kafka.clients.NetworkClient] - [Producer clientId=customer-service-producer-1] Connection to node -1 (localhost/127.0.0.1:9092) could not be established. Node may not be available.
2026-08-28 20:14:08.100 [kafka-producer-network-thread | customer-service-producer-1] WARN  customer-service [o.apache.kafka.clients.NetworkClient] - [Producer clientId=customer-service-producer-1] Bootstrap broker localhost:9092 (id: -1 rack: null) disconnected
2026-08-28 20:14:09.080 [kafka-producer-network-thread | customer-service-producer-1] INFO  customer-service [o.apache.kafka.clients.NetworkClient] - [Producer clientId=customer-service-producer-1] Node -1 disconnected.
2026-08-28 20:14:09.081 [kafka-producer-network-thread | customer-service-producer-1] WARN  customer-service [o.apache.kafka.clients.NetworkClient] - [Producer clientId=customer-service-producer-1] Connection to node -1 (localhost/127.0.0.1:9092) could not be established. Node may not be available.
2026-08-28 20:14:09.081 [kafka-producer-network-thread | customer-service-producer-1] WARN  customer-service [o.apache.kafka.clients.NetworkClient] - [Producer clientId=customer-service-producer-1] Bootstrap broker localhost:9092 (id: -1 rack: null) disconnected
2026-08-28 20:14:10.020 [kafka-producer-network-thread | customer-service-producer-1] INFO  customer-service [o.apache.kafka.clients.NetworkClient] - [Producer clientId=customer-service-producer-1] Node -1 disconnected.
2026-08-28 20:14:10.020 [kafka-producer-network-thread | customer-service-producer-1] WARN  customer-service [o.apache.kafka.clients.NetworkClient] - [Producer clientId=customer-service-producer-1] Connection to node -1 (localhost/127.0.0.1:9092) could not be established. Node may not be available.
2026-08-28 20:14:10.020 [kafka-producer-network-thread | customer-service-producer-1] WARN  customer-service [o.apache.kafka.clients.NetworkClient] - [Producer clientId=customer-service-producer-1] Bootstrap broker localhost:9092 (id: -1 rack: null) disconnected
2026-08-28 20:14:11.028 [kafka-producer-network-thread | customer-service-producer-1] INFO  customer-service [o.apache.kafka.clients.NetworkClient] - [Producer clientId=customer-service-producer-1] Node -1 disconnected.
2026-08-28 20:14:11.028 [kafka-producer-network-thread | customer-service-producer-1] WARN  customer-service [o.apache.kafka.clients.NetworkClient] - [Producer clientId=customer-service-producer-1] Connection to node -1 (localhost/127.0.0.1:9092) could not be established. Node may not be available.
2026-08-28 20:14:11.028 [kafka-producer-network-thread | customer-service-producer-1] WARN  customer-service [o.apache.kafka.clients.NetworkClient] - [Producer clientId=customer-service-producer-1] Bootstrap broker localhost:9092 (id: -1 rack: null) disconnected
2026-08-28 20:14:11.884 [kafka-producer-network-thread | customer-service-producer-1] INFO  customer-service [o.apache.kafka.clients.NetworkClient] - [Producer clientId=customer-service-producer-1] Node -1 disconnected.
2026-08-28 20:14:11.884 [kafka-producer-network-thread | customer-service-producer-1] WARN  customer-service [o.apache.kafka.clients.NetworkClient] - [Producer clientId=customer-service-producer-1] Connection to node -1 (localhost/127.0.0.1:9092) could not be established. Node may not be available.
2026-08-28 20:14:11.884 [kafka-producer-network-thread | customer-service-producer-1] WARN  customer-service [o.apache.kafka.clients.NetworkClient] - [Producer clientId=customer-service-producer-1] Bootstrap broker localhost:9092 (id: -1 rack: null) disconnected
2026-08-28 20:14:12.934 [kafka-producer-network-thread | customer-service-producer-1] INFO  customer-service [o.apache.kafka.clients.NetworkClient] - [Producer clientId=customer-service-producer-1] Node -1 disconnected.
2026-08-28 20:14:12.934 [kafka-producer-network-thread | customer-service-producer-1] WARN  customer-service [o.apache.kafka.clients.NetworkClient] - [Producer clientId=customer-service-producer-1] Connection to node -1 (localhost/127.0.0.1:9092) could not be established. Node may not be available.
2026-08-28 20:14:12.934 [kafka-producer-network-thread | customer-service-producer-1] WARN  customer-service [o.apache.kafka.clients.NetworkClient] - [Producer clientId=customer-service-producer-1] Bootstrap broker localhost:9092 (id: -1 rack: null) disconnected
2026-08-28 20:14:13.945 [kafka-producer-network-thread | customer-service-producer-1] INFO  customer-service [o.apache.kafka.clients.NetworkClient] - [Producer clientId=customer-service-producer-1] Node -1 disconnected.
2026-08-28 20:14:13.945 [kafka-producer-network-thread | customer-service-producer-1] WARN  customer-service [o.apache.kafka.clients.NetworkClient] - [Producer clientId=customer-service-producer-1] Connection to node -1 (localhost/127.0.0.1:9092) could not be established. Node may not be available.
2026-08-28 20:14:13.946 [kafka-producer-network-thread | customer-service-producer-1] WARN  customer-service [o.apache.kafka.clients.NetworkClient] - [Producer clientId=customer-service-producer-1] Bootstrap broker localhost:9092 (id: -1 rack: null) disconnected
2026-08-28 20:14:14.957 [kafka-producer-network-thread | customer-service-producer-1] INFO  customer-service [o.apache.kafka.clients.NetworkClient] - [Producer clientId=customer-service-producer-1] Node -1 disconnected.
2026-08-28 20:14:14.959 [kafka-producer-network-thread | customer-service-producer-1] WARN  customer-service [o.apache.kafka.clients.NetworkClient] - [Producer clientId=customer-service-producer-1] Connection to node -1 (localhost/127.0.0.1:9092) could not be established. Node may not be available.
2026-08-28 20:14:14.959 [kafka-producer-network-thread | customer-service-producer-1] WARN  customer-service [o.apache.kafka.clients.NetworkClient] - [Producer clientId=customer-service-producer-1] Bootstrap broker localhost:9092 (id: -1 rack: null) disconnected
2026-08-28 20:14:15.867 [kafka-producer-network-thread | customer-service-producer-1] INFO  customer-service [o.apache.kafka.clients.NetworkClient] - [Producer clientId=customer-service-producer-1] Node -1 disconnected.
2026-08-28 20:14:15.867 [kafka-producer-network-thread | customer-service-producer-1] WARN  customer-service [o.apache.kafka.clients.NetworkClient] - [Producer clientId=customer-service-producer-1] Connection to node -1 (localhost/127.0.0.1:9092) could not be established. Node may not be available.
2026-08-28 20:14:15.867 [kafka-producer-network-thread | customer-service-producer-1] WARN  customer-service [o.apache.kafka.clients.NetworkClient] - [Producer clientId=customer-service-producer-1] Bootstrap broker localhost:9092 (id: -1 rack: null) disconnected
2026-08-28 20:14:16.876 [kafka-producer-network-thread | customer-service-producer-1] INFO  customer-service [o.apache.kafka.clients.NetworkClient] - [Producer clientId=customer-service-producer-1] Node -1 disconnected.
2026-08-28 20:14:16.876 [kafka-producer-network-thread | customer-service-producer-1] WARN  customer-service [o.apache.kafka.clients.NetworkClient] - [Producer clientId=customer-service-producer-1] Connection to node -1 (localhost/127.0.0.1:9092) could not be established. Node may not be available.
2026-08-28 20:14:16.876 [kafka-producer-network-thread | customer-service-producer-1] WARN  customer-service [o.apache.kafka.clients.NetworkClient] - [Producer clientId=customer-service-producer-1] Bootstrap broker localhost:9092 (id: -1 rack: null) disconnected
2026-08-28 20:14:17.764 [kafka-producer-network-thread | customer-service-producer-1] INFO  customer-service [o.apache.kafka.clients.NetworkClient] - [Producer clientId=customer-service-producer-1] Node -1 disconnected.
2026-08-28 20:14:17.764 [kafka-producer-network-thread | customer-service-producer-1] WARN  customer-service [o.apache.kafka.clients.NetworkClient] - [Producer clientId=customer-service-producer-1] Connection to node -1 (localhost/127.0.0.1:9092) could not be established. Node may not be available.
2026-08-28 20:14:17.764 [kafka-producer-network-thread | customer-service-producer-1] WARN  customer-service [o.apache.kafka.clients.NetworkClient] - [Producer clientId=customer-service-producer-1] Bootstrap broker localhost:9092 (id: -1 rack: null) disconnected
2026-08-28 20:14:18.620 [kafka-producer-network-thread | customer-service-producer-1] INFO  customer-service [o.apache.kafka.clients.NetworkClient] - [Producer clientId=customer-service-producer-1] Node -1 disconnected.
2026-08-28 20:14:18.620 [kafka-producer-network-thread | customer-service-producer-1] WARN  customer-service [o.apache.kafka.clients.NetworkClient] - [Producer clientId=customer-service-producer-1] Connection to node -1 (localhost/127.0.0.1:9092) could not be established. Node may not be available.
2026-08-28 20:14:18.621 [kafka-producer-network-thread | customer-service-producer-1] WARN  customer-service [o.apache.kafka.clients.NetworkClient] - [Producer clientId=customer-service-producer-1] Bootstrap broker localhost:9092 (id: -1 rack: null) disconnected
2026-08-28 20:14:19.533 [kafka-producer-network-thread | customer-service-producer-1] INFO  customer-service [o.apache.kafka.clients.NetworkClient] - [Producer clientId=customer-service-producer-1] Node -1 disconnected.
2026-08-28 20:14:19.533 [kafka-producer-network-thread | customer-service-producer-1] WARN  customer-service [o.apache.kafka.clients.NetworkClient] - [Producer clientId=customer-service-producer-1] Connection to node -1 (localhost/127.0.0.1:9092) could not be established. Node may not be available.
2026-08-28 20:14:19.533 [kafka-producer-network-thread | customer-service-producer-1] WARN  customer-service [o.apache.kafka.clients.NetworkClient] - [Producer clientId=customer-service-producer-1] Bootstrap broker localhost:9092 (id: -1 rack: null) disconnected
2026-08-28 20:14:20.544 [kafka-producer-network-thread | customer-service-producer-1] INFO  customer-service [o.apache.kafka.clients.NetworkClient] - [Producer clientId=customer-service-producer-1] Node -1 disconnected.
2026-08-28 20:14:20.544 [kafka-producer-network-thread | customer-service-producer-1] WARN  customer-service [o.apache.kafka.clients.NetworkClient] - [Producer clientId=customer-service-producer-1] Connection to node -1 (localhost/127.0.0.1:9092) could not be established. Node may not be available.
2026-08-28 20:14:20.544 [kafka-producer-network-thread | customer-service-producer-1] WARN  customer-service [o.apache.kafka.clients.NetworkClient] - [Producer clientId=customer-service-producer-1] Bootstrap broker localhost:9092 (id: -1 rack: null) disconnected
2026-08-28 20:14:21.545 [kafka-producer-network-thread | customer-service-producer-1] INFO  customer-service [o.apache.kafka.clients.NetworkClient] - [Producer clientId=customer-service-producer-1] Node -1 disconnected.
2026-08-28 20:14:21.546 [kafka-producer-network-thread | customer-service-producer-1] WARN  customer-service [o.apache.kafka.clients.NetworkClient] - [Producer clientId=customer-service-producer-1] Connection to node -1 (localhost/127.0.0.1:9092) could not be established. Node may not be available.
2026-08-28 20:14:21.546 [kafka-producer-network-thread | customer-service-producer-1] WARN  customer-service [o.apache.kafka.clients.NetworkClient] - [Producer clientId=customer-service-producer-1] Bootstrap broker localhost:9092 (id: -1 rack: null) disconnected
2026-08-28 20:14:22.571 [kafka-producer-network-thread | customer-service-producer-1] INFO  customer-service [o.apache.kafka.clients.NetworkClient] - [Producer clientId=customer-service-producer-1] Node -1 disconnected.
2026-08-28 20:14:22.571 [kafka-producer-network-thread | customer-service-producer-1] WARN  customer-service [o.apache.kafka.clients.NetworkClient] - [Producer clientId=customer-service-producer-1] Connection to node -1 (localhost/127.0.0.1:9092) could not be established. Node may not be available.
2026-08-28 20:14:22.571 [kafka-producer-network-thread | customer-service-producer-1] WARN  customer-service [o.apache.kafka.clients.NetworkClient] - [Producer clientId=customer-service-producer-1] Bootstrap broker localhost:9092 (id: -1 rack: null) disconnected
2026-08-28 20:14:23.493 [kafka-producer-network-thread | customer-service-producer-1] INFO  customer-service [o.apache.kafka.clients.NetworkClient] - [Producer clientId=customer-service-producer-1] Node -1 disconnected.
2026-08-28 20:14:23.494 [kafka-producer-network-thread | customer-service-producer-1] WARN  customer-service [o.apache.kafka.clients.NetworkClient] - [Producer clientId=customer-service-producer-1] Connection to node -1 (localhost/127.0.0.1:9092) could not be established. Node may not be available.
2026-08-28 20:14:23.494 [kafka-producer-network-thread | customer-service-producer-1] WARN  customer-service [o.apache.kafka.clients.NetworkClient] - [Producer clientId=customer-service-producer-1] Bootstrap broker localhost:9092 (id: -1 rack: null) disconnected
2026-08-28 20:14:24.495 [kafka-producer-network-thread | customer-service-producer-1] INFO  customer-service [o.apache.kafka.clients.NetworkClient] - [Producer clientId=customer-service-producer-1] Node -1 disconnected.
2026-08-28 20:14:24.495 [kafka-producer-network-thread | customer-service-producer-1] WARN  customer-service [o.apache.kafka.clients.NetworkClient] - [Producer clientId=customer-service-producer-1] Connection to node -1 (localhost/127.0.0.1:9092) could not be established. Node may not be available.
2026-08-28 20:14:24.495 [kafka-producer-network-thread | customer-service-producer-1] WARN  customer-service [o.apache.kafka.clients.NetworkClient] - [Producer clientId=customer-service-producer-1] Bootstrap broker localhost:9092 (id: -1 rack: null) disconnected
2026-08-28 20:14:25.434 [kafka-producer-network-thread | customer-service-producer-1] INFO  customer-service [o.apache.kafka.clients.NetworkClient] - [Producer clientId=customer-service-producer-1] Node -1 disconnected.
2026-08-28 20:14:25.434 [kafka-producer-network-thread | customer-service-producer-1] WARN  customer-service [o.apache.kafka.clients.NetworkClient] - [Producer clientId=customer-service-producer-1] Connection to node -1 (localhost/127.0.0.1:9092) could not be established. Node may not be available.
2026-08-28 20:14:25.434 [kafka-producer-network-thread | customer-service-producer-1] WARN  customer-service [o.apache.kafka.clients.NetworkClient] - [Producer clientId=customer-service-producer-1] Bootstrap broker localhost:9092 (id: -1 rack: null) disconnected
2026-08-28 20:14:26.347 [kafka-producer-network-thread | customer-service-producer-1] INFO  customer-service [o.apache.kafka.clients.NetworkClient] - [Producer clientId=customer-service-producer-1] Node -1 disconnected.
2026-08-28 20:14:26.347 [kafka-producer-network-thread | customer-service-producer-1] WARN  customer-service [o.apache.kafka.clients.NetworkClient] - [Producer clientId=customer-service-producer-1] Connection to node -1 (localhost/127.0.0.1:9092) could not be established. Node may not be available.
2026-08-28 20:14:26.347 [kafka-producer-network-thread | customer-service-producer-1] WARN  customer-service [o.apache.kafka.clients.NetworkClient] - [Producer clientId=customer-service-producer-1] Bootstrap broker localhost:9092 (id: -1 rack: null) disconnected
2026-08-28 20:14:27.304 [kafka-producer-network-thread | customer-service-producer-1] INFO  customer-service [o.apache.kafka.clients.NetworkClient] - [Producer clientId=customer-service-producer-1] Node -1 disconnected.
2026-08-28 20:14:27.304 [kafka-producer-network-thread | customer-service-producer-1] WARN  customer-service [o.apache.kafka.clients.NetworkClient] - [Producer clientId=customer-service-producer-1] Connection to node -1 (localhost/127.0.0.1:9092) could not be established. Node may not be available.
2026-08-28 20:14:27.304 [kafka-producer-network-thread | customer-service-producer-1] WARN  customer-service [o.apache.kafka.clients.NetworkClient] - [Producer clientId=customer-service-producer-1] Bootstrap broker localhost:9092 (id: -1 rack: null) disconnected
2026-08-28 20:14:28.319 [kafka-producer-network-thread | customer-service-producer-1] INFO  customer-service [o.apache.kafka.clients.NetworkClient] - [Producer clientId=customer-service-producer-1] Node -1 disconnected.
2026-08-28 20:14:28.319 [kafka-producer-network-thread | customer-service-producer-1] WARN  customer-service [o.apache.kafka.clients.NetworkClient] - [Producer clientId=customer-service-producer-1] Connection to node -1 (localhost/127.0.0.1:9092) could not be established. Node may not be available.
2026-08-28 20:14:28.319 [kafka-producer-network-thread | customer-service-producer-1] WARN  customer-service [o.apache.kafka.clients.NetworkClient] - [Producer clientId=customer-service-producer-1] Bootstrap broker localhost:9092 (id: -1 rack: null) disconnected
2026-08-28 20:14:29.320 [kafka-producer-network-thread | customer-service-producer-1] INFO  customer-service [o.apache.kafka.clients.NetworkClient] - [Producer clientId=customer-service-producer-1] Node -1 disconnected.
2026-08-28 20:14:29.320 [kafka-producer-network-thread | customer-service-producer-1] WARN  customer-service [o.apache.kafka.clients.NetworkClient] - [Producer clientId=customer-service-producer-1] Connection to node -1 (localhost/127.0.0.1:9092) could not be established. Node may not be available.
2026-08-28 20:14:29.320 [kafka-producer-network-thread | customer-service-producer-1] WARN  customer-service [o.apache.kafka.clients.NetworkClient] - [Producer clientId=customer-service-producer-1] Bootstrap broker localhost:9092 (id: -1 rack: null) disconnected
2026-08-28 20:14:30.321 [kafka-producer-network-thread | customer-service-producer-1] INFO  customer-service [o.apache.kafka.clients.NetworkClient] - [Producer clientId=customer-service-producer-1] Node -1 disconnected.
2026-08-28 20:14:30.321 [kafka-producer-network-thread | customer-service-producer-1] WARN  customer-service [o.apache.kafka.clients.NetworkClient] - [Producer clientId=customer-service-producer-1] Connection to node -1 (localhost/127.0.0.1:9092) could not be established. Node may not be available.
2026-08-28 20:14:30.321 [kafka-producer-network-thread | customer-service-producer-1] WARN  customer-service [o.apache.kafka.clients.NetworkClient] - [Producer clientId=customer-service-producer-1] Bootstrap broker localhost:9092 (id: -1 rack: null) disconnected
2026-08-28 20:14:31.181 [kafka-producer-network-thread | customer-service-producer-1] INFO  customer-service [o.apache.kafka.clients.NetworkClient] - [Producer clientId=customer-service-producer-1] Node -1 disconnected.
2026-08-28 20:14:31.181 [kafka-producer-network-thread | customer-service-producer-1] WARN  customer-service [o.apache.kafka.clients.NetworkClient] - [Producer clientId=customer-service-producer-1] Connection to node -1 (localhost/127.0.0.1:9092) could not be established. Node may not be available.
2026-08-28 20:14:31.181 [kafka-producer-network-thread | customer-service-producer-1] WARN  customer-service [o.apache.kafka.clients.NetworkClient] - [Producer clientId=customer-service-producer-1] Bootstrap broker localhost:9092 (id: -1 rack: null) disconnected
2026-08-28 20:14:32.229 [kafka-producer-network-thread | customer-service-producer-1] INFO  customer-service [o.apache.kafka.clients.NetworkClient] - [Producer clientId=customer-service-producer-1] Node -1 disconnected.
2026-08-28 20:14:32.230 [kafka-producer-network-thread | customer-service-producer-1] WARN  customer-service [o.apache.kafka.clients.NetworkClient] - [Producer clientId=customer-service-producer-1] Connection to node -1 (localhost/127.0.0.1:9092) could not be established. Node may not be available.
2026-08-28 20:14:32.230 [kafka-producer-network-thread | customer-service-producer-1] WARN  customer-service [o.apache.kafka.clients.NetworkClient] - [Producer clientId=customer-service-producer-1] Bootstrap broker localhost:9092 (id: -1 rack: null) disconnected
2026-08-28 20:14:33.235 [kafka-producer-network-thread | customer-service-producer-1] INFO  customer-service [o.apache.kafka.clients.NetworkClient] - [Producer clientId=customer-service-producer-1] Node -1 disconnected.
2026-08-28 20:14:33.242 [kafka-producer-network-thread | customer-service-producer-1] WARN  customer-service [o.apache.kafka.clients.NetworkClient] - [Producer clientId=customer-service-producer-1] Connection to node -1 (localhost/127.0.0.1:9092) could not be established. Node may not be available.
2026-08-28 20:14:33.243 [kafka-producer-network-thread | customer-service-producer-1] WARN  customer-service [o.apache.kafka.clients.NetworkClient] - [Producer clientId=customer-service-producer-1] Bootstrap broker localhost:9092 (id: -1 rack: null) disconnected
2026-08-28 20:14:34.237 [kafka-producer-network-thread | customer-service-producer-1] INFO  customer-service [o.apache.kafka.clients.NetworkClient] - [Producer clientId=customer-service-producer-1] Node -1 disconnected.
2026-08-28 20:14:34.237 [kafka-producer-network-thread | customer-service-producer-1] WARN  customer-service [o.apache.kafka.clients.NetworkClient] - [Producer clientId=customer-service-producer-1] Connection to node -1 (localhost/127.0.0.1:9092) could not be established. Node may not be available.
2026-08-28 20:14:34.237 [kafka-producer-network-thread | customer-service-producer-1] WARN  customer-service [o.apache.kafka.clients.NetworkClient] - [Producer clientId=customer-service-producer-1] Bootstrap broker localhost:9092 (id: -1 rack: null) disconnected
2026-08-28 20:14:35.096 [kafka-producer-network-thread | customer-service-producer-1] INFO  customer-service [o.apache.kafka.clients.NetworkClient] - [Producer clientId=customer-service-producer-1] Node -1 disconnected.
2026-08-28 20:14:35.096 [kafka-producer-network-thread | customer-service-producer-1] WARN  customer-service [o.apache.kafka.clients.NetworkClient] - [Producer clientId=customer-service-producer-1] Connection to node -1 (localhost/127.0.0.1:9092) could not be established. Node may not be available.
2026-08-28 20:14:35.096 [kafka-producer-network-thread | customer-service-producer-1] WARN  customer-service [o.apache.kafka.clients.NetworkClient] - [Producer clientId=customer-service-producer-1] Bootstrap broker localhost:9092 (id: -1 rack: null) disconnected
2026-08-28 20:14:36.147 [kafka-producer-network-thread | customer-service-producer-1] INFO  customer-service [o.apache.kafka.clients.NetworkClient] - [Producer clientId=customer-service-producer-1] Node -1 disconnected.
2026-08-28 20:14:36.148 [kafka-producer-network-thread | customer-service-producer-1] WARN  customer-service [o.apache.kafka.clients.NetworkClient] - [Producer clientId=customer-service-producer-1] Connection to node -1 (localhost/127.0.0.1:9092) could not be established. Node may not be available.
2026-08-28 20:14:36.148 [kafka-producer-network-thread | customer-service-producer-1] WARN  customer-service [o.apache.kafka.clients.NetworkClient] - [Producer clientId=customer-service-producer-1] Bootstrap broker localhost:9092 (id: -1 rack: null) disconnected
2026-08-28 20:14:37.106 [kafka-producer-network-thread | customer-service-producer-1] INFO  customer-service [o.apache.kafka.clients.NetworkClient] - [Producer clientId=customer-service-producer-1] Node -1 disconnected.
2026-08-28 20:14:37.106 [kafka-producer-network-thread | customer-service-producer-1] WARN  customer-service [o.apache.kafka.clients.NetworkClient] - [Producer clientId=customer-service-producer-1] Connection to node -1 (localhost/127.0.0.1:9092) could not be established. Node may not be available.
2026-08-28 20:14:37.106 [kafka-producer-network-thread | customer-service-producer-1] WARN  customer-service [o.apache.kafka.clients.NetworkClient] - [Producer clientId=customer-service-producer-1] Bootstrap broker localhost:9092 (id: -1 rack: null) disconnected
2026-08-28 20:14:38.014 [kafka-producer-network-thread | customer-service-producer-1] INFO  customer-service [o.apache.kafka.clients.NetworkClient] - [Producer clientId=customer-service-producer-1] Node -1 disconnected.
2026-08-28 20:14:38.014 [kafka-producer-network-thread | customer-service-producer-1] WARN  customer-service [o.apache.kafka.clients.NetworkClient] - [Producer clientId=customer-service-producer-1] Connection to node -1 (localhost/127.0.0.1:9092) could not be established. Node may not be available.
2026-08-28 20:14:38.014 [kafka-producer-network-thread | customer-service-producer-1] WARN  customer-service [o.apache.kafka.clients.NetworkClient] - [Producer clientId=customer-service-producer-1] Bootstrap broker localhost:9092 (id: -1 rack: null) disconnected
2026-08-28 20:14:38.876 [kafka-producer-network-thread | customer-service-producer-1] INFO  customer-service [o.apache.kafka.clients.NetworkClient] - [Producer clientId=customer-service-producer-1] Node -1 disconnected.
2026-08-28 20:14:38.876 [kafka-producer-network-thread | customer-service-producer-1] WARN  customer-service [o.apache.kafka.clients.NetworkClient] - [Producer clientId=customer-service-producer-1] Connection to node -1 (localhost/127.0.0.1:9092) could not be established. Node may not be available.
2026-08-28 20:14:38.876 [kafka-producer-network-thread | customer-service-producer-1] WARN  customer-service [o.apache.kafka.clients.NetworkClient] - [Producer clientId=customer-service-producer-1] Bootstrap broker localhost:9092 (id: -1 rack: null) disconnected
2026-08-28 20:14:39.820 [kafka-producer-network-thread | customer-service-producer-1] INFO  customer-service [o.apache.kafka.clients.NetworkClient] - [Producer clientId=customer-service-producer-1] Node -1 disconnected.
2026-08-28 20:14:39.820 [kafka-producer-network-thread | customer-service-producer-1] WARN  customer-service [o.apache.kafka.clients.NetworkClient] - [Producer clientId=customer-service-producer-1] Connection to node -1 (localhost/127.0.0.1:9092) could not be established. Node may not be available.
2026-08-28 20:14:39.820 [kafka-producer-network-thread | customer-service-producer-1] WARN  customer-service [o.apache.kafka.clients.NetworkClient] - [Producer clientId=customer-service-producer-1] Bootstrap broker localhost:9092 (id: -1 rack: null) disconnected
2026-08-28 20:14:40.735 [kafka-producer-network-thread | customer-service-producer-1] INFO  customer-service [o.apache.kafka.clients.NetworkClient] - [Producer clientId=customer-service-producer-1] Node -1 disconnected.
2026-08-28 20:14:40.735 [kafka-producer-network-thread | customer-service-producer-1] WARN  customer-service [o.apache.kafka.clients.NetworkClient] - [Producer clientId=customer-service-producer-1] Connection to node -1 (localhost/127.0.0.1:9092) could not be established. Node may not be available.
2026-08-28 20:14:40.735 [kafka-producer-network-thread | customer-service-producer-1] WARN  customer-service [o.apache.kafka.clients.NetworkClient] - [Producer clientId=customer-service-producer-1] Bootstrap broker localhost:9092 (id: -1 rack: null) disconnected
2026-08-28 20:14:41.642 [kafka-producer-network-thread | customer-service-producer-1] INFO  customer-service [o.apache.kafka.clients.NetworkClient] - [Producer clientId=customer-service-producer-1] Node -1 disconnected.
2026-08-28 20:14:41.643 [kafka-producer-network-thread | customer-service-producer-1] WARN  customer-service [o.apache.kafka.clients.NetworkClient] - [Producer clientId=customer-service-producer-1] Connection to node -1 (localhost/127.0.0.1:9092) could not be established. Node may not be available.
2026-08-28 20:14:41.643 [kafka-producer-network-thread | customer-service-producer-1] WARN  customer-service [o.apache.kafka.clients.NetworkClient] - [Producer clientId=customer-service-producer-1] Bootstrap broker localhost:9092 (id: -1 rack: null) disconnected
2026-08-28 20:14:42.550 [kafka-producer-network-thread | customer-service-producer-1] INFO  customer-service [o.apache.kafka.clients.NetworkClient] - [Producer clientId=customer-service-producer-1] Node -1 disconnected.
2026-08-28 20:14:42.550 [kafka-producer-network-thread | customer-service-producer-1] WARN  customer-service [o.apache.kafka.clients.NetworkClient] - [Producer clientId=customer-service-producer-1] Connection to node -1 (localhost/127.0.0.1:9092) could not be established. Node may not be available.
2026-08-28 20:14:42.550 [kafka-producer-network-thread | customer-service-producer-1] WARN  customer-service [o.apache.kafka.clients.NetworkClient] - [Producer clientId=customer-service-producer-1] Bootstrap broker localhost:9092 (id: -1 rack: null) disconnected
2026-08-28 20:14:43.465 [kafka-producer-network-thread | customer-service-producer-1] INFO  customer-service [o.apache.kafka.clients.NetworkClient] - [Producer clientId=customer-service-producer-1] Node -1 disconnected.
2026-08-28 20:14:43.468 [kafka-producer-network-thread | customer-service-producer-1] WARN  customer-service [o.apache.kafka.clients.NetworkClient] - [Producer clientId=customer-service-producer-1] Connection to node -1 (localhost/127.0.0.1:9092) could not be established. Node may not be available.
2026-08-28 20:14:43.468 [kafka-producer-network-thread | customer-service-producer-1] WARN  customer-service [o.apache.kafka.clients.NetworkClient] - [Producer clientId=customer-service-producer-1] Bootstrap broker localhost:9092 (id: -1 rack: null) disconnected
2026-08-28 20:14:44.377 [kafka-producer-network-thread | customer-service-producer-1] INFO  customer-service [o.apache.kafka.clients.NetworkClient] - [Producer clientId=customer-service-producer-1] Node -1 disconnected.
2026-08-28 20:14:44.377 [kafka-producer-network-thread | customer-service-producer-1] WARN  customer-service [o.apache.kafka.clients.NetworkClient] - [Producer clientId=customer-service-producer-1] Connection to node -1 (localhost/127.0.0.1:9092) could not be established. Node may not be available.
2026-08-28 20:14:44.377 [kafka-producer-network-thread | customer-service-producer-1] WARN  customer-service [o.apache.kafka.clients.NetworkClient] - [Producer clientId=customer-service-producer-1] Bootstrap broker localhost:9092 (id: -1 rack: null) disconnected
2026-08-28 20:14:45.385 [kafka-producer-network-thread | customer-service-producer-1] INFO  customer-service [o.apache.kafka.clients.NetworkClient] - [Producer clientId=customer-service-producer-1] Node -1 disconnected.
2026-08-28 20:14:45.386 [kafka-producer-network-thread | customer-service-producer-1] WARN  customer-service [o.apache.kafka.clients.NetworkClient] - [Producer clientId=customer-service-producer-1] Connection to node -1 (localhost/127.0.0.1:9092) could not be established. Node may not be available.
2026-08-28 20:14:45.386 [kafka-producer-network-thread | customer-service-producer-1] WARN  customer-service [o.apache.kafka.clients.NetworkClient] - [Producer clientId=customer-service-producer-1] Bootstrap broker localhost:9092 (id: -1 rack: null) disconnected
2026-08-28 20:14:46.263 [kafka-producer-network-thread | customer-service-producer-1] INFO  customer-service [o.apache.kafka.clients.NetworkClient] - [Producer clientId=customer-service-producer-1] Node -1 disconnected.
2026-08-28 20:14:46.263 [kafka-producer-network-thread | customer-service-producer-1] WARN  customer-service [o.apache.kafka.clients.NetworkClient] - [Producer clientId=customer-service-producer-1] Connection to node -1 (localhost/127.0.0.1:9092) could not be established. Node may not be available.
2026-08-28 20:14:46.264 [kafka-producer-network-thread | customer-service-producer-1] WARN  customer-service [o.apache.kafka.clients.NetworkClient] - [Producer clientId=customer-service-producer-1] Bootstrap broker localhost:9092 (id: -1 rack: null) disconnected
2026-08-28 20:14:47.273 [kafka-producer-network-thread | customer-service-producer-1] INFO  customer-service [o.apache.kafka.clients.NetworkClient] - [Producer clientId=customer-service-producer-1] Node -1 disconnected.
2026-08-28 20:14:47.274 [kafka-producer-network-thread | customer-service-producer-1] WARN  customer-service [o.apache.kafka.clients.NetworkClient] - [Producer clientId=customer-service-producer-1] Connection to node -1 (localhost/127.0.0.1:9092) could not be established. Node may not be available.
2026-08-28 20:14:47.274 [kafka-producer-network-thread | customer-service-producer-1] WARN  customer-service [o.apache.kafka.clients.NetworkClient] - [Producer clientId=customer-service-producer-1] Bootstrap broker localhost:9092 (id: -1 rack: null) disconnected
2026-08-28 20:14:48.274 [kafka-producer-network-thread | customer-service-producer-1] INFO  customer-service [o.apache.kafka.clients.NetworkClient] - [Producer clientId=customer-service-producer-1] Node -1 disconnected.
2026-08-28 20:14:48.275 [kafka-producer-network-thread | customer-service-producer-1] WARN  customer-service [o.apache.kafka.clients.NetworkClient] - [Producer clientId=customer-service-producer-1] Connection to node -1 (localhost/127.0.0.1:9092) could not be established. Node may not be available.
2026-08-28 20:14:48.275 [kafka-producer-network-thread | customer-service-producer-1] WARN  customer-service [o.apache.kafka.clients.NetworkClient] - [Producer clientId=customer-service-producer-1] Bootstrap broker localhost:9092 (id: -1 rack: null) disconnected
2026-08-28 20:14:49.275 [kafka-producer-network-thread | customer-service-producer-1] INFO  customer-service [o.apache.kafka.clients.NetworkClient] - [Producer clientId=customer-service-producer-1] Node -1 disconnected.
2026-08-28 20:14:49.275 [kafka-producer-network-thread | customer-service-producer-1] WARN  customer-service [o.apache.kafka.clients.NetworkClient] - [Producer clientId=customer-service-producer-1] Connection to node -1 (localhost/127.0.0.1:9092) could not be established. Node may not be available.
2026-08-28 20:14:49.275 [kafka-producer-network-thread | customer-service-producer-1] WARN  customer-service [o.apache.kafka.clients.NetworkClient] - [Producer clientId=customer-service-producer-1] Bootstrap broker localhost:9092 (id: -1 rack: null) disconnected
2026-08-28 20:14:50.298 [kafka-producer-network-thread | customer-service-producer-1] INFO  customer-service [o.apache.kafka.clients.NetworkClient] - [Producer clientId=customer-service-producer-1] Node -1 disconnected.
2026-08-28 20:14:50.298 [kafka-producer-network-thread | customer-service-producer-1] WARN  customer-service [o.apache.kafka.clients.NetworkClient] - [Producer clientId=customer-service-producer-1] Connection to node -1 (localhost/127.0.0.1:9092) could not be established. Node may not be available.
2026-08-28 20:14:50.299 [kafka-producer-network-thread | customer-service-producer-1] WARN  customer-service [o.apache.kafka.clients.NetworkClient] - [Producer clientId=customer-service-producer-1] Bootstrap broker localhost:9092 (id: -1 rack: null) disconnected
2026-08-28 20:14:51.267 [kafka-producer-network-thread | customer-service-producer-1] INFO  customer-service [o.apache.kafka.clients.NetworkClient] - [Producer clientId=customer-service-producer-1] Node -1 disconnected.
2026-08-28 20:14:51.267 [kafka-producer-network-thread | customer-service-producer-1] WARN  customer-service [o.apache.kafka.clients.NetworkClient] - [Producer clientId=customer-service-producer-1] Connection to node -1 (localhost/127.0.0.1:9092) could not be established. Node may not be available.
2026-08-28 20:14:51.267 [kafka-producer-network-thread | customer-service-producer-1] WARN  customer-service [o.apache.kafka.clients.NetworkClient] - [Producer clientId=customer-service-producer-1] Bootstrap broker localhost:9092 (id: -1 rack: null) disconnected
2026-08-28 20:14:52.276 [kafka-producer-network-thread | customer-service-producer-1] INFO  customer-service [o.apache.kafka.clients.NetworkClient] - [Producer clientId=customer-service-producer-1] Node -1 disconnected.
2026-08-28 20:14:52.277 [kafka-producer-network-thread | customer-service-producer-1] WARN  customer-service [o.apache.kafka.clients.NetworkClient] - [Producer clientId=customer-service-producer-1] Connection to node -1 (localhost/127.0.0.1:9092) could not be established. Node may not be available.
2026-08-28 20:14:52.277 [kafka-producer-network-thread | customer-service-producer-1] WARN  customer-service [o.apache.kafka.clients.NetworkClient] - [Producer clientId=customer-service-producer-1] Bootstrap broker localhost:9092 (id: -1 rack: null) disconnected
2026-08-28 20:14:53.277 [kafka-producer-network-thread | customer-service-producer-1] INFO  customer-service [o.apache.kafka.clients.NetworkClient] - [Producer clientId=customer-service-producer-1] Node -1 disconnected.
2026-08-28 20:14:53.277 [kafka-producer-network-thread | customer-service-producer-1] WARN  customer-service [o.apache.kafka.clients.NetworkClient] - [Producer clientId=customer-service-producer-1] Connection to node -1 (localhost/127.0.0.1:9092) could not be established. Node may not be available.
2026-08-28 20:14:53.277 [kafka-producer-network-thread | customer-service-producer-1] WARN  customer-service [o.apache.kafka.clients.NetworkClient] - [Producer clientId=customer-service-producer-1] Bootstrap broker localhost:9092 (id: -1 rack: null) disconnected
2026-08-28 20:14:54.226 [kafka-producer-network-thread | customer-service-producer-1] INFO  customer-service [o.apache.kafka.clients.NetworkClient] - [Producer clientId=customer-service-producer-1] Node -1 disconnected.
2026-08-28 20:14:54.227 [kafka-producer-network-thread | customer-service-producer-1] WARN  customer-service [o.apache.kafka.clients.NetworkClient] - [Producer clientId=customer-service-producer-1] Connection to node -1 (localhost/127.0.0.1:9092) could not be established. Node may not be available.
2026-08-28 20:14:54.227 [kafka-producer-network-thread | customer-service-producer-1] WARN  customer-service [o.apache.kafka.clients.NetworkClient] - [Producer clientId=customer-service-producer-1] Bootstrap broker localhost:9092 (id: -1 rack: null) disconnected
2026-08-28 20:14:55.243 [kafka-producer-network-thread | customer-service-producer-1] INFO  customer-service [o.apache.kafka.clients.NetworkClient] - [Producer clientId=customer-service-producer-1] Node -1 disconnected.
2026-08-28 20:14:55.243 [kafka-producer-network-thread | customer-service-producer-1] WARN  customer-service [o.apache.kafka.clients.NetworkClient] - [Producer clientId=customer-service-producer-1] Connection to node -1 (localhost/127.0.0.1:9092) could not be established. Node may not be available.
2026-08-28 20:14:55.243 [kafka-producer-network-thread | customer-service-producer-1] WARN  customer-service [o.apache.kafka.clients.NetworkClient] - [Producer clientId=customer-service-producer-1] Bootstrap broker localhost:9092 (id: -1 rack: null) disconnected
2026-08-28 20:14:56.268 [kafka-producer-network-thread | customer-service-producer-1] INFO  customer-service [o.apache.kafka.clients.NetworkClient] - [Producer clientId=customer-service-producer-1] Node -1 disconnected.
2026-08-28 20:14:56.269 [kafka-producer-network-thread | customer-service-producer-1] WARN  customer-service [o.apache.kafka.clients.NetworkClient] - [Producer clientId=customer-service-producer-1] Connection to node -1 (localhost/127.0.0.1:9092) could not be established. Node may not be available.
2026-08-28 20:14:56.269 [kafka-producer-network-thread | customer-service-producer-1] WARN  customer-service [o.apache.kafka.clients.NetworkClient] - [Producer clientId=customer-service-producer-1] Bootstrap broker localhost:9092 (id: -1 rack: null) disconnected
2026-08-28 20:14:57.314 [kafka-producer-network-thread | customer-service-producer-1] INFO  customer-service [o.apache.kafka.clients.NetworkClient] - [Producer clientId=customer-service-producer-1] Node -1 disconnected.
2026-08-28 20:14:57.314 [kafka-producer-network-thread | customer-service-producer-1] WARN  customer-service [o.apache.kafka.clients.NetworkClient] - [Producer clientId=customer-service-producer-1] Connection to node -1 (localhost/127.0.0.1:9092) could not be established. Node may not be available.
2026-08-28 20:14:57.315 [kafka-producer-network-thread | customer-service-producer-1] WARN  customer-service [o.apache.kafka.clients.NetworkClient] - [Producer clientId=customer-service-producer-1] Bootstrap broker localhost:9092 (id: -1 rack: null) disconnected
2026-08-28 20:14:58.180 [kafka-producer-network-thread | customer-service-producer-1] INFO  customer-service [o.apache.kafka.clients.NetworkClient] - [Producer clientId=customer-service-producer-1] Node -1 disconnected.
2026-08-28 20:14:58.180 [kafka-producer-network-thread | customer-service-producer-1] WARN  customer-service [o.apache.kafka.clients.NetworkClient] - [Producer clientId=customer-service-producer-1] Connection to node -1 (localhost/127.0.0.1:9092) could not be established. Node may not be available.
2026-08-28 20:14:58.180 [kafka-producer-network-thread | customer-service-producer-1] WARN  customer-service [o.apache.kafka.clients.NetworkClient] - [Producer clientId=customer-service-producer-1] Bootstrap broker localhost:9092 (id: -1 rack: null) disconnected
2026-08-28 20:14:59.190 [kafka-producer-network-thread | customer-service-producer-1] INFO  customer-service [o.apache.kafka.clients.NetworkClient] - [Producer clientId=customer-service-producer-1] Node -1 disconnected.
2026-08-28 20:14:59.190 [kafka-producer-network-thread | customer-service-producer-1] WARN  customer-service [o.apache.kafka.clients.NetworkClient] - [Producer clientId=customer-service-producer-1] Connection to node -1 (localhost/127.0.0.1:9092) could not be established. Node may not be available.
2026-08-28 20:14:59.190 [kafka-producer-network-thread | customer-service-producer-1] WARN  customer-service [o.apache.kafka.clients.NetworkClient] - [Producer clientId=customer-service-producer-1] Bootstrap broker localhost:9092 (id: -1 rack: null) disconnected
2026-08-28 20:15:00.215 [kafka-producer-network-thread | customer-service-producer-1] INFO  customer-service [o.apache.kafka.clients.NetworkClient] - [Producer clientId=customer-service-producer-1] Node -1 disconnected.
2026-08-28 20:15:00.215 [kafka-producer-network-thread | customer-service-producer-1] WARN  customer-service [o.apache.kafka.clients.NetworkClient] - [Producer clientId=customer-service-producer-1] Connection to node -1 (localhost/127.0.0.1:9092) could not be established. Node may not be available.
2026-08-28 20:15:00.215 [kafka-producer-network-thread | customer-service-producer-1] WARN  customer-service [o.apache.kafka.clients.NetworkClient] - [Producer clientId=customer-service-producer-1] Bootstrap broker localhost:9092 (id: -1 rack: null) disconnected
2026-08-28 20:15:01.230 [kafka-producer-network-thread | customer-service-producer-1] INFO  customer-service [o.apache.kafka.clients.NetworkClient] - [Producer clientId=customer-service-producer-1] Node -1 disconnected.
2026-08-28 20:15:01.230 [kafka-producer-network-thread | customer-service-producer-1] WARN  customer-service [o.apache.kafka.clients.NetworkClient] - [Producer clientId=customer-service-producer-1] Connection to node -1 (localhost/127.0.0.1:9092) could not be established. Node may not be available.
2026-08-28 20:15:01.230 [kafka-producer-network-thread | customer-service-producer-1] WARN  customer-service [o.apache.kafka.clients.NetworkClient] - [Producer clientId=customer-service-producer-1] Bootstrap broker localhost:9092 (id: -1 rack: null) disconnected
2026-08-28 20:15:02.243 [kafka-producer-network-thread | customer-service-producer-1] INFO  customer-service [o.apache.kafka.clients.NetworkClient] - [Producer clientId=customer-service-producer-1] Node -1 disconnected.
2026-08-28 20:15:02.243 [kafka-producer-network-thread | customer-service-producer-1] WARN  customer-service [o.apache.kafka.clients.NetworkClient] - [Producer clientId=customer-service-producer-1] Connection to node -1 (localhost/127.0.0.1:9092) could not be established. Node may not be available.
2026-08-28 20:15:02.243 [kafka-producer-network-thread | customer-service-producer-1] WARN  customer-service [o.apache.kafka.clients.NetworkClient] - [Producer clientId=customer-service-producer-1] Bootstrap broker localhost:9092 (id: -1 rack: null) disconnected
2026-08-28 20:15:03.260 [kafka-producer-network-thread | customer-service-producer-1] INFO  customer-service [o.apache.kafka.clients.NetworkClient] - [Producer clientId=customer-service-producer-1] Node -1 disconnected.
2026-08-28 20:15:03.260 [kafka-producer-network-thread | customer-service-producer-1] WARN  customer-service [o.apache.kafka.clients.NetworkClient] - [Producer clientId=customer-service-producer-1] Connection to node -1 (localhost/127.0.0.1:9092) could not be established. Node may not be available.
2026-08-28 20:15:03.261 [kafka-producer-network-thread | customer-service-producer-1] WARN  customer-service [o.apache.kafka.clients.NetworkClient] - [Producer clientId=customer-service-producer-1] Bootstrap broker localhost:9092 (id: -1 rack: null) disconnected
2026-08-28 20:15:04.260 [kafka-producer-network-thread | customer-service-producer-1] INFO  customer-service [o.apache.kafka.clients.NetworkClient] - [Producer clientId=customer-service-producer-1] Node -1 disconnected.
2026-08-28 20:15:04.260 [kafka-producer-network-thread | customer-service-producer-1] WARN  customer-service [o.apache.kafka.clients.NetworkClient] - [Producer clientId=customer-service-producer-1] Connection to node -1 (localhost/127.0.0.1:9092) could not be established. Node may not be available.
2026-08-28 20:15:04.260 [kafka-producer-network-thread | customer-service-producer-1] WARN  customer-service [o.apache.kafka.clients.NetworkClient] - [Producer clientId=customer-service-producer-1] Bootstrap broker localhost:9092 (id: -1 rack: null) disconnected
2026-08-28 20:15:05.067 [kafka-producer-network-thread | customer-service-producer-1] INFO  customer-service [o.apache.kafka.clients.NetworkClient] - [Producer clientId=customer-service-producer-1] Node -1 disconnected.
2026-08-28 20:15:05.067 [kafka-producer-network-thread | customer-service-producer-1] WARN  customer-service [o.apache.kafka.clients.NetworkClient] - [Producer clientId=customer-service-producer-1] Connection to node -1 (localhost/127.0.0.1:9092) could not be established. Node may not be available.
2026-08-28 20:15:05.067 [kafka-producer-network-thread | customer-service-producer-1] WARN  customer-service [o.apache.kafka.clients.NetworkClient] - [Producer clientId=customer-service-producer-1] Bootstrap broker localhost:9092 (id: -1 rack: null) disconnected
2026-08-28 20:15:05.937 [kafka-producer-network-thread | customer-service-producer-1] INFO  customer-service [o.apache.kafka.clients.NetworkClient] - [Producer clientId=customer-service-producer-1] Node -1 disconnected.
2026-08-28 20:15:05.937 [kafka-producer-network-thread | customer-service-producer-1] WARN  customer-service [o.apache.kafka.clients.NetworkClient] - [Producer clientId=customer-service-producer-1] Connection to node -1 (localhost/127.0.0.1:9092) could not be established. Node may not be available.
2026-08-28 20:15:05.937 [kafka-producer-network-thread | customer-service-producer-1] WARN  customer-service [o.apache.kafka.clients.NetworkClient] - [Producer clientId=customer-service-producer-1] Bootstrap broker localhost:9092 (id: -1 rack: null) disconnected
2026-08-28 20:15:06.896 [kafka-producer-network-thread | customer-service-producer-1] INFO  customer-service [o.apache.kafka.clients.NetworkClient] - [Producer clientId=customer-service-producer-1] Node -1 disconnected.
2026-08-28 20:15:06.897 [kafka-producer-network-thread | customer-service-producer-1] WARN  customer-service [o.apache.kafka.clients.NetworkClient] - [Producer clientId=customer-service-producer-1] Connection to node -1 (localhost/127.0.0.1:9092) could not be established. Node may not be available.
2026-08-28 20:15:06.897 [kafka-producer-network-thread | customer-service-producer-1] WARN  customer-service [o.apache.kafka.clients.NetworkClient] - [Producer clientId=customer-service-producer-1] Bootstrap broker localhost:9092 (id: -1 rack: null) disconnected
2026-08-28 20:15:07.804 [kafka-producer-network-thread | customer-service-producer-1] INFO  customer-service [o.apache.kafka.clients.NetworkClient] - [Producer clientId=customer-service-producer-1] Node -1 disconnected.
2026-08-28 20:15:07.804 [kafka-producer-network-thread | customer-service-producer-1] WARN  customer-service [o.apache.kafka.clients.NetworkClient] - [Producer clientId=customer-service-producer-1] Connection to node -1 (localhost/127.0.0.1:9092) could not be established. Node may not be available.
2026-08-28 20:15:07.804 [kafka-producer-network-thread | customer-service-producer-1] WARN  customer-service [o.apache.kafka.clients.NetworkClient] - [Producer clientId=customer-service-producer-1] Bootstrap broker localhost:9092 (id: -1 rack: null) disconnected
2026-08-28 20:15:08.854 [kafka-producer-network-thread | customer-service-producer-1] INFO  customer-service [o.apache.kafka.clients.NetworkClient] - [Producer clientId=customer-service-producer-1] Node -1 disconnected.
2026-08-28 20:15:08.854 [kafka-producer-network-thread | customer-service-producer-1] WARN  customer-service [o.apache.kafka.clients.NetworkClient] - [Producer clientId=customer-service-producer-1] Connection to node -1 (localhost/127.0.0.1:9092) could not be established. Node may not be available.
2026-08-28 20:15:08.854 [kafka-producer-network-thread | customer-service-producer-1] WARN  customer-service [o.apache.kafka.clients.NetworkClient] - [Producer clientId=customer-service-producer-1] Bootstrap broker localhost:9092 (id: -1 rack: null) disconnected
2026-08-28 20:15:09.854 [kafka-producer-network-thread | customer-service-producer-1] INFO  customer-service [o.apache.kafka.clients.NetworkClient] - [Producer clientId=customer-service-producer-1] Node -1 disconnected.
2026-08-28 20:15:09.855 [kafka-producer-network-thread | customer-service-producer-1] WARN  customer-service [o.apache.kafka.clients.NetworkClient] - [Producer clientId=customer-service-producer-1] Connection to node -1 (localhost/127.0.0.1:9092) could not be established. Node may not be available.
2026-08-28 20:15:09.855 [kafka-producer-network-thread | customer-service-producer-1] WARN  customer-service [o.apache.kafka.clients.NetworkClient] - [Producer clientId=customer-service-producer-1] Bootstrap broker localhost:9092 (id: -1 rack: null) disconnected
2026-08-28 20:15:10.746 [kafka-producer-network-thread | customer-service-producer-1] INFO  customer-service [o.apache.kafka.clients.NetworkClient] - [Producer clientId=customer-service-producer-1] Node -1 disconnected.
2026-08-28 20:15:10.747 [kafka-producer-network-thread | customer-service-producer-1] WARN  customer-service [o.apache.kafka.clients.NetworkClient] - [Producer clientId=customer-service-producer-1] Connection to node -1 (localhost/127.0.0.1:9092) could not be established. Node may not be available.
2026-08-28 20:15:10.747 [kafka-producer-network-thread | customer-service-producer-1] WARN  customer-service [o.apache.kafka.clients.NetworkClient] - [Producer clientId=customer-service-producer-1] Bootstrap broker localhost:9092 (id: -1 rack: null) disconnected
2026-08-28 20:15:11.643 [kafka-producer-network-thread | customer-service-producer-1] INFO  customer-service [o.apache.kafka.clients.NetworkClient] - [Producer clientId=customer-service-producer-1] Node -1 disconnected.
2026-08-28 20:15:11.644 [kafka-producer-network-thread | customer-service-producer-1] WARN  customer-service [o.apache.kafka.clients.NetworkClient] - [Producer clientId=customer-service-producer-1] Connection to node -1 (localhost/127.0.0.1:9092) could not be established. Node may not be available.
2026-08-28 20:15:11.644 [kafka-producer-network-thread | customer-service-producer-1] WARN  customer-service [o.apache.kafka.clients.NetworkClient] - [Producer clientId=customer-service-producer-1] Bootstrap broker localhost:9092 (id: -1 rack: null) disconnected
2026-08-28 20:15:12.643 [kafka-producer-network-thread | customer-service-producer-1] INFO  customer-service [o.apache.kafka.clients.NetworkClient] - [Producer clientId=customer-service-producer-1] Node -1 disconnected.
2026-08-28 20:15:12.643 [kafka-producer-network-thread | customer-service-producer-1] WARN  customer-service [o.apache.kafka.clients.NetworkClient] - [Producer clientId=customer-service-producer-1] Connection to node -1 (localhost/127.0.0.1:9092) could not be established. Node may not be available.
2026-08-28 20:15:12.643 [kafka-producer-network-thread | customer-service-producer-1] WARN  customer-service [o.apache.kafka.clients.NetworkClient] - [Producer clientId=customer-service-producer-1] Bootstrap broker localhost:9092 (id: -1 rack: null) disconnected
2026-08-28 20:15:13.644 [kafka-producer-network-thread | customer-service-producer-1] INFO  customer-service [o.apache.kafka.clients.NetworkClient] - [Producer clientId=customer-service-producer-1] Node -1 disconnected.
2026-08-28 20:15:13.645 [kafka-producer-network-thread | customer-service-producer-1] WARN  customer-service [o.apache.kafka.clients.NetworkClient] - [Producer clientId=customer-service-producer-1] Connection to node -1 (localhost/127.0.0.1:9092) could not be established. Node may not be available.
2026-08-28 20:15:13.645 [kafka-producer-network-thread | customer-service-producer-1] WARN  customer-service [o.apache.kafka.clients.NetworkClient] - [Producer clientId=customer-service-producer-1] Bootstrap broker localhost:9092 (id: -1 rack: null) disconnected
2026-08-28 20:15:14.553 [kafka-producer-network-thread | customer-service-producer-1] INFO  customer-service [o.apache.kafka.clients.NetworkClient] - [Producer clientId=customer-service-producer-1] Node -1 disconnected.
2026-08-28 20:15:14.553 [kafka-producer-network-thread | customer-service-producer-1] WARN  customer-service [o.apache.kafka.clients.NetworkClient] - [Producer clientId=customer-service-producer-1] Connection to node -1 (localhost/127.0.0.1:9092) could not be established. Node may not be available.
2026-08-28 20:15:14.553 [kafka-producer-network-thread | customer-service-producer-1] WARN  customer-service [o.apache.kafka.clients.NetworkClient] - [Producer clientId=customer-service-producer-1] Bootstrap broker localhost:9092 (id: -1 rack: null) disconnected
2026-08-28 20:15:15.562 [kafka-producer-network-thread | customer-service-producer-1] INFO  customer-service [o.apache.kafka.clients.NetworkClient] - [Producer clientId=customer-service-producer-1] Node -1 disconnected.
2026-08-28 20:15:15.562 [kafka-producer-network-thread | customer-service-producer-1] WARN  customer-service [o.apache.kafka.clients.NetworkClient] - [Producer clientId=customer-service-producer-1] Connection to node -1 (localhost/127.0.0.1:9092) could not be established. Node may not be available.
2026-08-28 20:15:15.562 [kafka-producer-network-thread | customer-service-producer-1] WARN  customer-service [o.apache.kafka.clients.NetworkClient] - [Producer clientId=customer-service-producer-1] Bootstrap broker localhost:9092 (id: -1 rack: null) disconnected
2026-08-28 20:15:16.564 [kafka-producer-network-thread | customer-service-producer-1] INFO  customer-service [o.apache.kafka.clients.NetworkClient] - [Producer clientId=customer-service-producer-1] Node -1 disconnected.
2026-08-28 20:15:16.564 [kafka-producer-network-thread | customer-service-producer-1] WARN  customer-service [o.apache.kafka.clients.NetworkClient] - [Producer clientId=customer-service-producer-1] Connection to node -1 (localhost/127.0.0.1:9092) could not be established. Node may not be available.
2026-08-28 20:15:16.565 [kafka-producer-network-thread | customer-service-producer-1] WARN  customer-service [o.apache.kafka.clients.NetworkClient] - [Producer clientId=customer-service-producer-1] Bootstrap broker localhost:9092 (id: -1 rack: null) disconnected
2026-08-28 20:15:17.567 [kafka-producer-network-thread | customer-service-producer-1] INFO  customer-service [o.apache.kafka.clients.NetworkClient] - [Producer clientId=customer-service-producer-1] Node -1 disconnected.
2026-08-28 20:15:17.567 [kafka-producer-network-thread | customer-service-producer-1] WARN  customer-service [o.apache.kafka.clients.NetworkClient] - [Producer clientId=customer-service-producer-1] Connection to node -1 (localhost/127.0.0.1:9092) could not be established. Node may not be available.
2026-08-28 20:15:17.567 [kafka-producer-network-thread | customer-service-producer-1] WARN  customer-service [o.apache.kafka.clients.NetworkClient] - [Producer clientId=customer-service-producer-1] Bootstrap broker localhost:9092 (id: -1 rack: null) disconnected
2026-08-28 20:15:18.462 [kafka-producer-network-thread | customer-service-producer-1] INFO  customer-service [o.apache.kafka.clients.NetworkClient] - [Producer clientId=customer-service-producer-1] Node -1 disconnected.
2026-08-28 20:15:18.462 [kafka-producer-network-thread | customer-service-producer-1] WARN  customer-service [o.apache.kafka.clients.NetworkClient] - [Producer clientId=customer-service-producer-1] Connection to node -1 (localhost/127.0.0.1:9092) could not be established. Node may not be available.
2026-08-28 20:15:18.462 [kafka-producer-network-thread | customer-service-producer-1] WARN  customer-service [o.apache.kafka.clients.NetworkClient] - [Producer clientId=customer-service-producer-1] Bootstrap broker localhost:9092 (id: -1 rack: null) disconnected
2026-08-28 20:15:19.475 [kafka-producer-network-thread | customer-service-producer-1] INFO  customer-service [o.apache.kafka.clients.NetworkClient] - [Producer clientId=customer-service-producer-1] Node -1 disconnected.
2026-08-28 20:15:19.475 [kafka-producer-network-thread | customer-service-producer-1] WARN  customer-service [o.apache.kafka.clients.NetworkClient] - [Producer clientId=customer-service-producer-1] Connection to node -1 (localhost/127.0.0.1:9092) could not be established. Node may not be available.
2026-08-28 20:15:19.475 [kafka-producer-network-thread | customer-service-producer-1] WARN  customer-service [o.apache.kafka.clients.NetworkClient] - [Producer clientId=customer-service-producer-1] Bootstrap broker localhost:9092 (id: -1 rack: null) disconnected
2026-08-28 20:15:20.505 [kafka-producer-network-thread | customer-service-producer-1] INFO  customer-service [o.apache.kafka.clients.NetworkClient] - [Producer clientId=customer-service-producer-1] Node -1 disconnected.
2026-08-28 20:15:20.505 [kafka-producer-network-thread | customer-service-producer-1] WARN  customer-service [o.apache.kafka.clients.NetworkClient] - [Producer clientId=customer-service-producer-1] Connection to node -1 (localhost/127.0.0.1:9092) could not be established. Node may not be available.
2026-08-28 20:15:20.506 [kafka-producer-network-thread | customer-service-producer-1] WARN  customer-service [o.apache.kafka.clients.NetworkClient] - [Producer clientId=customer-service-producer-1] Bootstrap broker localhost:9092 (id: -1 rack: null) disconnected
2026-08-28 20:15:21.507 [kafka-producer-network-thread | customer-service-producer-1] INFO  customer-service [o.apache.kafka.clients.NetworkClient] - [Producer clientId=customer-service-producer-1] Node -1 disconnected.
2026-08-28 20:15:21.507 [kafka-producer-network-thread | customer-service-producer-1] WARN  customer-service [o.apache.kafka.clients.NetworkClient] - [Producer clientId=customer-service-producer-1] Connection to node -1 (localhost/127.0.0.1:9092) could not be established. Node may not be available.
2026-08-28 20:15:21.507 [kafka-producer-network-thread | customer-service-producer-1] WARN  customer-service [o.apache.kafka.clients.NetworkClient] - [Producer clientId=customer-service-producer-1] Bootstrap broker localhost:9092 (id: -1 rack: null) disconnected
2026-08-28 20:15:22.462 [kafka-producer-network-thread | customer-service-producer-1] INFO  customer-service [o.apache.kafka.clients.NetworkClient] - [Producer clientId=customer-service-producer-1] Node -1 disconnected.
2026-08-28 20:15:22.462 [kafka-producer-network-thread | customer-service-producer-1] WARN  customer-service [o.apache.kafka.clients.NetworkClient] - [Producer clientId=customer-service-producer-1] Connection to node -1 (localhost/127.0.0.1:9092) could not be established. Node may not be available.
2026-08-28 20:15:22.462 [kafka-producer-network-thread | customer-service-producer-1] WARN  customer-service [o.apache.kafka.clients.NetworkClient] - [Producer clientId=customer-service-producer-1] Bootstrap broker localhost:9092 (id: -1 rack: null) disconnected
2026-08-28 20:15:23.419 [kafka-producer-network-thread | customer-service-producer-1] INFO  customer-service [o.apache.kafka.clients.NetworkClient] - [Producer clientId=customer-service-producer-1] Node -1 disconnected.
2026-08-28 20:15:23.420 [kafka-producer-network-thread | customer-service-producer-1] WARN  customer-service [o.apache.kafka.clients.NetworkClient] - [Producer clientId=customer-service-producer-1] Connection to node -1 (localhost/127.0.0.1:9092) could not be established. Node may not be available.
2026-08-28 20:15:23.420 [kafka-producer-network-thread | customer-service-producer-1] WARN  customer-service [o.apache.kafka.clients.NetworkClient] - [Producer clientId=customer-service-producer-1] Bootstrap broker localhost:9092 (id: -1 rack: null) disconnected
2026-08-28 20:15:24.463 [kafka-producer-network-thread | customer-service-producer-1] INFO  customer-service [o.apache.kafka.clients.NetworkClient] - [Producer clientId=customer-service-producer-1] Node -1 disconnected.
2026-08-28 20:15:24.463 [kafka-producer-network-thread | customer-service-producer-1] WARN  customer-service [o.apache.kafka.clients.NetworkClient] - [Producer clientId=customer-service-producer-1] Connection to node -1 (localhost/127.0.0.1:9092) could not be established. Node may not be available.
2026-08-28 20:15:24.463 [kafka-producer-network-thread | customer-service-producer-1] WARN  customer-service [o.apache.kafka.clients.NetworkClient] - [Producer clientId=customer-service-producer-1] Bootstrap broker localhost:9092 (id: -1 rack: null) disconnected
2026-08-28 20:15:25.355 [kafka-producer-network-thread | customer-service-producer-1] INFO  customer-service [o.apache.kafka.clients.NetworkClient] - [Producer clientId=customer-service-producer-1] Node -1 disconnected.
2026-08-28 20:15:25.356 [kafka-producer-network-thread | customer-service-producer-1] WARN  customer-service [o.apache.kafka.clients.NetworkClient] - [Producer clientId=customer-service-producer-1] Connection to node -1 (localhost/127.0.0.1:9092) could not be established. Node may not be available.
2026-08-28 20:15:25.356 [kafka-producer-network-thread | customer-service-producer-1] WARN  customer-service [o.apache.kafka.clients.NetworkClient] - [Producer clientId=customer-service-producer-1] Bootstrap broker localhost:9092 (id: -1 rack: null) disconnected
2026-08-28 20:15:26.216 [kafka-producer-network-thread | customer-service-producer-1] INFO  customer-service [o.apache.kafka.clients.NetworkClient] - [Producer clientId=customer-service-producer-1] Node -1 disconnected.
2026-08-28 20:15:26.216 [kafka-producer-network-thread | customer-service-producer-1] WARN  customer-service [o.apache.kafka.clients.NetworkClient] - [Producer clientId=customer-service-producer-1] Connection to node -1 (localhost/127.0.0.1:9092) could not be established. Node may not be available.
2026-08-28 20:15:26.216 [kafka-producer-network-thread | customer-service-producer-1] WARN  customer-service [o.apache.kafka.clients.NetworkClient] - [Producer clientId=customer-service-producer-1] Bootstrap broker localhost:9092 (id: -1 rack: null) disconnected
2026-08-28 20:15:27.232 [kafka-producer-network-thread | customer-service-producer-1] INFO  customer-service [o.apache.kafka.clients.NetworkClient] - [Producer clientId=customer-service-producer-1] Node -1 disconnected.
2026-08-28 20:15:27.232 [kafka-producer-network-thread | customer-service-producer-1] WARN  customer-service [o.apache.kafka.clients.NetworkClient] - [Producer clientId=customer-service-producer-1] Connection to node -1 (localhost/127.0.0.1:9092) could not be established. Node may not be available.
2026-08-28 20:15:27.233 [kafka-producer-network-thread | customer-service-producer-1] WARN  customer-service [o.apache.kafka.clients.NetworkClient] - [Producer clientId=customer-service-producer-1] Bootstrap broker localhost:9092 (id: -1 rack: null) disconnected
2026-08-28 20:15:28.241 [kafka-producer-network-thread | customer-service-producer-1] INFO  customer-service [o.apache.kafka.clients.NetworkClient] - [Producer clientId=customer-service-producer-1] Node -1 disconnected.
2026-08-28 20:15:28.241 [kafka-producer-network-thread | customer-service-producer-1] WARN  customer-service [o.apache.kafka.clients.NetworkClient] - [Producer clientId=customer-service-producer-1] Connection to node -1 (localhost/127.0.0.1:9092) could not be established. Node may not be available.
2026-08-28 20:15:28.241 [kafka-producer-network-thread | customer-service-producer-1] WARN  customer-service [o.apache.kafka.clients.NetworkClient] - [Producer clientId=customer-service-producer-1] Bootstrap broker localhost:9092 (id: -1 rack: null) disconnected
2026-08-28 20:15:29.243 [kafka-producer-network-thread | customer-service-producer-1] INFO  customer-service [o.apache.kafka.clients.NetworkClient] - [Producer clientId=customer-service-producer-1] Node -1 disconnected.
2026-08-28 20:15:29.243 [kafka-producer-network-thread | customer-service-producer-1] WARN  customer-service [o.apache.kafka.clients.NetworkClient] - [Producer clientId=customer-service-producer-1] Connection to node -1 (localhost/127.0.0.1:9092) could not be established. Node may not be available.
2026-08-28 20:15:29.243 [kafka-producer-network-thread | customer-service-producer-1] WARN  customer-service [o.apache.kafka.clients.NetworkClient] - [Producer clientId=customer-service-producer-1] Bootstrap broker localhost:9092 (id: -1 rack: null) disconnected
2026-08-28 20:15:30.150 [kafka-producer-network-thread | customer-service-producer-1] INFO  customer-service [o.apache.kafka.clients.NetworkClient] - [Producer clientId=customer-service-producer-1] Node -1 disconnected.
2026-08-28 20:15:30.150 [kafka-producer-network-thread | customer-service-producer-1] WARN  customer-service [o.apache.kafka.clients.NetworkClient] - [Producer clientId=customer-service-producer-1] Connection to node -1 (localhost/127.0.0.1:9092) could not be established. Node may not be available.
2026-08-28 20:15:30.150 [kafka-producer-network-thread | customer-service-producer-1] WARN  customer-service [o.apache.kafka.clients.NetworkClient] - [Producer clientId=customer-service-producer-1] Bootstrap broker localhost:9092 (id: -1 rack: null) disconnected
2026-08-28 20:15:31.157 [kafka-producer-network-thread | customer-service-producer-1] INFO  customer-service [o.apache.kafka.clients.NetworkClient] - [Producer clientId=customer-service-producer-1] Node -1 disconnected.
2026-08-28 20:15:31.157 [kafka-producer-network-thread | customer-service-producer-1] WARN  customer-service [o.apache.kafka.clients.NetworkClient] - [Producer clientId=customer-service-producer-1] Connection to node -1 (localhost/127.0.0.1:9092) could not be established. Node may not be available.
2026-08-28 20:15:31.157 [kafka-producer-network-thread | customer-service-producer-1] WARN  customer-service [o.apache.kafka.clients.NetworkClient] - [Producer clientId=customer-service-producer-1] Bootstrap broker localhost:9092 (id: -1 rack: null) disconnected
2026-08-28 20:15:32.164 [kafka-producer-network-thread | customer-service-producer-1] INFO  customer-service [o.apache.kafka.clients.NetworkClient] - [Producer clientId=customer-service-producer-1] Node -1 disconnected.
2026-08-28 20:15:32.164 [kafka-producer-network-thread | customer-service-producer-1] WARN  customer-service [o.apache.kafka.clients.NetworkClient] - [Producer clientId=customer-service-producer-1] Connection to node -1 (localhost/127.0.0.1:9092) could not be established. Node may not be available.
2026-08-28 20:15:32.164 [kafka-producer-network-thread | customer-service-producer-1] WARN  customer-service [o.apache.kafka.clients.NetworkClient] - [Producer clientId=customer-service-producer-1] Bootstrap broker localhost:9092 (id: -1 rack: null) disconnected
2026-08-28 20:15:33.019 [kafka-producer-network-thread | customer-service-producer-1] INFO  customer-service [o.apache.kafka.clients.NetworkClient] - [Producer clientId=customer-service-producer-1] Node -1 disconnected.
2026-08-28 20:15:33.019 [kafka-producer-network-thread | customer-service-producer-1] WARN  customer-service [o.apache.kafka.clients.NetworkClient] - [Producer clientId=customer-service-producer-1] Connection to node -1 (localhost/127.0.0.1:9092) could not be established. Node may not be available.
2026-08-28 20:15:33.019 [kafka-producer-network-thread | customer-service-producer-1] WARN  customer-service [o.apache.kafka.clients.NetworkClient] - [Producer clientId=customer-service-producer-1] Bootstrap broker localhost:9092 (id: -1 rack: null) disconnected
2026-08-28 20:15:34.040 [kafka-producer-network-thread | customer-service-producer-1] INFO  customer-service [o.apache.kafka.clients.NetworkClient] - [Producer clientId=customer-service-producer-1] Node -1 disconnected.
2026-08-28 20:15:34.040 [kafka-producer-network-thread | customer-service-producer-1] WARN  customer-service [o.apache.kafka.clients.NetworkClient] - [Producer clientId=customer-service-producer-1] Connection to node -1 (localhost/127.0.0.1:9092) could not be established. Node may not be available.
2026-08-28 20:15:34.040 [kafka-producer-network-thread | customer-service-producer-1] WARN  customer-service [o.apache.kafka.clients.NetworkClient] - [Producer clientId=customer-service-producer-1] Bootstrap broker localhost:9092 (id: -1 rack: null) disconnected
2026-08-28 20:15:35.041 [kafka-producer-network-thread | customer-service-producer-1] INFO  customer-service [o.apache.kafka.clients.NetworkClient] - [Producer clientId=customer-service-producer-1] Node -1 disconnected.
2026-08-28 20:15:35.041 [kafka-producer-network-thread | customer-service-producer-1] WARN  customer-service [o.apache.kafka.clients.NetworkClient] - [Producer clientId=customer-service-producer-1] Connection to node -1 (localhost/127.0.0.1:9092) could not be established. Node may not be available.
2026-08-28 20:15:35.041 [kafka-producer-network-thread | customer-service-producer-1] WARN  customer-service [o.apache.kafka.clients.NetworkClient] - [Producer clientId=customer-service-producer-1] Bootstrap broker localhost:9092 (id: -1 rack: null) disconnected
2026-08-28 20:15:36.048 [kafka-producer-network-thread | customer-service-producer-1] INFO  customer-service [o.apache.kafka.clients.NetworkClient] - [Producer clientId=customer-service-producer-1] Node -1 disconnected.
2026-08-28 20:15:36.048 [kafka-producer-network-thread | customer-service-producer-1] WARN  customer-service [o.apache.kafka.clients.NetworkClient] - [Producer clientId=customer-service-producer-1] Connection to node -1 (localhost/127.0.0.1:9092) could not be established. Node may not be available.
2026-08-28 20:15:36.048 [kafka-producer-network-thread | customer-service-producer-1] WARN  customer-service [o.apache.kafka.clients.NetworkClient] - [Producer clientId=customer-service-producer-1] Bootstrap broker localhost:9092 (id: -1 rack: null) disconnected
2026-08-28 20:15:37.049 [kafka-producer-network-thread | customer-service-producer-1] INFO  customer-service [o.apache.kafka.clients.NetworkClient] - [Producer clientId=customer-service-producer-1] Node -1 disconnected.
2026-08-28 20:15:37.049 [kafka-producer-network-thread | customer-service-producer-1] WARN  customer-service [o.apache.kafka.clients.NetworkClient] - [Producer clientId=customer-service-producer-1] Connection to node -1 (localhost/127.0.0.1:9092) could not be established. Node may not be available.
2026-08-28 20:15:37.049 [kafka-producer-network-thread | customer-service-producer-1] WARN  customer-service [o.apache.kafka.clients.NetworkClient] - [Producer clientId=customer-service-producer-1] Bootstrap broker localhost:9092 (id: -1 rack: null) disconnected
2026-08-28 20:15:38.007 [kafka-producer-network-thread | customer-service-producer-1] INFO  customer-service [o.apache.kafka.clients.NetworkClient] - [Producer clientId=customer-service-producer-1] Node -1 disconnected.
2026-08-28 20:15:38.007 [kafka-producer-network-thread | customer-service-producer-1] WARN  customer-service [o.apache.kafka.clients.NetworkClient] - [Producer clientId=customer-service-producer-1] Connection to node -1 (localhost/127.0.0.1:9092) could not be established. Node may not be available.
2026-08-28 20:15:38.007 [kafka-producer-network-thread | customer-service-producer-1] WARN  customer-service [o.apache.kafka.clients.NetworkClient] - [Producer clientId=customer-service-producer-1] Bootstrap broker localhost:9092 (id: -1 rack: null) disconnected
2026-08-28 20:15:39.048 [kafka-producer-network-thread | customer-service-producer-1] INFO  customer-service [o.apache.kafka.clients.NetworkClient] - [Producer clientId=customer-service-producer-1] Node -1 disconnected.
2026-08-28 20:15:39.049 [kafka-producer-network-thread | customer-service-producer-1] WARN  customer-service [o.apache.kafka.clients.NetworkClient] - [Producer clientId=customer-service-producer-1] Connection to node -1 (localhost/127.0.0.1:9092) could not be established. Node may not be available.
2026-08-28 20:15:39.049 [kafka-producer-network-thread | customer-service-producer-1] WARN  customer-service [o.apache.kafka.clients.NetworkClient] - [Producer clientId=customer-service-producer-1] Bootstrap broker localhost:9092 (id: -1 rack: null) disconnected
2026-08-28 20:15:40.067 [kafka-producer-network-thread | customer-service-producer-1] INFO  customer-service [o.apache.kafka.clients.NetworkClient] - [Producer clientId=customer-service-producer-1] Node -1 disconnected.
2026-08-28 20:15:40.067 [kafka-producer-network-thread | customer-service-producer-1] WARN  customer-service [o.apache.kafka.clients.NetworkClient] - [Producer clientId=customer-service-producer-1] Connection to node -1 (localhost/127.0.0.1:9092) could not be established. Node may not be available.
2026-08-28 20:15:40.067 [kafka-producer-network-thread | customer-service-producer-1] WARN  customer-service [o.apache.kafka.clients.NetworkClient] - [Producer clientId=customer-service-producer-1] Bootstrap broker localhost:9092 (id: -1 rack: null) disconnected
2026-08-28 20:15:40.914 [kafka-producer-network-thread | customer-service-producer-1] INFO  customer-service [o.apache.kafka.clients.NetworkClient] - [Producer clientId=customer-service-producer-1] Node -1 disconnected.
2026-08-28 20:15:40.914 [kafka-producer-network-thread | customer-service-producer-1] WARN  customer-service [o.apache.kafka.clients.NetworkClient] - [Producer clientId=customer-service-producer-1] Connection to node -1 (localhost/127.0.0.1:9092) could not be established. Node may not be available.
2026-08-28 20:15:40.914 [kafka-producer-network-thread | customer-service-producer-1] WARN  customer-service [o.apache.kafka.clients.NetworkClient] - [Producer clientId=customer-service-producer-1] Bootstrap broker localhost:9092 (id: -1 rack: null) disconnected
2026-08-28 20:15:41.823 [kafka-producer-network-thread | customer-service-producer-1] INFO  customer-service [o.apache.kafka.clients.NetworkClient] - [Producer clientId=customer-service-producer-1] Node -1 disconnected.
2026-08-28 20:15:41.823 [kafka-producer-network-thread | customer-service-producer-1] WARN  customer-service [o.apache.kafka.clients.NetworkClient] - [Producer clientId=customer-service-producer-1] Connection to node -1 (localhost/127.0.0.1:9092) could not be established. Node may not be available.
2026-08-28 20:15:41.823 [kafka-producer-network-thread | customer-service-producer-1] WARN  customer-service [o.apache.kafka.clients.NetworkClient] - [Producer clientId=customer-service-producer-1] Bootstrap broker localhost:9092 (id: -1 rack: null) disconnected
2026-08-28 20:15:42.830 [kafka-producer-network-thread | customer-service-producer-1] INFO  customer-service [o.apache.kafka.clients.NetworkClient] - [Producer clientId=customer-service-producer-1] Node -1 disconnected.
2026-08-28 20:15:42.830 [kafka-producer-network-thread | customer-service-producer-1] WARN  customer-service [o.apache.kafka.clients.NetworkClient] - [Producer clientId=customer-service-producer-1] Connection to node -1 (localhost/127.0.0.1:9092) could not be established. Node may not be available.
2026-08-28 20:15:42.830 [kafka-producer-network-thread | customer-service-producer-1] WARN  customer-service [o.apache.kafka.clients.NetworkClient] - [Producer clientId=customer-service-producer-1] Bootstrap broker localhost:9092 (id: -1 rack: null) disconnected
2026-08-28 20:15:43.741 [kafka-producer-network-thread | customer-service-producer-1] INFO  customer-service [o.apache.kafka.clients.NetworkClient] - [Producer clientId=customer-service-producer-1] Node -1 disconnected.
2026-08-28 20:15:43.741 [kafka-producer-network-thread | customer-service-producer-1] WARN  customer-service [o.apache.kafka.clients.NetworkClient] - [Producer clientId=customer-service-producer-1] Connection to node -1 (localhost/127.0.0.1:9092) could not be established. Node may not be available.
2026-08-28 20:15:43.741 [kafka-producer-network-thread | customer-service-producer-1] WARN  customer-service [o.apache.kafka.clients.NetworkClient] - [Producer clientId=customer-service-producer-1] Bootstrap broker localhost:9092 (id: -1 rack: null) disconnected
2026-08-28 20:15:44.598 [kafka-producer-network-thread | customer-service-producer-1] INFO  customer-service [o.apache.kafka.clients.NetworkClient] - [Producer clientId=customer-service-producer-1] Node -1 disconnected.
2026-08-28 20:15:44.599 [kafka-producer-network-thread | customer-service-producer-1] WARN  customer-service [o.apache.kafka.clients.NetworkClient] - [Producer clientId=customer-service-producer-1] Connection to node -1 (localhost/127.0.0.1:9092) could not be established. Node may not be available.
2026-08-28 20:15:44.599 [kafka-producer-network-thread | customer-service-producer-1] WARN  customer-service [o.apache.kafka.clients.NetworkClient] - [Producer clientId=customer-service-producer-1] Bootstrap broker localhost:9092 (id: -1 rack: null) disconnected
2026-08-28 20:15:45.557 [kafka-producer-network-thread | customer-service-producer-1] INFO  customer-service [o.apache.kafka.clients.NetworkClient] - [Producer clientId=customer-service-producer-1] Node -1 disconnected.
2026-08-28 20:15:45.558 [kafka-producer-network-thread | customer-service-producer-1] WARN  customer-service [o.apache.kafka.clients.NetworkClient] - [Producer clientId=customer-service-producer-1] Connection to node -1 (localhost/127.0.0.1:9092) could not be established. Node may not be available.
2026-08-28 20:15:45.559 [kafka-producer-network-thread | customer-service-producer-1] WARN  customer-service [o.apache.kafka.clients.NetworkClient] - [Producer clientId=customer-service-producer-1] Bootstrap broker localhost:9092 (id: -1 rack: null) disconnected
2026-08-28 20:15:46.512 [kafka-producer-network-thread | customer-service-producer-1] INFO  customer-service [o.apache.kafka.clients.NetworkClient] - [Producer clientId=customer-service-producer-1] Node -1 disconnected.
2026-08-28 20:15:46.513 [kafka-producer-network-thread | customer-service-producer-1] WARN  customer-service [o.apache.kafka.clients.NetworkClient] - [Producer clientId=customer-service-producer-1] Connection to node -1 (localhost/127.0.0.1:9092) could not be established. Node may not be available.
2026-08-28 20:15:46.513 [kafka-producer-network-thread | customer-service-producer-1] WARN  customer-service [o.apache.kafka.clients.NetworkClient] - [Producer clientId=customer-service-producer-1] Bootstrap broker localhost:9092 (id: -1 rack: null) disconnected
2026-08-28 20:15:47.522 [kafka-producer-network-thread | customer-service-producer-1] INFO  customer-service [o.apache.kafka.clients.NetworkClient] - [Producer clientId=customer-service-producer-1] Node -1 disconnected.
2026-08-28 20:15:47.522 [kafka-producer-network-thread | customer-service-producer-1] WARN  customer-service [o.apache.kafka.clients.NetworkClient] - [Producer clientId=customer-service-producer-1] Connection to node -1 (localhost/127.0.0.1:9092) could not be established. Node may not be available.
2026-08-28 20:15:47.522 [kafka-producer-network-thread | customer-service-producer-1] WARN  customer-service [o.apache.kafka.clients.NetworkClient] - [Producer clientId=customer-service-producer-1] Bootstrap broker localhost:9092 (id: -1 rack: null) disconnected
2026-08-28 20:15:48.380 [kafka-producer-network-thread | customer-service-producer-1] INFO  customer-service [o.apache.kafka.clients.NetworkClient] - [Producer clientId=customer-service-producer-1] Node -1 disconnected.
2026-08-28 20:15:48.380 [kafka-producer-network-thread | customer-service-producer-1] WARN  customer-service [o.apache.kafka.clients.NetworkClient] - [Producer clientId=customer-service-producer-1] Connection to node -1 (localhost/127.0.0.1:9092) could not be established. Node may not be available.
2026-08-28 20:15:48.380 [kafka-producer-network-thread | customer-service-producer-1] WARN  customer-service [o.apache.kafka.clients.NetworkClient] - [Producer clientId=customer-service-producer-1] Bootstrap broker localhost:9092 (id: -1 rack: null) disconnected
2026-08-28 20:15:49.336 [kafka-producer-network-thread | customer-service-producer-1] INFO  customer-service [o.apache.kafka.clients.NetworkClient] - [Producer clientId=customer-service-producer-1] Node -1 disconnected.
2026-08-28 20:15:49.336 [kafka-producer-network-thread | customer-service-producer-1] WARN  customer-service [o.apache.kafka.clients.NetworkClient] - [Producer clientId=customer-service-producer-1] Connection to node -1 (localhost/127.0.0.1:9092) could not be established. Node may not be available.
2026-08-28 20:15:49.336 [kafka-producer-network-thread | customer-service-producer-1] WARN  customer-service [o.apache.kafka.clients.NetworkClient] - [Producer clientId=customer-service-producer-1] Bootstrap broker localhost:9092 (id: -1 rack: null) disconnected
2026-08-28 20:15:50.367 [kafka-producer-network-thread | customer-service-producer-1] INFO  customer-service [o.apache.kafka.clients.NetworkClient] - [Producer clientId=customer-service-producer-1] Node -1 disconnected.
2026-08-28 20:15:50.367 [kafka-producer-network-thread | customer-service-producer-1] WARN  customer-service [o.apache.kafka.clients.NetworkClient] - [Producer clientId=customer-service-producer-1] Connection to node -1 (localhost/127.0.0.1:9092) could not be established. Node may not be available.
2026-08-28 20:15:50.367 [kafka-producer-network-thread | customer-service-producer-1] WARN  customer-service [o.apache.kafka.clients.NetworkClient] - [Producer clientId=customer-service-producer-1] Bootstrap broker localhost:9092 (id: -1 rack: null) disconnected
2026-08-28 20:15:51.366 [kafka-producer-network-thread | customer-service-producer-1] INFO  customer-service [o.apache.kafka.clients.NetworkClient] - [Producer clientId=customer-service-producer-1] Node -1 disconnected.
2026-08-28 20:15:51.367 [kafka-producer-network-thread | customer-service-producer-1] WARN  customer-service [o.apache.kafka.clients.NetworkClient] - [Producer clientId=customer-service-producer-1] Connection to node -1 (localhost/127.0.0.1:9092) could not be established. Node may not be available.
2026-08-28 20:15:51.367 [kafka-producer-network-thread | customer-service-producer-1] WARN  customer-service [o.apache.kafka.clients.NetworkClient] - [Producer clientId=customer-service-producer-1] Bootstrap broker localhost:9092 (id: -1 rack: null) disconnected
2026-08-28 20:15:52.241 [kafka-producer-network-thread | customer-service-producer-1] INFO  customer-service [o.apache.kafka.clients.NetworkClient] - [Producer clientId=customer-service-producer-1] Node -1 disconnected.
2026-08-28 20:15:52.241 [kafka-producer-network-thread | customer-service-producer-1] WARN  customer-service [o.apache.kafka.clients.NetworkClient] - [Producer clientId=customer-service-producer-1] Connection to node -1 (localhost/127.0.0.1:9092) could not be established. Node may not be available.
2026-08-28 20:15:52.241 [kafka-producer-network-thread | customer-service-producer-1] WARN  customer-service [o.apache.kafka.clients.NetworkClient] - [Producer clientId=customer-service-producer-1] Bootstrap broker localhost:9092 (id: -1 rack: null) disconnected
2026-08-28 20:15:53.100 [kafka-producer-network-thread | customer-service-producer-1] INFO  customer-service [o.apache.kafka.clients.NetworkClient] - [Producer clientId=customer-service-producer-1] Node -1 disconnected.
2026-08-28 20:15:53.100 [kafka-producer-network-thread | customer-service-producer-1] WARN  customer-service [o.apache.kafka.clients.NetworkClient] - [Producer clientId=customer-service-producer-1] Connection to node -1 (localhost/127.0.0.1:9092) could not be established. Node may not be available.
2026-08-28 20:15:53.100 [kafka-producer-network-thread | customer-service-producer-1] WARN  customer-service [o.apache.kafka.clients.NetworkClient] - [Producer clientId=customer-service-producer-1] Bootstrap broker localhost:9092 (id: -1 rack: null) disconnected
2026-08-28 20:15:54.118 [kafka-producer-network-thread | customer-service-producer-1] INFO  customer-service [o.apache.kafka.clients.NetworkClient] - [Producer clientId=customer-service-producer-1] Node -1 disconnected.
2026-08-28 20:15:54.118 [kafka-producer-network-thread | customer-service-producer-1] WARN  customer-service [o.apache.kafka.clients.NetworkClient] - [Producer clientId=customer-service-producer-1] Connection to node -1 (localhost/127.0.0.1:9092) could not be established. Node may not be available.
2026-08-28 20:15:54.119 [kafka-producer-network-thread | customer-service-producer-1] WARN  customer-service [o.apache.kafka.clients.NetworkClient] - [Producer clientId=customer-service-producer-1] Bootstrap broker localhost:9092 (id: -1 rack: null) disconnected
2026-08-28 20:15:55.166 [kafka-producer-network-thread | customer-service-producer-1] INFO  customer-service [o.apache.kafka.clients.NetworkClient] - [Producer clientId=customer-service-producer-1] Node -1 disconnected.
2026-08-28 20:15:55.166 [kafka-producer-network-thread | customer-service-producer-1] WARN  customer-service [o.apache.kafka.clients.NetworkClient] - [Producer clientId=customer-service-producer-1] Connection to node -1 (localhost/127.0.0.1:9092) could not be established. Node may not be available.
2026-08-28 20:15:55.167 [kafka-producer-network-thread | customer-service-producer-1] WARN  customer-service [o.apache.kafka.clients.NetworkClient] - [Producer clientId=customer-service-producer-1] Bootstrap broker localhost:9092 (id: -1 rack: null) disconnected
2026-08-28 20:15:56.155 [kafka-producer-network-thread | customer-service-producer-1] INFO  customer-service [o.apache.kafka.clients.NetworkClient] - [Producer clientId=customer-service-producer-1] Node -1 disconnected.
2026-08-28 20:15:56.156 [kafka-producer-network-thread | customer-service-producer-1] WARN  customer-service [o.apache.kafka.clients.NetworkClient] - [Producer clientId=customer-service-producer-1] Connection to node -1 (localhost/127.0.0.1:9092) could not be established. Node may not be available.
2026-08-28 20:15:56.156 [kafka-producer-network-thread | customer-service-producer-1] WARN  customer-service [o.apache.kafka.clients.NetworkClient] - [Producer clientId=customer-service-producer-1] Bootstrap broker localhost:9092 (id: -1 rack: null) disconnected
2026-08-28 20:15:57.165 [kafka-producer-network-thread | customer-service-producer-1] INFO  customer-service [o.apache.kafka.clients.NetworkClient] - [Producer clientId=customer-service-producer-1] Node -1 disconnected.
2026-08-28 20:15:57.166 [kafka-producer-network-thread | customer-service-producer-1] WARN  customer-service [o.apache.kafka.clients.NetworkClient] - [Producer clientId=customer-service-producer-1] Connection to node -1 (localhost/127.0.0.1:9092) could not be established. Node may not be available.
2026-08-28 20:15:57.166 [kafka-producer-network-thread | customer-service-producer-1] WARN  customer-service [o.apache.kafka.clients.NetworkClient] - [Producer clientId=customer-service-producer-1] Bootstrap broker localhost:9092 (id: -1 rack: null) disconnected
2026-08-28 20:15:58.071 [kafka-producer-network-thread | customer-service-producer-1] INFO  customer-service [o.apache.kafka.clients.NetworkClient] - [Producer clientId=customer-service-producer-1] Node -1 disconnected.
2026-08-28 20:15:58.071 [kafka-producer-network-thread | customer-service-producer-1] WARN  customer-service [o.apache.kafka.clients.NetworkClient] - [Producer clientId=customer-service-producer-1] Connection to node -1 (localhost/127.0.0.1:9092) could not be established. Node may not be available.
2026-08-28 20:15:58.071 [kafka-producer-network-thread | customer-service-producer-1] WARN  customer-service [o.apache.kafka.clients.NetworkClient] - [Producer clientId=customer-service-producer-1] Bootstrap broker localhost:9092 (id: -1 rack: null) disconnected
2026-08-28 20:15:59.082 [kafka-producer-network-thread | customer-service-producer-1] INFO  customer-service [o.apache.kafka.clients.NetworkClient] - [Producer clientId=customer-service-producer-1] Node -1 disconnected.
2026-08-28 20:15:59.083 [kafka-producer-network-thread | customer-service-producer-1] WARN  customer-service [o.apache.kafka.clients.NetworkClient] - [Producer clientId=customer-service-producer-1] Connection to node -1 (localhost/127.0.0.1:9092) could not be established. Node may not be available.
2026-08-28 20:15:59.083 [kafka-producer-network-thread | customer-service-producer-1] WARN  customer-service [o.apache.kafka.clients.NetworkClient] - [Producer clientId=customer-service-producer-1] Bootstrap broker localhost:9092 (id: -1 rack: null) disconnected
2026-08-28 20:15:59.987 [kafka-producer-network-thread | customer-service-producer-1] INFO  customer-service [o.apache.kafka.clients.NetworkClient] - [Producer clientId=customer-service-producer-1] Node -1 disconnected.
2026-08-28 20:15:59.988 [kafka-producer-network-thread | customer-service-producer-1] WARN  customer-service [o.apache.kafka.clients.NetworkClient] - [Producer clientId=customer-service-producer-1] Connection to node -1 (localhost/127.0.0.1:9092) could not be established. Node may not be available.
2026-08-28 20:15:59.988 [kafka-producer-network-thread | customer-service-producer-1] WARN  customer-service [o.apache.kafka.clients.NetworkClient] - [Producer clientId=customer-service-producer-1] Bootstrap broker localhost:9092 (id: -1 rack: null) disconnected
2026-08-28 20:16:00.894 [kafka-producer-network-thread | customer-service-producer-1] INFO  customer-service [o.apache.kafka.clients.NetworkClient] - [Producer clientId=customer-service-producer-1] Node -1 disconnected.
2026-08-28 20:16:00.894 [kafka-producer-network-thread | customer-service-producer-1] WARN  customer-service [o.apache.kafka.clients.NetworkClient] - [Producer clientId=customer-service-producer-1] Connection to node -1 (localhost/127.0.0.1:9092) could not be established. Node may not be available.
2026-08-28 20:16:00.894 [kafka-producer-network-thread | customer-service-producer-1] WARN  customer-service [o.apache.kafka.clients.NetworkClient] - [Producer clientId=customer-service-producer-1] Bootstrap broker localhost:9092 (id: -1 rack: null) disconnected
2026-08-28 20:16:01.754 [kafka-producer-network-thread | customer-service-producer-1] INFO  customer-service [o.apache.kafka.clients.NetworkClient] - [Producer clientId=customer-service-producer-1] Node -1 disconnected.
2026-08-28 20:16:01.754 [kafka-producer-network-thread | customer-service-producer-1] WARN  customer-service [o.apache.kafka.clients.NetworkClient] - [Producer clientId=customer-service-producer-1] Connection to node -1 (localhost/127.0.0.1:9092) could not be established. Node may not be available.
2026-08-28 20:16:01.754 [kafka-producer-network-thread | customer-service-producer-1] WARN  customer-service [o.apache.kafka.clients.NetworkClient] - [Producer clientId=customer-service-producer-1] Bootstrap broker localhost:9092 (id: -1 rack: null) disconnected
2026-08-28 20:16:02.714 [kafka-producer-network-thread | customer-service-producer-1] INFO  customer-service [o.apache.kafka.clients.NetworkClient] - [Producer clientId=customer-service-producer-1] Node -1 disconnected.
2026-08-28 20:16:02.714 [kafka-producer-network-thread | customer-service-producer-1] WARN  customer-service [o.apache.kafka.clients.NetworkClient] - [Producer clientId=customer-service-producer-1] Connection to node -1 (localhost/127.0.0.1:9092) could not be established. Node may not be available.
2026-08-28 20:16:02.714 [kafka-producer-network-thread | customer-service-producer-1] WARN  customer-service [o.apache.kafka.clients.NetworkClient] - [Producer clientId=customer-service-producer-1] Bootstrap broker localhost:9092 (id: -1 rack: null) disconnected
2026-08-28 20:16:03.739 [kafka-producer-network-thread | customer-service-producer-1] INFO  customer-service [o.apache.kafka.clients.NetworkClient] - [Producer clientId=customer-service-producer-1] Node -1 disconnected.
2026-08-28 20:16:03.739 [kafka-producer-network-thread | customer-service-producer-1] WARN  customer-service [o.apache.kafka.clients.NetworkClient] - [Producer clientId=customer-service-producer-1] Connection to node -1 (localhost/127.0.0.1:9092) could not be established. Node may not be available.
2026-08-28 20:16:03.739 [kafka-producer-network-thread | customer-service-producer-1] WARN  customer-service [o.apache.kafka.clients.NetworkClient] - [Producer clientId=customer-service-producer-1] Bootstrap broker localhost:9092 (id: -1 rack: null) disconnected
2026-08-28 20:16:04.740 [kafka-producer-network-thread | customer-service-producer-1] INFO  customer-service [o.apache.kafka.clients.NetworkClient] - [Producer clientId=customer-service-producer-1] Node -1 disconnected.
2026-08-28 20:16:04.740 [kafka-producer-network-thread | customer-service-producer-1] WARN  customer-service [o.apache.kafka.clients.NetworkClient] - [Producer clientId=customer-service-producer-1] Connection to node -1 (localhost/127.0.0.1:9092) could not be established. Node may not be available.
2026-08-28 20:16:04.741 [kafka-producer-network-thread | customer-service-producer-1] WARN  customer-service [o.apache.kafka.clients.NetworkClient] - [Producer clientId=customer-service-producer-1] Bootstrap broker localhost:9092 (id: -1 rack: null) disconnected
2026-08-28 20:16:05.597 [kafka-producer-network-thread | customer-service-producer-1] INFO  customer-service [o.apache.kafka.clients.NetworkClient] - [Producer clientId=customer-service-producer-1] Node -1 disconnected.
2026-08-28 20:16:05.598 [kafka-producer-network-thread | customer-service-producer-1] WARN  customer-service [o.apache.kafka.clients.NetworkClient] - [Producer clientId=customer-service-producer-1] Connection to node -1 (localhost/127.0.0.1:9092) could not be established. Node may not be available.
2026-08-28 20:16:05.598 [kafka-producer-network-thread | customer-service-producer-1] WARN  customer-service [o.apache.kafka.clients.NetworkClient] - [Producer clientId=customer-service-producer-1] Bootstrap broker localhost:9092 (id: -1 rack: null) disconnected
2026-08-28 20:16:06.605 [kafka-producer-network-thread | customer-service-producer-1] INFO  customer-service [o.apache.kafka.clients.NetworkClient] - [Producer clientId=customer-service-producer-1] Node -1 disconnected.
2026-08-28 20:16:06.606 [kafka-producer-network-thread | customer-service-producer-1] WARN  customer-service [o.apache.kafka.clients.NetworkClient] - [Producer clientId=customer-service-producer-1] Connection to node -1 (localhost/127.0.0.1:9092) could not be established. Node may not be available.
2026-08-28 20:16:06.606 [kafka-producer-network-thread | customer-service-producer-1] WARN  customer-service [o.apache.kafka.clients.NetworkClient] - [Producer clientId=customer-service-producer-1] Bootstrap broker localhost:9092 (id: -1 rack: null) disconnected
2026-08-28 20:16:07.630 [kafka-producer-network-thread | customer-service-producer-1] INFO  customer-service [o.apache.kafka.clients.NetworkClient] - [Producer clientId=customer-service-producer-1] Node -1 disconnected.
2026-08-28 20:16:07.630 [kafka-producer-network-thread | customer-service-producer-1] WARN  customer-service [o.apache.kafka.clients.NetworkClient] - [Producer clientId=customer-service-producer-1] Connection to node -1 (localhost/127.0.0.1:9092) could not be established. Node may not be available.
2026-08-28 20:16:07.630 [kafka-producer-network-thread | customer-service-producer-1] WARN  customer-service [o.apache.kafka.clients.NetworkClient] - [Producer clientId=customer-service-producer-1] Bootstrap broker localhost:9092 (id: -1 rack: null) disconnected
2026-08-28 20:16:08.783 [kafka-producer-network-thread | customer-service-producer-1] INFO  customer-service [o.apache.kafka.clients.NetworkClient] - [Producer clientId=customer-service-producer-1] Node -1 disconnected.
2026-08-28 20:16:08.783 [kafka-producer-network-thread | customer-service-producer-1] WARN  customer-service [o.apache.kafka.clients.NetworkClient] - [Producer clientId=customer-service-producer-1] Connection to node -1 (localhost/127.0.0.1:9092) could not be established. Node may not be available.
2026-08-28 20:16:08.784 [kafka-producer-network-thread | customer-service-producer-1] WARN  customer-service [o.apache.kafka.clients.NetworkClient] - [Producer clientId=customer-service-producer-1] Bootstrap broker localhost:9092 (id: -1 rack: null) disconnected
2026-08-28 20:16:09.823 [kafka-producer-network-thread | customer-service-producer-1] INFO  customer-service [o.apache.kafka.clients.NetworkClient] - [Producer clientId=customer-service-producer-1] Node -1 disconnected.
2026-08-28 20:16:09.823 [kafka-producer-network-thread | customer-service-producer-1] WARN  customer-service [o.apache.kafka.clients.NetworkClient] - [Producer clientId=customer-service-producer-1] Connection to node -1 (localhost/127.0.0.1:9092) could not be established. Node may not be available.
2026-08-28 20:16:09.823 [kafka-producer-network-thread | customer-service-producer-1] WARN  customer-service [o.apache.kafka.clients.NetworkClient] - [Producer clientId=customer-service-producer-1] Bootstrap broker localhost:9092 (id: -1 rack: null) disconnected
2026-08-28 20:16:10.824 [kafka-producer-network-thread | customer-service-producer-1] INFO  customer-service [o.apache.kafka.clients.NetworkClient] - [Producer clientId=customer-service-producer-1] Node -1 disconnected.
2026-08-28 20:16:10.824 [kafka-producer-network-thread | customer-service-producer-1] WARN  customer-service [o.apache.kafka.clients.NetworkClient] - [Producer clientId=customer-service-producer-1] Connection to node -1 (localhost/127.0.0.1:9092) could not be established. Node may not be available.
2026-08-28 20:16:10.825 [kafka-producer-network-thread | customer-service-producer-1] WARN  customer-service [o.apache.kafka.clients.NetworkClient] - [Producer clientId=customer-service-producer-1] Bootstrap broker localhost:9092 (id: -1 rack: null) disconnected
2026-08-28 20:16:11.734 [kafka-producer-network-thread | customer-service-producer-1] INFO  customer-service [o.apache.kafka.clients.NetworkClient] - [Producer clientId=customer-service-producer-1] Node -1 disconnected.
2026-08-28 20:16:11.734 [kafka-producer-network-thread | customer-service-producer-1] WARN  customer-service [o.apache.kafka.clients.NetworkClient] - [Producer clientId=customer-service-producer-1] Connection to node -1 (localhost/127.0.0.1:9092) could not be established. Node may not be available.
2026-08-28 20:16:11.734 [kafka-producer-network-thread | customer-service-producer-1] WARN  customer-service [o.apache.kafka.clients.NetworkClient] - [Producer clientId=customer-service-producer-1] Bootstrap broker localhost:9092 (id: -1 rack: null) disconnected
2026-08-28 20:16:12.692 [kafka-producer-network-thread | customer-service-producer-1] INFO  customer-service [o.apache.kafka.clients.NetworkClient] - [Producer clientId=customer-service-producer-1] Node -1 disconnected.
2026-08-28 20:16:12.692 [kafka-producer-network-thread | customer-service-producer-1] WARN  customer-service [o.apache.kafka.clients.NetworkClient] - [Producer clientId=customer-service-producer-1] Connection to node -1 (localhost/127.0.0.1:9092) could not be established. Node may not be available.
2026-08-28 20:16:12.692 [kafka-producer-network-thread | customer-service-producer-1] WARN  customer-service [o.apache.kafka.clients.NetworkClient] - [Producer clientId=customer-service-producer-1] Bootstrap broker localhost:9092 (id: -1 rack: null) disconnected
2026-08-28 20:16:13.734 [kafka-producer-network-thread | customer-service-producer-1] INFO  customer-service [o.apache.kafka.clients.NetworkClient] - [Producer clientId=customer-service-producer-1] Node -1 disconnected.
2026-08-28 20:16:13.734 [kafka-producer-network-thread | customer-service-producer-1] WARN  customer-service [o.apache.kafka.clients.NetworkClient] - [Producer clientId=customer-service-producer-1] Connection to node -1 (localhost/127.0.0.1:9092) could not be established. Node may not be available.
2026-08-28 20:16:13.734 [kafka-producer-network-thread | customer-service-producer-1] WARN  customer-service [o.apache.kafka.clients.NetworkClient] - [Producer clientId=customer-service-producer-1] Bootstrap broker localhost:9092 (id: -1 rack: null) disconnected
2026-08-28 20:16:14.747 [kafka-producer-network-thread | customer-service-producer-1] INFO  customer-service [o.apache.kafka.clients.NetworkClient] - [Producer clientId=customer-service-producer-1] Node -1 disconnected.
2026-08-28 20:16:14.748 [kafka-producer-network-thread | customer-service-producer-1] WARN  customer-service [o.apache.kafka.clients.NetworkClient] - [Producer clientId=customer-service-producer-1] Connection to node -1 (localhost/127.0.0.1:9092) could not be established. Node may not be available.
2026-08-28 20:16:14.748 [kafka-producer-network-thread | customer-service-producer-1] WARN  customer-service [o.apache.kafka.clients.NetworkClient] - [Producer clientId=customer-service-producer-1] Bootstrap broker localhost:9092 (id: -1 rack: null) disconnected
2026-08-28 20:16:15.748 [kafka-producer-network-thread | customer-service-producer-1] INFO  customer-service [o.apache.kafka.clients.NetworkClient] - [Producer clientId=customer-service-producer-1] Node -1 disconnected.
2026-08-28 20:16:15.748 [kafka-producer-network-thread | customer-service-producer-1] WARN  customer-service [o.apache.kafka.clients.NetworkClient] - [Producer clientId=customer-service-producer-1] Connection to node -1 (localhost/127.0.0.1:9092) could not be established. Node may not be available.
2026-08-28 20:16:15.748 [kafka-producer-network-thread | customer-service-producer-1] WARN  customer-service [o.apache.kafka.clients.NetworkClient] - [Producer clientId=customer-service-producer-1] Bootstrap broker localhost:9092 (id: -1 rack: null) disconnected
2026-08-28 20:16:16.659 [kafka-producer-network-thread | customer-service-producer-1] INFO  customer-service [o.apache.kafka.clients.NetworkClient] - [Producer clientId=customer-service-producer-1] Node -1 disconnected.
2026-08-28 20:16:16.659 [kafka-producer-network-thread | customer-service-producer-1] WARN  customer-service [o.apache.kafka.clients.NetworkClient] - [Producer clientId=customer-service-producer-1] Connection to node -1 (localhost/127.0.0.1:9092) could not be established. Node may not be available.
2026-08-28 20:16:16.659 [kafka-producer-network-thread | customer-service-producer-1] WARN  customer-service [o.apache.kafka.clients.NetworkClient] - [Producer clientId=customer-service-producer-1] Bootstrap broker localhost:9092 (id: -1 rack: null) disconnected
2026-08-28 20:16:17.661 [kafka-producer-network-thread | customer-service-producer-1] INFO  customer-service [o.apache.kafka.clients.NetworkClient] - [Producer clientId=customer-service-producer-1] Node -1 disconnected.
2026-08-28 20:16:17.661 [kafka-producer-network-thread | customer-service-producer-1] WARN  customer-service [o.apache.kafka.clients.NetworkClient] - [Producer clientId=customer-service-producer-1] Connection to node -1 (localhost/127.0.0.1:9092) could not be established. Node may not be available.
2026-08-28 20:16:17.661 [kafka-producer-network-thread | customer-service-producer-1] WARN  customer-service [o.apache.kafka.clients.NetworkClient] - [Producer clientId=customer-service-producer-1] Bootstrap broker localhost:9092 (id: -1 rack: null) disconnected
2026-08-28 20:16:18.664 [kafka-producer-network-thread | customer-service-producer-1] INFO  customer-service [o.apache.kafka.clients.NetworkClient] - [Producer clientId=customer-service-producer-1] Node -1 disconnected.
2026-08-28 20:16:18.664 [kafka-producer-network-thread | customer-service-producer-1] WARN  customer-service [o.apache.kafka.clients.NetworkClient] - [Producer clientId=customer-service-producer-1] Connection to node -1 (localhost/127.0.0.1:9092) could not be established. Node may not be available.
2026-08-28 20:16:18.664 [kafka-producer-network-thread | customer-service-producer-1] WARN  customer-service [o.apache.kafka.clients.NetworkClient] - [Producer clientId=customer-service-producer-1] Bootstrap broker localhost:9092 (id: -1 rack: null) disconnected
2026-08-28 20:16:19.535 [kafka-producer-network-thread | customer-service-producer-1] INFO  customer-service [o.apache.kafka.clients.NetworkClient] - [Producer clientId=customer-service-producer-1] Node -1 disconnected.
2026-08-28 20:16:19.536 [kafka-producer-network-thread | customer-service-producer-1] WARN  customer-service [o.apache.kafka.clients.NetworkClient] - [Producer clientId=customer-service-producer-1] Connection to node -1 (localhost/127.0.0.1:9092) could not be established. Node may not be available.
2026-08-28 20:16:19.536 [kafka-producer-network-thread | customer-service-producer-1] WARN  customer-service [o.apache.kafka.clients.NetworkClient] - [Producer clientId=customer-service-producer-1] Bootstrap broker localhost:9092 (id: -1 rack: null) disconnected
2026-08-28 20:16:20.536 [kafka-producer-network-thread | customer-service-producer-1] INFO  customer-service [o.apache.kafka.clients.NetworkClient] - [Producer clientId=customer-service-producer-1] Node -1 disconnected.
2026-08-28 20:16:20.536 [kafka-producer-network-thread | customer-service-producer-1] WARN  customer-service [o.apache.kafka.clients.NetworkClient] - [Producer clientId=customer-service-producer-1] Connection to node -1 (localhost/127.0.0.1:9092) could not be established. Node may not be available.
2026-08-28 20:16:20.536 [kafka-producer-network-thread | customer-service-producer-1] WARN  customer-service [o.apache.kafka.clients.NetworkClient] - [Producer clientId=customer-service-producer-1] Bootstrap broker localhost:9092 (id: -1 rack: null) disconnected
2026-08-28 20:16:21.468 [kafka-producer-network-thread | customer-service-producer-1] INFO  customer-service [o.apache.kafka.clients.NetworkClient] - [Producer clientId=customer-service-producer-1] Node -1 disconnected.
2026-08-28 20:16:21.468 [kafka-producer-network-thread | customer-service-producer-1] WARN  customer-service [o.apache.kafka.clients.NetworkClient] - [Producer clientId=customer-service-producer-1] Connection to node -1 (localhost/127.0.0.1:9092) could not be established. Node may not be available.
2026-08-28 20:16:21.468 [kafka-producer-network-thread | customer-service-producer-1] WARN  customer-service [o.apache.kafka.clients.NetworkClient] - [Producer clientId=customer-service-producer-1] Bootstrap broker localhost:9092 (id: -1 rack: null) disconnected
2026-08-28 20:16:22.478 [kafka-producer-network-thread | customer-service-producer-1] INFO  customer-service [o.apache.kafka.clients.NetworkClient] - [Producer clientId=customer-service-producer-1] Node -1 disconnected.
2026-08-28 20:16:22.478 [kafka-producer-network-thread | customer-service-producer-1] WARN  customer-service [o.apache.kafka.clients.NetworkClient] - [Producer clientId=customer-service-producer-1] Connection to node -1 (localhost/127.0.0.1:9092) could not be established. Node may not be available.
2026-08-28 20:16:22.478 [kafka-producer-network-thread | customer-service-producer-1] WARN  customer-service [o.apache.kafka.clients.NetworkClient] - [Producer clientId=customer-service-producer-1] Bootstrap broker localhost:9092 (id: -1 rack: null) disconnected
2026-08-28 20:16:23.479 [kafka-producer-network-thread | customer-service-producer-1] INFO  customer-service [o.apache.kafka.clients.NetworkClient] - [Producer clientId=customer-service-producer-1] Node -1 disconnected.
2026-08-28 20:16:23.479 [kafka-producer-network-thread | customer-service-producer-1] WARN  customer-service [o.apache.kafka.clients.NetworkClient] - [Producer clientId=customer-service-producer-1] Connection to node -1 (localhost/127.0.0.1:9092) could not be established. Node may not be available.
2026-08-28 20:16:23.479 [kafka-producer-network-thread | customer-service-producer-1] WARN  customer-service [o.apache.kafka.clients.NetworkClient] - [Producer clientId=customer-service-producer-1] Bootstrap broker localhost:9092 (id: -1 rack: null) disconnected
2026-08-28 20:16:24.481 [kafka-producer-network-thread | customer-service-producer-1] INFO  customer-service [o.apache.kafka.clients.NetworkClient] - [Producer clientId=customer-service-producer-1] Node -1 disconnected.
2026-08-28 20:16:24.481 [kafka-producer-network-thread | customer-service-producer-1] WARN  customer-service [o.apache.kafka.clients.NetworkClient] - [Producer clientId=customer-service-producer-1] Connection to node -1 (localhost/127.0.0.1:9092) could not be established. Node may not be available.
2026-08-28 20:16:24.481 [kafka-producer-network-thread | customer-service-producer-1] WARN  customer-service [o.apache.kafka.clients.NetworkClient] - [Producer clientId=customer-service-producer-1] Bootstrap broker localhost:9092 (id: -1 rack: null) disconnected
2026-08-28 20:16:25.375 [kafka-producer-network-thread | customer-service-producer-1] INFO  customer-service [o.apache.kafka.clients.NetworkClient] - [Producer clientId=customer-service-producer-1] Node -1 disconnected.
2026-08-28 20:16:25.375 [kafka-producer-network-thread | customer-service-producer-1] WARN  customer-service [o.apache.kafka.clients.NetworkClient] - [Producer clientId=customer-service-producer-1] Connection to node -1 (localhost/127.0.0.1:9092) could not be established. Node may not be available.
2026-08-28 20:16:25.375 [kafka-producer-network-thread | customer-service-producer-1] WARN  customer-service [o.apache.kafka.clients.NetworkClient] - [Producer clientId=customer-service-producer-1] Bootstrap broker localhost:9092 (id: -1 rack: null) disconnected
2026-08-28 20:16:26.382 [kafka-producer-network-thread | customer-service-producer-1] INFO  customer-service [o.apache.kafka.clients.NetworkClient] - [Producer clientId=customer-service-producer-1] Node -1 disconnected.
2026-08-28 20:16:26.382 [kafka-producer-network-thread | customer-service-producer-1] WARN  customer-service [o.apache.kafka.clients.NetworkClient] - [Producer clientId=customer-service-producer-1] Connection to node -1 (localhost/127.0.0.1:9092) could not be established. Node may not be available.
2026-08-28 20:16:26.382 [kafka-producer-network-thread | customer-service-producer-1] WARN  customer-service [o.apache.kafka.clients.NetworkClient] - [Producer clientId=customer-service-producer-1] Bootstrap broker localhost:9092 (id: -1 rack: null) disconnected
2026-08-28 20:16:27.383 [kafka-producer-network-thread | customer-service-producer-1] INFO  customer-service [o.apache.kafka.clients.NetworkClient] - [Producer clientId=customer-service-producer-1] Node -1 disconnected.
2026-08-28 20:16:27.383 [kafka-producer-network-thread | customer-service-producer-1] WARN  customer-service [o.apache.kafka.clients.NetworkClient] - [Producer clientId=customer-service-producer-1] Connection to node -1 (localhost/127.0.0.1:9092) could not be established. Node may not be available.
2026-08-28 20:16:27.383 [kafka-producer-network-thread | customer-service-producer-1] WARN  customer-service [o.apache.kafka.clients.NetworkClient] - [Producer clientId=customer-service-producer-1] Bootstrap broker localhost:9092 (id: -1 rack: null) disconnected
2026-08-28 20:16:28.384 [kafka-producer-network-thread | customer-service-producer-1] INFO  customer-service [o.apache.kafka.clients.NetworkClient] - [Producer clientId=customer-service-producer-1] Node -1 disconnected.
2026-08-28 20:16:28.384 [kafka-producer-network-thread | customer-service-producer-1] WARN  customer-service [o.apache.kafka.clients.NetworkClient] - [Producer clientId=customer-service-producer-1] Connection to node -1 (localhost/127.0.0.1:9092) could not be established. Node may not be available.
2026-08-28 20:16:28.384 [kafka-producer-network-thread | customer-service-producer-1] WARN  customer-service [o.apache.kafka.clients.NetworkClient] - [Producer clientId=customer-service-producer-1] Bootstrap broker localhost:9092 (id: -1 rack: null) disconnected
2026-08-28 20:16:29.384 [kafka-producer-network-thread | customer-service-producer-1] INFO  customer-service [o.apache.kafka.clients.NetworkClient] - [Producer clientId=customer-service-producer-1] Node -1 disconnected.
2026-08-28 20:16:29.384 [kafka-producer-network-thread | customer-service-producer-1] WARN  customer-service [o.apache.kafka.clients.NetworkClient] - [Producer clientId=customer-service-producer-1] Connection to node -1 (localhost/127.0.0.1:9092) could not be established. Node may not be available.
2026-08-28 20:16:29.384 [kafka-producer-network-thread | customer-service-producer-1] WARN  customer-service [o.apache.kafka.clients.NetworkClient] - [Producer clientId=customer-service-producer-1] Bootstrap broker localhost:9092 (id: -1 rack: null) disconnected
2026-08-28 20:16:30.391 [kafka-producer-network-thread | customer-service-producer-1] INFO  customer-service [o.apache.kafka.clients.NetworkClient] - [Producer clientId=customer-service-producer-1] Node -1 disconnected.
2026-08-28 20:16:30.392 [kafka-producer-network-thread | customer-service-producer-1] WARN  customer-service [o.apache.kafka.clients.NetworkClient] - [Producer clientId=customer-service-producer-1] Connection to node -1 (localhost/127.0.0.1:9092) could not be established. Node may not be available.
2026-08-28 20:16:30.392 [kafka-producer-network-thread | customer-service-producer-1] WARN  customer-service [o.apache.kafka.clients.NetworkClient] - [Producer clientId=customer-service-producer-1] Bootstrap broker localhost:9092 (id: -1 rack: null) disconnected
2026-08-28 20:16:31.300 [kafka-producer-network-thread | customer-service-producer-1] INFO  customer-service [o.apache.kafka.clients.NetworkClient] - [Producer clientId=customer-service-producer-1] Node -1 disconnected.
2026-08-28 20:16:31.300 [kafka-producer-network-thread | customer-service-producer-1] WARN  customer-service [o.apache.kafka.clients.NetworkClient] - [Producer clientId=customer-service-producer-1] Connection to node -1 (localhost/127.0.0.1:9092) could not be established. Node may not be available.
2026-08-28 20:16:31.300 [kafka-producer-network-thread | customer-service-producer-1] WARN  customer-service [o.apache.kafka.clients.NetworkClient] - [Producer clientId=customer-service-producer-1] Bootstrap broker localhost:9092 (id: -1 rack: null) disconnected
2026-08-28 20:16:32.106 [kafka-producer-network-thread | customer-service-producer-1] INFO  customer-service [o.apache.kafka.clients.NetworkClient] - [Producer clientId=customer-service-producer-1] Node -1 disconnected.
2026-08-28 20:16:32.106 [kafka-producer-network-thread | customer-service-producer-1] WARN  customer-service [o.apache.kafka.clients.NetworkClient] - [Producer clientId=customer-service-producer-1] Connection to node -1 (localhost/127.0.0.1:9092) could not be established. Node may not be available.
2026-08-28 20:16:32.106 [kafka-producer-network-thread | customer-service-producer-1] WARN  customer-service [o.apache.kafka.clients.NetworkClient] - [Producer clientId=customer-service-producer-1] Bootstrap broker localhost:9092 (id: -1 rack: null) disconnected
2026-08-28 20:16:33.115 [kafka-producer-network-thread | customer-service-producer-1] INFO  customer-service [o.apache.kafka.clients.NetworkClient] - [Producer clientId=customer-service-producer-1] Node -1 disconnected.
2026-08-28 20:16:33.115 [kafka-producer-network-thread | customer-service-producer-1] WARN  customer-service [o.apache.kafka.clients.NetworkClient] - [Producer clientId=customer-service-producer-1] Connection to node -1 (localhost/127.0.0.1:9092) could not be established. Node may not be available.
2026-08-28 20:16:33.116 [kafka-producer-network-thread | customer-service-producer-1] WARN  customer-service [o.apache.kafka.clients.NetworkClient] - [Producer clientId=customer-service-producer-1] Bootstrap broker localhost:9092 (id: -1 rack: null) disconnected
2026-08-28 20:16:34.115 [kafka-producer-network-thread | customer-service-producer-1] INFO  customer-service [o.apache.kafka.clients.NetworkClient] - [Producer clientId=customer-service-producer-1] Node -1 disconnected.
2026-08-28 20:16:34.116 [kafka-producer-network-thread | customer-service-producer-1] WARN  customer-service [o.apache.kafka.clients.NetworkClient] - [Producer clientId=customer-service-producer-1] Connection to node -1 (localhost/127.0.0.1:9092) could not be established. Node may not be available.
2026-08-28 20:16:34.116 [kafka-producer-network-thread | customer-service-producer-1] WARN  customer-service [o.apache.kafka.clients.NetworkClient] - [Producer clientId=customer-service-producer-1] Bootstrap broker localhost:9092 (id: -1 rack: null) disconnected
2026-08-28 20:16:34.968 [kafka-producer-network-thread | customer-service-producer-1] INFO  customer-service [o.apache.kafka.clients.NetworkClient] - [Producer clientId=customer-service-producer-1] Node -1 disconnected.
2026-08-28 20:16:34.968 [kafka-producer-network-thread | customer-service-producer-1] WARN  customer-service [o.apache.kafka.clients.NetworkClient] - [Producer clientId=customer-service-producer-1] Connection to node -1 (localhost/127.0.0.1:9092) could not be established. Node may not be available.
2026-08-28 20:16:34.968 [kafka-producer-network-thread | customer-service-producer-1] WARN  customer-service [o.apache.kafka.clients.NetworkClient] - [Producer clientId=customer-service-producer-1] Bootstrap broker localhost:9092 (id: -1 rack: null) disconnected
2026-08-28 20:16:35.829 [kafka-producer-network-thread | customer-service-producer-1] INFO  customer-service [o.apache.kafka.clients.NetworkClient] - [Producer clientId=customer-service-producer-1] Node -1 disconnected.
2026-08-28 20:16:35.829 [kafka-producer-network-thread | customer-service-producer-1] WARN  customer-service [o.apache.kafka.clients.NetworkClient] - [Producer clientId=customer-service-producer-1] Connection to node -1 (localhost/127.0.0.1:9092) could not be established. Node may not be available.
2026-08-28 20:16:35.829 [kafka-producer-network-thread | customer-service-producer-1] WARN  customer-service [o.apache.kafka.clients.NetworkClient] - [Producer clientId=customer-service-producer-1] Bootstrap broker localhost:9092 (id: -1 rack: null) disconnected
2026-08-28 20:16:36.832 [kafka-producer-network-thread | customer-service-producer-1] INFO  customer-service [o.apache.kafka.clients.NetworkClient] - [Producer clientId=customer-service-producer-1] Node -1 disconnected.
2026-08-28 20:16:36.832 [kafka-producer-network-thread | customer-service-producer-1] WARN  customer-service [o.apache.kafka.clients.NetworkClient] - [Producer clientId=customer-service-producer-1] Connection to node -1 (localhost/127.0.0.1:9092) could not be established. Node may not be available.
2026-08-28 20:16:36.832 [kafka-producer-network-thread | customer-service-producer-1] WARN  customer-service [o.apache.kafka.clients.NetworkClient] - [Producer clientId=customer-service-producer-1] Bootstrap broker localhost:9092 (id: -1 rack: null) disconnected
2026-08-28 20:16:37.689 [kafka-producer-network-thread | customer-service-producer-1] INFO  customer-service [o.apache.kafka.clients.NetworkClient] - [Producer clientId=customer-service-producer-1] Node -1 disconnected.
2026-08-28 20:16:37.689 [kafka-producer-network-thread | customer-service-producer-1] WARN  customer-service [o.apache.kafka.clients.NetworkClient] - [Producer clientId=customer-service-producer-1] Connection to node -1 (localhost/127.0.0.1:9092) could not be established. Node may not be available.
2026-08-28 20:16:37.689 [kafka-producer-network-thread | customer-service-producer-1] WARN  customer-service [o.apache.kafka.clients.NetworkClient] - [Producer clientId=customer-service-producer-1] Bootstrap broker localhost:9092 (id: -1 rack: null) disconnected
2026-08-28 20:16:38.604 [kafka-producer-network-thread | customer-service-producer-1] INFO  customer-service [o.apache.kafka.clients.NetworkClient] - [Producer clientId=customer-service-producer-1] Node -1 disconnected.
2026-08-28 20:16:38.604 [kafka-producer-network-thread | customer-service-producer-1] WARN  customer-service [o.apache.kafka.clients.NetworkClient] - [Producer clientId=customer-service-producer-1] Connection to node -1 (localhost/127.0.0.1:9092) could not be established. Node may not be available.
2026-08-28 20:16:38.605 [kafka-producer-network-thread | customer-service-producer-1] WARN  customer-service [o.apache.kafka.clients.NetworkClient] - [Producer clientId=customer-service-producer-1] Bootstrap broker localhost:9092 (id: -1 rack: null) disconnected
2026-08-28 20:16:39.556 [kafka-producer-network-thread | customer-service-producer-1] INFO  customer-service [o.apache.kafka.clients.NetworkClient] - [Producer clientId=customer-service-producer-1] Node -1 disconnected.
2026-08-28 20:16:39.556 [kafka-producer-network-thread | customer-service-producer-1] WARN  customer-service [o.apache.kafka.clients.NetworkClient] - [Producer clientId=customer-service-producer-1] Connection to node -1 (localhost/127.0.0.1:9092) could not be established. Node may not be available.
2026-08-28 20:16:39.556 [kafka-producer-network-thread | customer-service-producer-1] WARN  customer-service [o.apache.kafka.clients.NetworkClient] - [Producer clientId=customer-service-producer-1] Bootstrap broker localhost:9092 (id: -1 rack: null) disconnected
2026-08-28 20:16:40.567 [kafka-producer-network-thread | customer-service-producer-1] INFO  customer-service [o.apache.kafka.clients.NetworkClient] - [Producer clientId=customer-service-producer-1] Node -1 disconnected.
2026-08-28 20:16:40.567 [kafka-producer-network-thread | customer-service-producer-1] WARN  customer-service [o.apache.kafka.clients.NetworkClient] - [Producer clientId=customer-service-producer-1] Connection to node -1 (localhost/127.0.0.1:9092) could not be established. Node may not be available.
2026-08-28 20:16:40.567 [kafka-producer-network-thread | customer-service-producer-1] WARN  customer-service [o.apache.kafka.clients.NetworkClient] - [Producer clientId=customer-service-producer-1] Bootstrap broker localhost:9092 (id: -1 rack: null) disconnected
2026-08-28 20:16:41.569 [kafka-producer-network-thread | customer-service-producer-1] INFO  customer-service [o.apache.kafka.clients.NetworkClient] - [Producer clientId=customer-service-producer-1] Node -1 disconnected.
2026-08-28 20:16:41.570 [kafka-producer-network-thread | customer-service-producer-1] WARN  customer-service [o.apache.kafka.clients.NetworkClient] - [Producer clientId=customer-service-producer-1] Connection to node -1 (localhost/127.0.0.1:9092) could not be established. Node may not be available.
2026-08-28 20:16:41.570 [kafka-producer-network-thread | customer-service-producer-1] WARN  customer-service [o.apache.kafka.clients.NetworkClient] - [Producer clientId=customer-service-producer-1] Bootstrap broker localhost:9092 (id: -1 rack: null) disconnected
2026-08-28 20:16:42.460 [kafka-producer-network-thread | customer-service-producer-1] INFO  customer-service [o.apache.kafka.clients.NetworkClient] - [Producer clientId=customer-service-producer-1] Node -1 disconnected.
2026-08-28 20:16:42.460 [kafka-producer-network-thread | customer-service-producer-1] WARN  customer-service [o.apache.kafka.clients.NetworkClient] - [Producer clientId=customer-service-producer-1] Connection to node -1 (localhost/127.0.0.1:9092) could not be established. Node may not be available.
2026-08-28 20:16:42.460 [kafka-producer-network-thread | customer-service-producer-1] WARN  customer-service [o.apache.kafka.clients.NetworkClient] - [Producer clientId=customer-service-producer-1] Bootstrap broker localhost:9092 (id: -1 rack: null) disconnected
2026-08-28 20:16:43.416 [kafka-producer-network-thread | customer-service-producer-1] INFO  customer-service [o.apache.kafka.clients.NetworkClient] - [Producer clientId=customer-service-producer-1] Node -1 disconnected.
2026-08-28 20:16:43.416 [kafka-producer-network-thread | customer-service-producer-1] WARN  customer-service [o.apache.kafka.clients.NetworkClient] - [Producer clientId=customer-service-producer-1] Connection to node -1 (localhost/127.0.0.1:9092) could not be established. Node may not be available.
2026-08-28 20:16:43.416 [kafka-producer-network-thread | customer-service-producer-1] WARN  customer-service [o.apache.kafka.clients.NetworkClient] - [Producer clientId=customer-service-producer-1] Bootstrap broker localhost:9092 (id: -1 rack: null) disconnected
2026-08-28 20:16:44.424 [kafka-producer-network-thread | customer-service-producer-1] INFO  customer-service [o.apache.kafka.clients.NetworkClient] - [Producer clientId=customer-service-producer-1] Node -1 disconnected.
2026-08-28 20:16:44.424 [kafka-producer-network-thread | customer-service-producer-1] WARN  customer-service [o.apache.kafka.clients.NetworkClient] - [Producer clientId=customer-service-producer-1] Connection to node -1 (localhost/127.0.0.1:9092) could not be established. Node may not be available.
2026-08-28 20:16:44.424 [kafka-producer-network-thread | customer-service-producer-1] WARN  customer-service [o.apache.kafka.clients.NetworkClient] - [Producer clientId=customer-service-producer-1] Bootstrap broker localhost:9092 (id: -1 rack: null) disconnected
2026-08-28 20:16:45.426 [kafka-producer-network-thread | customer-service-producer-1] INFO  customer-service [o.apache.kafka.clients.NetworkClient] - [Producer clientId=customer-service-producer-1] Node -1 disconnected.
2026-08-28 20:16:45.426 [kafka-producer-network-thread | customer-service-producer-1] WARN  customer-service [o.apache.kafka.clients.NetworkClient] - [Producer clientId=customer-service-producer-1] Connection to node -1 (localhost/127.0.0.1:9092) could not be established. Node may not be available.
2026-08-28 20:16:45.427 [kafka-producer-network-thread | customer-service-producer-1] WARN  customer-service [o.apache.kafka.clients.NetworkClient] - [Producer clientId=customer-service-producer-1] Bootstrap broker localhost:9092 (id: -1 rack: null) disconnected
2026-08-28 20:16:46.427 [kafka-producer-network-thread | customer-service-producer-1] INFO  customer-service [o.apache.kafka.clients.NetworkClient] - [Producer clientId=customer-service-producer-1] Node -1 disconnected.
2026-08-28 20:16:46.427 [kafka-producer-network-thread | customer-service-producer-1] WARN  customer-service [o.apache.kafka.clients.NetworkClient] - [Producer clientId=customer-service-producer-1] Connection to node -1 (localhost/127.0.0.1:9092) could not be established. Node may not be available.
2026-08-28 20:16:46.427 [kafka-producer-network-thread | customer-service-producer-1] WARN  customer-service [o.apache.kafka.clients.NetworkClient] - [Producer clientId=customer-service-producer-1] Bootstrap broker localhost:9092 (id: -1 rack: null) disconnected
2026-08-28 20:16:47.290 [kafka-producer-network-thread | customer-service-producer-1] INFO  customer-service [o.apache.kafka.clients.NetworkClient] - [Producer clientId=customer-service-producer-1] Node -1 disconnected.
2026-08-28 20:16:47.291 [kafka-producer-network-thread | customer-service-producer-1] WARN  customer-service [o.apache.kafka.clients.NetworkClient] - [Producer clientId=customer-service-producer-1] Connection to node -1 (localhost/127.0.0.1:9092) could not be established. Node may not be available.
2026-08-28 20:16:47.291 [kafka-producer-network-thread | customer-service-producer-1] WARN  customer-service [o.apache.kafka.clients.NetworkClient] - [Producer clientId=customer-service-producer-1] Bootstrap broker localhost:9092 (id: -1 rack: null) disconnected
2026-08-28 20:16:48.240 [kafka-producer-network-thread | customer-service-producer-1] INFO  customer-service [o.apache.kafka.clients.NetworkClient] - [Producer clientId=customer-service-producer-1] Node -1 disconnected.
2026-08-28 20:16:48.240 [kafka-producer-network-thread | customer-service-producer-1] WARN  customer-service [o.apache.kafka.clients.NetworkClient] - [Producer clientId=customer-service-producer-1] Connection to node -1 (localhost/127.0.0.1:9092) could not be established. Node may not be available.
2026-08-28 20:16:48.240 [kafka-producer-network-thread | customer-service-producer-1] WARN  customer-service [o.apache.kafka.clients.NetworkClient] - [Producer clientId=customer-service-producer-1] Bootstrap broker localhost:9092 (id: -1 rack: null) disconnected
2026-08-28 20:16:49.252 [kafka-producer-network-thread | customer-service-producer-1] INFO  customer-service [o.apache.kafka.clients.NetworkClient] - [Producer clientId=customer-service-producer-1] Node -1 disconnected.
2026-08-28 20:16:49.253 [kafka-producer-network-thread | customer-service-producer-1] WARN  customer-service [o.apache.kafka.clients.NetworkClient] - [Producer clientId=customer-service-producer-1] Connection to node -1 (localhost/127.0.0.1:9092) could not be established. Node may not be available.
2026-08-28 20:16:49.253 [kafka-producer-network-thread | customer-service-producer-1] WARN  customer-service [o.apache.kafka.clients.NetworkClient] - [Producer clientId=customer-service-producer-1] Bootstrap broker localhost:9092 (id: -1 rack: null) disconnected
2026-08-28 20:16:50.263 [kafka-producer-network-thread | customer-service-producer-1] INFO  customer-service [o.apache.kafka.clients.NetworkClient] - [Producer clientId=customer-service-producer-1] Node -1 disconnected.
2026-08-28 20:16:50.263 [kafka-producer-network-thread | customer-service-producer-1] WARN  customer-service [o.apache.kafka.clients.NetworkClient] - [Producer clientId=customer-service-producer-1] Connection to node -1 (localhost/127.0.0.1:9092) could not be established. Node may not be available.
2026-08-28 20:16:50.264 [kafka-producer-network-thread | customer-service-producer-1] WARN  customer-service [o.apache.kafka.clients.NetworkClient] - [Producer clientId=customer-service-producer-1] Bootstrap broker localhost:9092 (id: -1 rack: null) disconnected
2026-08-28 20:16:51.231 [kafka-producer-network-thread | customer-service-producer-1] INFO  customer-service [o.apache.kafka.clients.NetworkClient] - [Producer clientId=customer-service-producer-1] Node -1 disconnected.
2026-08-28 20:16:51.231 [kafka-producer-network-thread | customer-service-producer-1] WARN  customer-service [o.apache.kafka.clients.NetworkClient] - [Producer clientId=customer-service-producer-1] Connection to node -1 (localhost/127.0.0.1:9092) could not be established. Node may not be available.
2026-08-28 20:16:51.231 [kafka-producer-network-thread | customer-service-producer-1] WARN  customer-service [o.apache.kafka.clients.NetworkClient] - [Producer clientId=customer-service-producer-1] Bootstrap broker localhost:9092 (id: -1 rack: null) disconnected
2026-08-28 20:16:52.096 [kafka-producer-network-thread | customer-service-producer-1] INFO  customer-service [o.apache.kafka.clients.NetworkClient] - [Producer clientId=customer-service-producer-1] Node -1 disconnected.
2026-08-28 20:16:52.096 [kafka-producer-network-thread | customer-service-producer-1] WARN  customer-service [o.apache.kafka.clients.NetworkClient] - [Producer clientId=customer-service-producer-1] Connection to node -1 (localhost/127.0.0.1:9092) could not be established. Node may not be available.
2026-08-28 20:16:52.096 [kafka-producer-network-thread | customer-service-producer-1] WARN  customer-service [o.apache.kafka.clients.NetworkClient] - [Producer clientId=customer-service-producer-1] Bootstrap broker localhost:9092 (id: -1 rack: null) disconnected
2026-08-28 20:16:53.111 [kafka-producer-network-thread | customer-service-producer-1] INFO  customer-service [o.apache.kafka.clients.NetworkClient] - [Producer clientId=customer-service-producer-1] Node -1 disconnected.
2026-08-28 20:16:53.112 [kafka-producer-network-thread | customer-service-producer-1] WARN  customer-service [o.apache.kafka.clients.NetworkClient] - [Producer clientId=customer-service-producer-1] Connection to node -1 (localhost/127.0.0.1:9092) could not be established. Node may not be available.
2026-08-28 20:16:53.112 [kafka-producer-network-thread | customer-service-producer-1] WARN  customer-service [o.apache.kafka.clients.NetworkClient] - [Producer clientId=customer-service-producer-1] Bootstrap broker localhost:9092 (id: -1 rack: null) disconnected
2026-08-28 20:16:54.118 [kafka-producer-network-thread | customer-service-producer-1] INFO  customer-service [o.apache.kafka.clients.NetworkClient] - [Producer clientId=customer-service-producer-1] Node -1 disconnected.
2026-08-28 20:16:54.119 [kafka-producer-network-thread | customer-service-producer-1] WARN  customer-service [o.apache.kafka.clients.NetworkClient] - [Producer clientId=customer-service-producer-1] Connection to node -1 (localhost/127.0.0.1:9092) could not be established. Node may not be available.
2026-08-28 20:16:54.119 [kafka-producer-network-thread | customer-service-producer-1] WARN  customer-service [o.apache.kafka.clients.NetworkClient] - [Producer clientId=customer-service-producer-1] Bootstrap broker localhost:9092 (id: -1 rack: null) disconnected
2026-08-28 20:16:55.120 [kafka-producer-network-thread | customer-service-producer-1] INFO  customer-service [o.apache.kafka.clients.NetworkClient] - [Producer clientId=customer-service-producer-1] Node -1 disconnected.
2026-08-28 20:16:55.120 [kafka-producer-network-thread | customer-service-producer-1] WARN  customer-service [o.apache.kafka.clients.NetworkClient] - [Producer clientId=customer-service-producer-1] Connection to node -1 (localhost/127.0.0.1:9092) could not be established. Node may not be available.
2026-08-28 20:16:55.120 [kafka-producer-network-thread | customer-service-producer-1] WARN  customer-service [o.apache.kafka.clients.NetworkClient] - [Producer clientId=customer-service-producer-1] Bootstrap broker localhost:9092 (id: -1 rack: null) disconnected
2026-08-28 20:16:56.133 [kafka-producer-network-thread | customer-service-producer-1] INFO  customer-service [o.apache.kafka.clients.NetworkClient] - [Producer clientId=customer-service-producer-1] Node -1 disconnected.
2026-08-28 20:16:56.133 [kafka-producer-network-thread | customer-service-producer-1] WARN  customer-service [o.apache.kafka.clients.NetworkClient] - [Producer clientId=customer-service-producer-1] Connection to node -1 (localhost/127.0.0.1:9092) could not be established. Node may not be available.
2026-08-28 20:16:56.133 [kafka-producer-network-thread | customer-service-producer-1] WARN  customer-service [o.apache.kafka.clients.NetworkClient] - [Producer clientId=customer-service-producer-1] Bootstrap broker localhost:9092 (id: -1 rack: null) disconnected
2026-08-28 20:16:57.164 [kafka-producer-network-thread | customer-service-producer-1] INFO  customer-service [o.apache.kafka.clients.NetworkClient] - [Producer clientId=customer-service-producer-1] Node -1 disconnected.
2026-08-28 20:16:57.164 [kafka-producer-network-thread | customer-service-producer-1] WARN  customer-service [o.apache.kafka.clients.NetworkClient] - [Producer clientId=customer-service-producer-1] Connection to node -1 (localhost/127.0.0.1:9092) could not be established. Node may not be available.
2026-08-28 20:16:57.164 [kafka-producer-network-thread | customer-service-producer-1] WARN  customer-service [o.apache.kafka.clients.NetworkClient] - [Producer clientId=customer-service-producer-1] Bootstrap broker localhost:9092 (id: -1 rack: null) disconnected
2026-08-28 20:16:58.211 [kafka-producer-network-thread | customer-service-producer-1] INFO  customer-service [o.apache.kafka.clients.NetworkClient] - [Producer clientId=customer-service-producer-1] Node -1 disconnected.
2026-08-28 20:16:58.211 [kafka-producer-network-thread | customer-service-producer-1] WARN  customer-service [o.apache.kafka.clients.NetworkClient] - [Producer clientId=customer-service-producer-1] Connection to node -1 (localhost/127.0.0.1:9092) could not be established. Node may not be available.
2026-08-28 20:16:58.211 [kafka-producer-network-thread | customer-service-producer-1] WARN  customer-service [o.apache.kafka.clients.NetworkClient] - [Producer clientId=customer-service-producer-1] Bootstrap broker localhost:9092 (id: -1 rack: null) disconnected
2026-08-28 20:16:59.233 [kafka-producer-network-thread | customer-service-producer-1] INFO  customer-service [o.apache.kafka.clients.NetworkClient] - [Producer clientId=customer-service-producer-1] Node -1 disconnected.
2026-08-28 20:16:59.233 [kafka-producer-network-thread | customer-service-producer-1] WARN  customer-service [o.apache.kafka.clients.NetworkClient] - [Producer clientId=customer-service-producer-1] Connection to node -1 (localhost/127.0.0.1:9092) could not be established. Node may not be available.
2026-08-28 20:16:59.233 [kafka-producer-network-thread | customer-service-producer-1] WARN  customer-service [o.apache.kafka.clients.NetworkClient] - [Producer clientId=customer-service-producer-1] Bootstrap broker localhost:9092 (id: -1 rack: null) disconnected
2026-08-28 20:17:00.244 [kafka-producer-network-thread | customer-service-producer-1] INFO  customer-service [o.apache.kafka.clients.NetworkClient] - [Producer clientId=customer-service-producer-1] Node -1 disconnected.
2026-08-28 20:17:00.245 [kafka-producer-network-thread | customer-service-producer-1] WARN  customer-service [o.apache.kafka.clients.NetworkClient] - [Producer clientId=customer-service-producer-1] Connection to node -1 (localhost/127.0.0.1:9092) could not be established. Node may not be available.
2026-08-28 20:17:00.245 [kafka-producer-network-thread | customer-service-producer-1] WARN  customer-service [o.apache.kafka.clients.NetworkClient] - [Producer clientId=customer-service-producer-1] Bootstrap broker localhost:9092 (id: -1 rack: null) disconnected
2026-08-28 20:17:01.260 [kafka-producer-network-thread | customer-service-producer-1] INFO  customer-service [o.apache.kafka.clients.NetworkClient] - [Producer clientId=customer-service-producer-1] Node -1 disconnected.
2026-08-28 20:17:01.261 [kafka-producer-network-thread | customer-service-producer-1] WARN  customer-service [o.apache.kafka.clients.NetworkClient] - [Producer clientId=customer-service-producer-1] Connection to node -1 (localhost/127.0.0.1:9092) could not be established. Node may not be available.
2026-08-28 20:17:01.261 [kafka-producer-network-thread | customer-service-producer-1] WARN  customer-service [o.apache.kafka.clients.NetworkClient] - [Producer clientId=customer-service-producer-1] Bootstrap broker localhost:9092 (id: -1 rack: null) disconnected
2026-08-28 20:17:02.176 [kafka-producer-network-thread | customer-service-producer-1] INFO  customer-service [o.apache.kafka.clients.NetworkClient] - [Producer clientId=customer-service-producer-1] Node -1 disconnected.
2026-08-28 20:17:02.176 [kafka-producer-network-thread | customer-service-producer-1] WARN  customer-service [o.apache.kafka.clients.NetworkClient] - [Producer clientId=customer-service-producer-1] Connection to node -1 (localhost/127.0.0.1:9092) could not be established. Node may not be available.
2026-08-28 20:17:02.176 [kafka-producer-network-thread | customer-service-producer-1] WARN  customer-service [o.apache.kafka.clients.NetworkClient] - [Producer clientId=customer-service-producer-1] Bootstrap broker localhost:9092 (id: -1 rack: null) disconnected
2026-08-28 20:17:03.190 [kafka-producer-network-thread | customer-service-producer-1] INFO  customer-service [o.apache.kafka.clients.NetworkClient] - [Producer clientId=customer-service-producer-1] Node -1 disconnected.
2026-08-28 20:17:03.190 [kafka-producer-network-thread | customer-service-producer-1] WARN  customer-service [o.apache.kafka.clients.NetworkClient] - [Producer clientId=customer-service-producer-1] Connection to node -1 (localhost/127.0.0.1:9092) could not be established. Node may not be available.
2026-08-28 20:17:03.190 [kafka-producer-network-thread | customer-service-producer-1] WARN  customer-service [o.apache.kafka.clients.NetworkClient] - [Producer clientId=customer-service-producer-1] Bootstrap broker localhost:9092 (id: -1 rack: null) disconnected
2026-08-28 20:17:04.051 [kafka-producer-network-thread | customer-service-producer-1] INFO  customer-service [o.apache.kafka.clients.NetworkClient] - [Producer clientId=customer-service-producer-1] Node -1 disconnected.
2026-08-28 20:17:04.051 [kafka-producer-network-thread | customer-service-producer-1] WARN  customer-service [o.apache.kafka.clients.NetworkClient] - [Producer clientId=customer-service-producer-1] Connection to node -1 (localhost/127.0.0.1:9092) could not be established. Node may not be available.
2026-08-28 20:17:04.051 [kafka-producer-network-thread | customer-service-producer-1] WARN  customer-service [o.apache.kafka.clients.NetworkClient] - [Producer clientId=customer-service-producer-1] Bootstrap broker localhost:9092 (id: -1 rack: null) disconnected
2026-08-28 20:17:05.043 [kafka-producer-network-thread | customer-service-producer-1] INFO  customer-service [o.apache.kafka.clients.NetworkClient] - [Producer clientId=customer-service-producer-1] Node -1 disconnected.
2026-08-28 20:17:05.043 [kafka-producer-network-thread | customer-service-producer-1] WARN  customer-service [o.apache.kafka.clients.NetworkClient] - [Producer clientId=customer-service-producer-1] Connection to node -1 (localhost/127.0.0.1:9092) could not be established. Node may not be available.
2026-08-28 20:17:05.043 [kafka-producer-network-thread | customer-service-producer-1] WARN  customer-service [o.apache.kafka.clients.NetworkClient] - [Producer clientId=customer-service-producer-1] Bootstrap broker localhost:9092 (id: -1 rack: null) disconnected
2026-08-28 20:17:06.043 [kafka-producer-network-thread | customer-service-producer-1] INFO  customer-service [o.apache.kafka.clients.NetworkClient] - [Producer clientId=customer-service-producer-1] Node -1 disconnected.
2026-08-28 20:17:06.043 [kafka-producer-network-thread | customer-service-producer-1] WARN  customer-service [o.apache.kafka.clients.NetworkClient] - [Producer clientId=customer-service-producer-1] Connection to node -1 (localhost/127.0.0.1:9092) could not be established. Node may not be available.
2026-08-28 20:17:06.043 [kafka-producer-network-thread | customer-service-producer-1] WARN  customer-service [o.apache.kafka.clients.NetworkClient] - [Producer clientId=customer-service-producer-1] Bootstrap broker localhost:9092 (id: -1 rack: null) disconnected
2026-08-28 20:17:06.900 [kafka-producer-network-thread | customer-service-producer-1] INFO  customer-service [o.apache.kafka.clients.NetworkClient] - [Producer clientId=customer-service-producer-1] Node -1 disconnected.
2026-08-28 20:17:06.900 [kafka-producer-network-thread | customer-service-producer-1] WARN  customer-service [o.apache.kafka.clients.NetworkClient] - [Producer clientId=customer-service-producer-1] Connection to node -1 (localhost/127.0.0.1:9092) could not be established. Node may not be available.
2026-08-28 20:17:06.900 [kafka-producer-network-thread | customer-service-producer-1] WARN  customer-service [o.apache.kafka.clients.NetworkClient] - [Producer clientId=customer-service-producer-1] Bootstrap broker localhost:9092 (id: -1 rack: null) disconnected
2026-08-28 20:17:07.944 [kafka-producer-network-thread | customer-service-producer-1] INFO  customer-service [o.apache.kafka.clients.NetworkClient] - [Producer clientId=customer-service-producer-1] Node -1 disconnected.
2026-08-28 20:17:07.945 [kafka-producer-network-thread | customer-service-producer-1] WARN  customer-service [o.apache.kafka.clients.NetworkClient] - [Producer clientId=customer-service-producer-1] Connection to node -1 (localhost/127.0.0.1:9092) could not be established. Node may not be available.
2026-08-28 20:17:07.945 [kafka-producer-network-thread | customer-service-producer-1] WARN  customer-service [o.apache.kafka.clients.NetworkClient] - [Producer clientId=customer-service-producer-1] Bootstrap broker localhost:9092 (id: -1 rack: null) disconnected
2026-08-28 20:17:08.944 [kafka-producer-network-thread | customer-service-producer-1] INFO  customer-service [o.apache.kafka.clients.NetworkClient] - [Producer clientId=customer-service-producer-1] Node -1 disconnected.
2026-08-28 20:17:08.944 [kafka-producer-network-thread | customer-service-producer-1] WARN  customer-service [o.apache.kafka.clients.NetworkClient] - [Producer clientId=customer-service-producer-1] Connection to node -1 (localhost/127.0.0.1:9092) could not be established. Node may not be available.
2026-08-28 20:17:08.944 [kafka-producer-network-thread | customer-service-producer-1] WARN  customer-service [o.apache.kafka.clients.NetworkClient] - [Producer clientId=customer-service-producer-1] Bootstrap broker localhost:9092 (id: -1 rack: null) disconnected
2026-08-28 20:17:09.916 [kafka-producer-network-thread | customer-service-producer-1] INFO  customer-service [o.apache.kafka.clients.NetworkClient] - [Producer clientId=customer-service-producer-1] Node -1 disconnected.
2026-08-28 20:17:09.916 [kafka-producer-network-thread | customer-service-producer-1] WARN  customer-service [o.apache.kafka.clients.NetworkClient] - [Producer clientId=customer-service-producer-1] Connection to node -1 (localhost/127.0.0.1:9092) could not be established. Node may not be available.
2026-08-28 20:17:09.916 [kafka-producer-network-thread | customer-service-producer-1] WARN  customer-service [o.apache.kafka.clients.NetworkClient] - [Producer clientId=customer-service-producer-1] Bootstrap broker localhost:9092 (id: -1 rack: null) disconnected
2026-08-28 20:17:10.916 [kafka-producer-network-thread | customer-service-producer-1] INFO  customer-service [o.apache.kafka.clients.NetworkClient] - [Producer clientId=customer-service-producer-1] Node -1 disconnected.
2026-08-28 20:17:10.917 [kafka-producer-network-thread | customer-service-producer-1] WARN  customer-service [o.apache.kafka.clients.NetworkClient] - [Producer clientId=customer-service-producer-1] Connection to node -1 (localhost/127.0.0.1:9092) could not be established. Node may not be available.
2026-08-28 20:17:10.917 [kafka-producer-network-thread | customer-service-producer-1] WARN  customer-service [o.apache.kafka.clients.NetworkClient] - [Producer clientId=customer-service-producer-1] Bootstrap broker localhost:9092 (id: -1 rack: null) disconnected
2026-08-28 20:17:11.873 [kafka-producer-network-thread | customer-service-producer-1] INFO  customer-service [o.apache.kafka.clients.NetworkClient] - [Producer clientId=customer-service-producer-1] Node -1 disconnected.
2026-08-28 20:17:11.873 [kafka-producer-network-thread | customer-service-producer-1] WARN  customer-service [o.apache.kafka.clients.NetworkClient] - [Producer clientId=customer-service-producer-1] Connection to node -1 (localhost/127.0.0.1:9092) could not be established. Node may not be available.
2026-08-28 20:17:11.873 [kafka-producer-network-thread | customer-service-producer-1] WARN  customer-service [o.apache.kafka.clients.NetworkClient] - [Producer clientId=customer-service-producer-1] Bootstrap broker localhost:9092 (id: -1 rack: null) disconnected
2026-08-28 20:17:12.884 [kafka-producer-network-thread | customer-service-producer-1] INFO  customer-service [o.apache.kafka.clients.NetworkClient] - [Producer clientId=customer-service-producer-1] Node -1 disconnected.
2026-08-28 20:17:12.884 [kafka-producer-network-thread | customer-service-producer-1] WARN  customer-service [o.apache.kafka.clients.NetworkClient] - [Producer clientId=customer-service-producer-1] Connection to node -1 (localhost/127.0.0.1:9092) could not be established. Node may not be available.
2026-08-28 20:17:12.884 [kafka-producer-network-thread | customer-service-producer-1] WARN  customer-service [o.apache.kafka.clients.NetworkClient] - [Producer clientId=customer-service-producer-1] Bootstrap broker localhost:9092 (id: -1 rack: null) disconnected
2026-08-28 20:17:13.740 [kafka-producer-network-thread | customer-service-producer-1] INFO  customer-service [o.apache.kafka.clients.NetworkClient] - [Producer clientId=customer-service-producer-1] Node -1 disconnected.
2026-08-28 20:17:13.740 [kafka-producer-network-thread | customer-service-producer-1] WARN  customer-service [o.apache.kafka.clients.NetworkClient] - [Producer clientId=customer-service-producer-1] Connection to node -1 (localhost/127.0.0.1:9092) could not be established. Node may not be available.
2026-08-28 20:17:13.740 [kafka-producer-network-thread | customer-service-producer-1] WARN  customer-service [o.apache.kafka.clients.NetworkClient] - [Producer clientId=customer-service-producer-1] Bootstrap broker localhost:9092 (id: -1 rack: null) disconnected
2026-08-28 20:17:14.690 [kafka-producer-network-thread | customer-service-producer-1] INFO  customer-service [o.apache.kafka.clients.NetworkClient] - [Producer clientId=customer-service-producer-1] Node -1 disconnected.
2026-08-28 20:17:14.690 [kafka-producer-network-thread | customer-service-producer-1] WARN  customer-service [o.apache.kafka.clients.NetworkClient] - [Producer clientId=customer-service-producer-1] Connection to node -1 (localhost/127.0.0.1:9092) could not be established. Node may not be available.
2026-08-28 20:17:14.690 [kafka-producer-network-thread | customer-service-producer-1] WARN  customer-service [o.apache.kafka.clients.NetworkClient] - [Producer clientId=customer-service-producer-1] Bootstrap broker localhost:9092 (id: -1 rack: null) disconnected
2026-08-28 20:17:15.520 [kafka-producer-network-thread | customer-service-producer-1] INFO  customer-service [o.apache.kafka.clients.NetworkClient] - [Producer clientId=customer-service-producer-1] Node -1 disconnected.
2026-08-28 20:17:15.520 [kafka-producer-network-thread | customer-service-producer-1] WARN  customer-service [o.apache.kafka.clients.NetworkClient] - [Producer clientId=customer-service-producer-1] Connection to node -1 (localhost/127.0.0.1:9092) could not be established. Node may not be available.
2026-08-28 20:17:15.520 [kafka-producer-network-thread | customer-service-producer-1] WARN  customer-service [o.apache.kafka.clients.NetworkClient] - [Producer clientId=customer-service-producer-1] Bootstrap broker localhost:9092 (id: -1 rack: null) disconnected
2026-08-28 20:17:16.395 [kafka-producer-network-thread | customer-service-producer-1] INFO  customer-service [o.apache.kafka.clients.NetworkClient] - [Producer clientId=customer-service-producer-1] Node -1 disconnected.
2026-08-28 20:17:16.395 [kafka-producer-network-thread | customer-service-producer-1] WARN  customer-service [o.apache.kafka.clients.NetworkClient] - [Producer clientId=customer-service-producer-1] Connection to node -1 (localhost/127.0.0.1:9092) could not be established. Node may not be available.
2026-08-28 20:17:16.396 [kafka-producer-network-thread | customer-service-producer-1] WARN  customer-service [o.apache.kafka.clients.NetworkClient] - [Producer clientId=customer-service-producer-1] Bootstrap broker localhost:9092 (id: -1 rack: null) disconnected
2026-08-28 20:17:17.397 [kafka-producer-network-thread | customer-service-producer-1] INFO  customer-service [o.apache.kafka.clients.NetworkClient] - [Producer clientId=customer-service-producer-1] Node -1 disconnected.
2026-08-28 20:17:17.397 [kafka-producer-network-thread | customer-service-producer-1] WARN  customer-service [o.apache.kafka.clients.NetworkClient] - [Producer clientId=customer-service-producer-1] Connection to node -1 (localhost/127.0.0.1:9092) could not be established. Node may not be available.
2026-08-28 20:17:17.397 [kafka-producer-network-thread | customer-service-producer-1] WARN  customer-service [o.apache.kafka.clients.NetworkClient] - [Producer clientId=customer-service-producer-1] Bootstrap broker localhost:9092 (id: -1 rack: null) disconnected
2026-08-28 20:17:18.432 [kafka-producer-network-thread | customer-service-producer-1] INFO  customer-service [o.apache.kafka.clients.NetworkClient] - [Producer clientId=customer-service-producer-1] Node -1 disconnected.
2026-08-28 20:17:18.432 [kafka-producer-network-thread | customer-service-producer-1] WARN  customer-service [o.apache.kafka.clients.NetworkClient] - [Producer clientId=customer-service-producer-1] Connection to node -1 (localhost/127.0.0.1:9092) could not be established. Node may not be available.
2026-08-28 20:17:18.432 [kafka-producer-network-thread | customer-service-producer-1] WARN  customer-service [o.apache.kafka.clients.NetworkClient] - [Producer clientId=customer-service-producer-1] Bootstrap broker localhost:9092 (id: -1 rack: null) disconnected
2026-08-28 20:17:19.456 [kafka-producer-network-thread | customer-service-producer-1] INFO  customer-service [o.apache.kafka.clients.NetworkClient] - [Producer clientId=customer-service-producer-1] Node -1 disconnected.
2026-08-28 20:17:19.457 [kafka-producer-network-thread | customer-service-producer-1] WARN  customer-service [o.apache.kafka.clients.NetworkClient] - [Producer clientId=customer-service-producer-1] Connection to node -1 (localhost/127.0.0.1:9092) could not be established. Node may not be available.
2026-08-28 20:17:19.457 [kafka-producer-network-thread | customer-service-producer-1] WARN  customer-service [o.apache.kafka.clients.NetworkClient] - [Producer clientId=customer-service-producer-1] Bootstrap broker localhost:9092 (id: -1 rack: null) disconnected
2026-08-28 20:17:20.457 [kafka-producer-network-thread | customer-service-producer-1] INFO  customer-service [o.apache.kafka.clients.NetworkClient] - [Producer clientId=customer-service-producer-1] Node -1 disconnected.
2026-08-28 20:17:20.457 [kafka-producer-network-thread | customer-service-producer-1] WARN  customer-service [o.apache.kafka.clients.NetworkClient] - [Producer clientId=customer-service-producer-1] Connection to node -1 (localhost/127.0.0.1:9092) could not be established. Node may not be available.
2026-08-28 20:17:20.457 [kafka-producer-network-thread | customer-service-producer-1] WARN  customer-service [o.apache.kafka.clients.NetworkClient] - [Producer clientId=customer-service-producer-1] Bootstrap broker localhost:9092 (id: -1 rack: null) disconnected
2026-08-28 20:17:21.466 [kafka-producer-network-thread | customer-service-producer-1] INFO  customer-service [o.apache.kafka.clients.NetworkClient] - [Producer clientId=customer-service-producer-1] Node -1 disconnected.
2026-08-28 20:17:21.466 [kafka-producer-network-thread | customer-service-producer-1] WARN  customer-service [o.apache.kafka.clients.NetworkClient] - [Producer clientId=customer-service-producer-1] Connection to node -1 (localhost/127.0.0.1:9092) could not be established. Node may not be available.
2026-08-28 20:17:21.466 [kafka-producer-network-thread | customer-service-producer-1] WARN  customer-service [o.apache.kafka.clients.NetworkClient] - [Producer clientId=customer-service-producer-1] Bootstrap broker localhost:9092 (id: -1 rack: null) disconnected
2026-08-28 20:17:22.324 [kafka-producer-network-thread | customer-service-producer-1] INFO  customer-service [o.apache.kafka.clients.NetworkClient] - [Producer clientId=customer-service-producer-1] Node -1 disconnected.
2026-08-28 20:17:22.325 [kafka-producer-network-thread | customer-service-producer-1] WARN  customer-service [o.apache.kafka.clients.NetworkClient] - [Producer clientId=customer-service-producer-1] Connection to node -1 (localhost/127.0.0.1:9092) could not be established. Node may not be available.
2026-08-28 20:17:22.325 [kafka-producer-network-thread | customer-service-producer-1] WARN  customer-service [o.apache.kafka.clients.NetworkClient] - [Producer clientId=customer-service-producer-1] Bootstrap broker localhost:9092 (id: -1 rack: null) disconnected
2026-08-28 20:17:23.323 [kafka-producer-network-thread | customer-service-producer-1] INFO  customer-service [o.apache.kafka.clients.NetworkClient] - [Producer clientId=customer-service-producer-1] Node -1 disconnected.
2026-08-28 20:17:23.323 [kafka-producer-network-thread | customer-service-producer-1] WARN  customer-service [o.apache.kafka.clients.NetworkClient] - [Producer clientId=customer-service-producer-1] Connection to node -1 (localhost/127.0.0.1:9092) could not be established. Node may not be available.
2026-08-28 20:17:23.323 [kafka-producer-network-thread | customer-service-producer-1] WARN  customer-service [o.apache.kafka.clients.NetworkClient] - [Producer clientId=customer-service-producer-1] Bootstrap broker localhost:9092 (id: -1 rack: null) disconnected
2026-08-28 20:17:24.337 [kafka-producer-network-thread | customer-service-producer-1] INFO  customer-service [o.apache.kafka.clients.NetworkClient] - [Producer clientId=customer-service-producer-1] Node -1 disconnected.
2026-08-28 20:17:24.340 [kafka-producer-network-thread | customer-service-producer-1] WARN  customer-service [o.apache.kafka.clients.NetworkClient] - [Producer clientId=customer-service-producer-1] Connection to node -1 (localhost/127.0.0.1:9092) could not be established. Node may not be available.
2026-08-28 20:17:24.340 [kafka-producer-network-thread | customer-service-producer-1] WARN  customer-service [o.apache.kafka.clients.NetworkClient] - [Producer clientId=customer-service-producer-1] Bootstrap broker localhost:9092 (id: -1 rack: null) disconnected
2026-08-28 20:17:25.337 [kafka-producer-network-thread | customer-service-producer-1] INFO  customer-service [o.apache.kafka.clients.NetworkClient] - [Producer clientId=customer-service-producer-1] Node -1 disconnected.
2026-08-28 20:17:25.338 [kafka-producer-network-thread | customer-service-producer-1] WARN  customer-service [o.apache.kafka.clients.NetworkClient] - [Producer clientId=customer-service-producer-1] Connection to node -1 (localhost/127.0.0.1:9092) could not be established. Node may not be available.
2026-08-28 20:17:25.338 [kafka-producer-network-thread | customer-service-producer-1] WARN  customer-service [o.apache.kafka.clients.NetworkClient] - [Producer clientId=customer-service-producer-1] Bootstrap broker localhost:9092 (id: -1 rack: null) disconnected
2026-08-28 20:17:26.347 [kafka-producer-network-thread | customer-service-producer-1] INFO  customer-service [o.apache.kafka.clients.NetworkClient] - [Producer clientId=customer-service-producer-1] Node -1 disconnected.
2026-08-28 20:17:26.347 [kafka-producer-network-thread | customer-service-producer-1] WARN  customer-service [o.apache.kafka.clients.NetworkClient] - [Producer clientId=customer-service-producer-1] Connection to node -1 (localhost/127.0.0.1:9092) could not be established. Node may not be available.
2026-08-28 20:17:26.348 [kafka-producer-network-thread | customer-service-producer-1] WARN  customer-service [o.apache.kafka.clients.NetworkClient] - [Producer clientId=customer-service-producer-1] Bootstrap broker localhost:9092 (id: -1 rack: null) disconnected
2026-08-28 20:17:27.356 [kafka-producer-network-thread | customer-service-producer-1] INFO  customer-service [o.apache.kafka.clients.NetworkClient] - [Producer clientId=customer-service-producer-1] Node -1 disconnected.
2026-08-28 20:17:27.356 [kafka-producer-network-thread | customer-service-producer-1] WARN  customer-service [o.apache.kafka.clients.NetworkClient] - [Producer clientId=customer-service-producer-1] Connection to node -1 (localhost/127.0.0.1:9092) could not be established. Node may not be available.
2026-08-28 20:17:27.357 [kafka-producer-network-thread | customer-service-producer-1] WARN  customer-service [o.apache.kafka.clients.NetworkClient] - [Producer clientId=customer-service-producer-1] Bootstrap broker localhost:9092 (id: -1 rack: null) disconnected
2026-08-28 20:17:28.358 [kafka-producer-network-thread | customer-service-producer-1] INFO  customer-service [o.apache.kafka.clients.NetworkClient] - [Producer clientId=customer-service-producer-1] Node -1 disconnected.
2026-08-28 20:17:28.358 [kafka-producer-network-thread | customer-service-producer-1] WARN  customer-service [o.apache.kafka.clients.NetworkClient] - [Producer clientId=customer-service-producer-1] Connection to node -1 (localhost/127.0.0.1:9092) could not be established. Node may not be available.
2026-08-28 20:17:28.358 [kafka-producer-network-thread | customer-service-producer-1] WARN  customer-service [o.apache.kafka.clients.NetworkClient] - [Producer clientId=customer-service-producer-1] Bootstrap broker localhost:9092 (id: -1 rack: null) disconnected
2026-08-28 20:17:29.264 [kafka-producer-network-thread | customer-service-producer-1] INFO  customer-service [o.apache.kafka.clients.NetworkClient] - [Producer clientId=customer-service-producer-1] Node -1 disconnected.
2026-08-28 20:17:29.265 [kafka-producer-network-thread | customer-service-producer-1] WARN  customer-service [o.apache.kafka.clients.NetworkClient] - [Producer clientId=customer-service-producer-1] Connection to node -1 (localhost/127.0.0.1:9092) could not be established. Node may not be available.
2026-08-28 20:17:29.265 [kafka-producer-network-thread | customer-service-producer-1] WARN  customer-service [o.apache.kafka.clients.NetworkClient] - [Producer clientId=customer-service-producer-1] Bootstrap broker localhost:9092 (id: -1 rack: null) disconnected
2026-08-28 20:17:30.172 [kafka-producer-network-thread | customer-service-producer-1] INFO  customer-service [o.apache.kafka.clients.NetworkClient] - [Producer clientId=customer-service-producer-1] Node -1 disconnected.
2026-08-28 20:17:30.172 [kafka-producer-network-thread | customer-service-producer-1] WARN  customer-service [o.apache.kafka.clients.NetworkClient] - [Producer clientId=customer-service-producer-1] Connection to node -1 (localhost/127.0.0.1:9092) could not be established. Node may not be available.
2026-08-28 20:17:30.172 [kafka-producer-network-thread | customer-service-producer-1] WARN  customer-service [o.apache.kafka.clients.NetworkClient] - [Producer clientId=customer-service-producer-1] Bootstrap broker localhost:9092 (id: -1 rack: null) disconnected
2026-08-28 20:17:31.173 [kafka-producer-network-thread | customer-service-producer-1] INFO  customer-service [o.apache.kafka.clients.NetworkClient] - [Producer clientId=customer-service-producer-1] Node -1 disconnected.
2026-08-28 20:17:31.173 [kafka-producer-network-thread | customer-service-producer-1] WARN  customer-service [o.apache.kafka.clients.NetworkClient] - [Producer clientId=customer-service-producer-1] Connection to node -1 (localhost/127.0.0.1:9092) could not be established. Node may not be available.
2026-08-28 20:17:31.173 [kafka-producer-network-thread | customer-service-producer-1] WARN  customer-service [o.apache.kafka.clients.NetworkClient] - [Producer clientId=customer-service-producer-1] Bootstrap broker localhost:9092 (id: -1 rack: null) disconnected
2026-08-28 20:17:32.213 [kafka-producer-network-thread | customer-service-producer-1] INFO  customer-service [o.apache.kafka.clients.NetworkClient] - [Producer clientId=customer-service-producer-1] Node -1 disconnected.
2026-08-28 20:17:32.213 [kafka-producer-network-thread | customer-service-producer-1] WARN  customer-service [o.apache.kafka.clients.NetworkClient] - [Producer clientId=customer-service-producer-1] Connection to node -1 (localhost/127.0.0.1:9092) could not be established. Node may not be available.
2026-08-28 20:17:32.213 [kafka-producer-network-thread | customer-service-producer-1] WARN  customer-service [o.apache.kafka.clients.NetworkClient] - [Producer clientId=customer-service-producer-1] Bootstrap broker localhost:9092 (id: -1 rack: null) disconnected
2026-08-28 20:17:33.219 [kafka-producer-network-thread | customer-service-producer-1] INFO  customer-service [o.apache.kafka.clients.NetworkClient] - [Producer clientId=customer-service-producer-1] Node -1 disconnected.
2026-08-28 20:17:33.219 [kafka-producer-network-thread | customer-service-producer-1] WARN  customer-service [o.apache.kafka.clients.NetworkClient] - [Producer clientId=customer-service-producer-1] Connection to node -1 (localhost/127.0.0.1:9092) could not be established. Node may not be available.
2026-08-28 20:17:33.219 [kafka-producer-network-thread | customer-service-producer-1] WARN  customer-service [o.apache.kafka.clients.NetworkClient] - [Producer clientId=customer-service-producer-1] Bootstrap broker localhost:9092 (id: -1 rack: null) disconnected
2026-08-28 20:17:34.220 [kafka-producer-network-thread | customer-service-producer-1] INFO  customer-service [o.apache.kafka.clients.NetworkClient] - [Producer clientId=customer-service-producer-1] Node -1 disconnected.
2026-08-28 20:17:34.220 [kafka-producer-network-thread | customer-service-producer-1] WARN  customer-service [o.apache.kafka.clients.NetworkClient] - [Producer clientId=customer-service-producer-1] Connection to node -1 (localhost/127.0.0.1:9092) could not be established. Node may not be available.
2026-08-28 20:17:34.220 [kafka-producer-network-thread | customer-service-producer-1] WARN  customer-service [o.apache.kafka.clients.NetworkClient] - [Producer clientId=customer-service-producer-1] Bootstrap broker localhost:9092 (id: -1 rack: null) disconnected
2026-08-28 20:17:35.266 [kafka-producer-network-thread | customer-service-producer-1] INFO  customer-service [o.apache.kafka.clients.NetworkClient] - [Producer clientId=customer-service-producer-1] Node -1 disconnected.
2026-08-28 20:17:35.266 [kafka-producer-network-thread | customer-service-producer-1] WARN  customer-service [o.apache.kafka.clients.NetworkClient] - [Producer clientId=customer-service-producer-1] Connection to node -1 (localhost/127.0.0.1:9092) could not be established. Node may not be available.
2026-08-28 20:17:35.267 [kafka-producer-network-thread | customer-service-producer-1] WARN  customer-service [o.apache.kafka.clients.NetworkClient] - [Producer clientId=customer-service-producer-1] Bootstrap broker localhost:9092 (id: -1 rack: null) disconnected
2026-08-28 20:17:36.075 [kafka-producer-network-thread | customer-service-producer-1] INFO  customer-service [o.apache.kafka.clients.NetworkClient] - [Producer clientId=customer-service-producer-1] Node -1 disconnected.
2026-08-28 20:17:36.075 [kafka-producer-network-thread | customer-service-producer-1] WARN  customer-service [o.apache.kafka.clients.NetworkClient] - [Producer clientId=customer-service-producer-1] Connection to node -1 (localhost/127.0.0.1:9092) could not be established. Node may not be available.
2026-08-28 20:17:36.075 [kafka-producer-network-thread | customer-service-producer-1] WARN  customer-service [o.apache.kafka.clients.NetworkClient] - [Producer clientId=customer-service-producer-1] Bootstrap broker localhost:9092 (id: -1 rack: null) disconnected
2026-08-28 20:17:37.120 [kafka-producer-network-thread | customer-service-producer-1] INFO  customer-service [o.apache.kafka.clients.NetworkClient] - [Producer clientId=customer-service-producer-1] Node -1 disconnected.
2026-08-28 20:17:37.120 [kafka-producer-network-thread | customer-service-producer-1] WARN  customer-service [o.apache.kafka.clients.NetworkClient] - [Producer clientId=customer-service-producer-1] Connection to node -1 (localhost/127.0.0.1:9092) could not be established. Node may not be available.
2026-08-28 20:17:37.120 [kafka-producer-network-thread | customer-service-producer-1] WARN  customer-service [o.apache.kafka.clients.NetworkClient] - [Producer clientId=customer-service-producer-1] Bootstrap broker localhost:9092 (id: -1 rack: null) disconnected
2026-08-28 20:17:38.157 [kafka-producer-network-thread | customer-service-producer-1] INFO  customer-service [o.apache.kafka.clients.NetworkClient] - [Producer clientId=customer-service-producer-1] Node -1 disconnected.
2026-08-28 20:17:38.157 [kafka-producer-network-thread | customer-service-producer-1] WARN  customer-service [o.apache.kafka.clients.NetworkClient] - [Producer clientId=customer-service-producer-1] Connection to node -1 (localhost/127.0.0.1:9092) could not be established. Node may not be available.
2026-08-28 20:17:38.158 [kafka-producer-network-thread | customer-service-producer-1] WARN  customer-service [o.apache.kafka.clients.NetworkClient] - [Producer clientId=customer-service-producer-1] Bootstrap broker localhost:9092 (id: -1 rack: null) disconnected
2026-08-28 20:17:39.158 [kafka-producer-network-thread | customer-service-producer-1] INFO  customer-service [o.apache.kafka.clients.NetworkClient] - [Producer clientId=customer-service-producer-1] Node -1 disconnected.
2026-08-28 20:17:39.158 [kafka-producer-network-thread | customer-service-producer-1] WARN  customer-service [o.apache.kafka.clients.NetworkClient] - [Producer clientId=customer-service-producer-1] Connection to node -1 (localhost/127.0.0.1:9092) could not be established. Node may not be available.
2026-08-28 20:17:39.158 [kafka-producer-network-thread | customer-service-producer-1] WARN  customer-service [o.apache.kafka.clients.NetworkClient] - [Producer clientId=customer-service-producer-1] Bootstrap broker localhost:9092 (id: -1 rack: null) disconnected
2026-08-28 20:17:40.127 [kafka-producer-network-thread | customer-service-producer-1] INFO  customer-service [o.apache.kafka.clients.NetworkClient] - [Producer clientId=customer-service-producer-1] Node -1 disconnected.
2026-08-28 20:17:40.128 [kafka-producer-network-thread | customer-service-producer-1] WARN  customer-service [o.apache.kafka.clients.NetworkClient] - [Producer clientId=customer-service-producer-1] Connection to node -1 (localhost/127.0.0.1:9092) could not be established. Node may not be available.
2026-08-28 20:17:40.128 [kafka-producer-network-thread | customer-service-producer-1] WARN  customer-service [o.apache.kafka.clients.NetworkClient] - [Producer clientId=customer-service-producer-1] Bootstrap broker localhost:9092 (id: -1 rack: null) disconnected
2026-08-28 20:17:41.127 [kafka-producer-network-thread | customer-service-producer-1] INFO  customer-service [o.apache.kafka.clients.NetworkClient] - [Producer clientId=customer-service-producer-1] Node -1 disconnected.
2026-08-28 20:17:41.128 [kafka-producer-network-thread | customer-service-producer-1] WARN  customer-service [o.apache.kafka.clients.NetworkClient] - [Producer clientId=customer-service-producer-1] Connection to node -1 (localhost/127.0.0.1:9092) could not be established. Node may not be available.
2026-08-28 20:17:41.128 [kafka-producer-network-thread | customer-service-producer-1] WARN  customer-service [o.apache.kafka.clients.NetworkClient] - [Producer clientId=customer-service-producer-1] Bootstrap broker localhost:9092 (id: -1 rack: null) disconnected
2026-08-28 20:17:42.128 [kafka-producer-network-thread | customer-service-producer-1] INFO  customer-service [o.apache.kafka.clients.NetworkClient] - [Producer clientId=customer-service-producer-1] Node -1 disconnected.
2026-08-28 20:17:42.128 [kafka-producer-network-thread | customer-service-producer-1] WARN  customer-service [o.apache.kafka.clients.NetworkClient] - [Producer clientId=customer-service-producer-1] Connection to node -1 (localhost/127.0.0.1:9092) could not be established. Node may not be available.
2026-08-28 20:17:42.128 [kafka-producer-network-thread | customer-service-producer-1] WARN  customer-service [o.apache.kafka.clients.NetworkClient] - [Producer clientId=customer-service-producer-1] Bootstrap broker localhost:9092 (id: -1 rack: null) disconnected
2026-08-28 20:17:43.033 [kafka-producer-network-thread | customer-service-producer-1] INFO  customer-service [o.apache.kafka.clients.NetworkClient] - [Producer clientId=customer-service-producer-1] Node -1 disconnected.
2026-08-28 20:17:43.033 [kafka-producer-network-thread | customer-service-producer-1] WARN  customer-service [o.apache.kafka.clients.NetworkClient] - [Producer clientId=customer-service-producer-1] Connection to node -1 (localhost/127.0.0.1:9092) could not be established. Node may not be available.
2026-08-28 20:17:43.033 [kafka-producer-network-thread | customer-service-producer-1] WARN  customer-service [o.apache.kafka.clients.NetworkClient] - [Producer clientId=customer-service-producer-1] Bootstrap broker localhost:9092 (id: -1 rack: null) disconnected
2026-08-28 20:17:44.041 [kafka-producer-network-thread | customer-service-producer-1] INFO  customer-service [o.apache.kafka.clients.NetworkClient] - [Producer clientId=customer-service-producer-1] Node -1 disconnected.
2026-08-28 20:17:44.041 [kafka-producer-network-thread | customer-service-producer-1] WARN  customer-service [o.apache.kafka.clients.NetworkClient] - [Producer clientId=customer-service-producer-1] Connection to node -1 (localhost/127.0.0.1:9092) could not be established. Node may not be available.
2026-08-28 20:17:44.041 [kafka-producer-network-thread | customer-service-producer-1] WARN  customer-service [o.apache.kafka.clients.NetworkClient] - [Producer clientId=customer-service-producer-1] Bootstrap broker localhost:9092 (id: -1 rack: null) disconnected
2026-08-28 20:17:44.949 [kafka-producer-network-thread | customer-service-producer-1] INFO  customer-service [o.apache.kafka.clients.NetworkClient] - [Producer clientId=customer-service-producer-1] Node -1 disconnected.
2026-08-28 20:17:44.949 [kafka-producer-network-thread | customer-service-producer-1] WARN  customer-service [o.apache.kafka.clients.NetworkClient] - [Producer clientId=customer-service-producer-1] Connection to node -1 (localhost/127.0.0.1:9092) could not be established. Node may not be available.
2026-08-28 20:17:44.949 [kafka-producer-network-thread | customer-service-producer-1] WARN  customer-service [o.apache.kafka.clients.NetworkClient] - [Producer clientId=customer-service-producer-1] Bootstrap broker localhost:9092 (id: -1 rack: null) disconnected
2026-08-28 20:17:46.019 [kafka-producer-network-thread | customer-service-producer-1] INFO  customer-service [o.apache.kafka.clients.NetworkClient] - [Producer clientId=customer-service-producer-1] Node -1 disconnected.
2026-08-28 20:17:46.019 [kafka-producer-network-thread | customer-service-producer-1] WARN  customer-service [o.apache.kafka.clients.NetworkClient] - [Producer clientId=customer-service-producer-1] Connection to node -1 (localhost/127.0.0.1:9092) could not be established. Node may not be available.
2026-08-28 20:17:46.019 [kafka-producer-network-thread | customer-service-producer-1] WARN  customer-service [o.apache.kafka.clients.NetworkClient] - [Producer clientId=customer-service-producer-1] Bootstrap broker localhost:9092 (id: -1 rack: null) disconnected
2026-08-28 20:17:47.063 [kafka-producer-network-thread | customer-service-producer-1] INFO  customer-service [o.apache.kafka.clients.NetworkClient] - [Producer clientId=customer-service-producer-1] Node -1 disconnected.
2026-08-28 20:17:47.063 [kafka-producer-network-thread | customer-service-producer-1] WARN  customer-service [o.apache.kafka.clients.NetworkClient] - [Producer clientId=customer-service-producer-1] Connection to node -1 (localhost/127.0.0.1:9092) could not be established. Node may not be available.
2026-08-28 20:17:47.063 [kafka-producer-network-thread | customer-service-producer-1] WARN  customer-service [o.apache.kafka.clients.NetworkClient] - [Producer clientId=customer-service-producer-1] Bootstrap broker localhost:9092 (id: -1 rack: null) disconnected
2026-08-28 20:17:47.922 [kafka-producer-network-thread | customer-service-producer-1] INFO  customer-service [o.apache.kafka.clients.NetworkClient] - [Producer clientId=customer-service-producer-1] Node -1 disconnected.
2026-08-28 20:17:47.922 [kafka-producer-network-thread | customer-service-producer-1] WARN  customer-service [o.apache.kafka.clients.NetworkClient] - [Producer clientId=customer-service-producer-1] Connection to node -1 (localhost/127.0.0.1:9092) could not be established. Node may not be available.
2026-08-28 20:17:47.922 [kafka-producer-network-thread | customer-service-producer-1] WARN  customer-service [o.apache.kafka.clients.NetworkClient] - [Producer clientId=customer-service-producer-1] Bootstrap broker localhost:9092 (id: -1 rack: null) disconnected
2026-08-28 20:17:48.969 [kafka-producer-network-thread | customer-service-producer-1] INFO  customer-service [o.apache.kafka.clients.NetworkClient] - [Producer clientId=customer-service-producer-1] Node -1 disconnected.
2026-08-28 20:17:48.970 [kafka-producer-network-thread | customer-service-producer-1] WARN  customer-service [o.apache.kafka.clients.NetworkClient] - [Producer clientId=customer-service-producer-1] Connection to node -1 (localhost/127.0.0.1:9092) could not be established. Node may not be available.
2026-08-28 20:17:48.970 [kafka-producer-network-thread | customer-service-producer-1] WARN  customer-service [o.apache.kafka.clients.NetworkClient] - [Producer clientId=customer-service-producer-1] Bootstrap broker localhost:9092 (id: -1 rack: null) disconnected
2026-08-28 20:17:49.930 [kafka-producer-network-thread | customer-service-producer-1] INFO  customer-service [o.apache.kafka.clients.NetworkClient] - [Producer clientId=customer-service-producer-1] Node -1 disconnected.
2026-08-28 20:17:49.930 [kafka-producer-network-thread | customer-service-producer-1] WARN  customer-service [o.apache.kafka.clients.NetworkClient] - [Producer clientId=customer-service-producer-1] Connection to node -1 (localhost/127.0.0.1:9092) could not be established. Node may not be available.
2026-08-28 20:17:49.930 [kafka-producer-network-thread | customer-service-producer-1] WARN  customer-service [o.apache.kafka.clients.NetworkClient] - [Producer clientId=customer-service-producer-1] Bootstrap broker localhost:9092 (id: -1 rack: null) disconnected
2026-08-28 20:17:50.887 [kafka-producer-network-thread | customer-service-producer-1] INFO  customer-service [o.apache.kafka.clients.NetworkClient] - [Producer clientId=customer-service-producer-1] Node -1 disconnected.
2026-08-28 20:17:50.887 [kafka-producer-network-thread | customer-service-producer-1] WARN  customer-service [o.apache.kafka.clients.NetworkClient] - [Producer clientId=customer-service-producer-1] Connection to node -1 (localhost/127.0.0.1:9092) could not be established. Node may not be available.
2026-08-28 20:17:50.887 [kafka-producer-network-thread | customer-service-producer-1] WARN  customer-service [o.apache.kafka.clients.NetworkClient] - [Producer clientId=customer-service-producer-1] Bootstrap broker localhost:9092 (id: -1 rack: null) disconnected
2026-08-28 20:17:51.794 [kafka-producer-network-thread | customer-service-producer-1] INFO  customer-service [o.apache.kafka.clients.NetworkClient] - [Producer clientId=customer-service-producer-1] Node -1 disconnected.
2026-08-28 20:17:51.794 [kafka-producer-network-thread | customer-service-producer-1] WARN  customer-service [o.apache.kafka.clients.NetworkClient] - [Producer clientId=customer-service-producer-1] Connection to node -1 (localhost/127.0.0.1:9092) could not be established. Node may not be available.
2026-08-28 20:17:51.795 [kafka-producer-network-thread | customer-service-producer-1] WARN  customer-service [o.apache.kafka.clients.NetworkClient] - [Producer clientId=customer-service-producer-1] Bootstrap broker localhost:9092 (id: -1 rack: null) disconnected
2026-08-28 20:17:52.808 [kafka-producer-network-thread | customer-service-producer-1] INFO  customer-service [o.apache.kafka.clients.NetworkClient] - [Producer clientId=customer-service-producer-1] Node -1 disconnected.
2026-08-28 20:17:52.808 [kafka-producer-network-thread | customer-service-producer-1] WARN  customer-service [o.apache.kafka.clients.NetworkClient] - [Producer clientId=customer-service-producer-1] Connection to node -1 (localhost/127.0.0.1:9092) could not be established. Node may not be available.
2026-08-28 20:17:52.808 [kafka-producer-network-thread | customer-service-producer-1] WARN  customer-service [o.apache.kafka.clients.NetworkClient] - [Producer clientId=customer-service-producer-1] Bootstrap broker localhost:9092 (id: -1 rack: null) disconnected
2026-08-28 20:17:53.891 [kafka-producer-network-thread | customer-service-producer-1] INFO  customer-service [o.apache.kafka.clients.NetworkClient] - [Producer clientId=customer-service-producer-1] Node -1 disconnected.
2026-08-28 20:17:53.892 [kafka-producer-network-thread | customer-service-producer-1] WARN  customer-service [o.apache.kafka.clients.NetworkClient] - [Producer clientId=customer-service-producer-1] Connection to node -1 (localhost/127.0.0.1:9092) could not be established. Node may not be available.
2026-08-28 20:17:53.892 [kafka-producer-network-thread | customer-service-producer-1] WARN  customer-service [o.apache.kafka.clients.NetworkClient] - [Producer clientId=customer-service-producer-1] Bootstrap broker localhost:9092 (id: -1 rack: null) disconnected
2026-08-28 20:17:54.892 [kafka-producer-network-thread | customer-service-producer-1] INFO  customer-service [o.apache.kafka.clients.NetworkClient] - [Producer clientId=customer-service-producer-1] Node -1 disconnected.
2026-08-28 20:17:54.892 [kafka-producer-network-thread | customer-service-producer-1] WARN  customer-service [o.apache.kafka.clients.NetworkClient] - [Producer clientId=customer-service-producer-1] Connection to node -1 (localhost/127.0.0.1:9092) could not be established. Node may not be available.
2026-08-28 20:17:54.892 [kafka-producer-network-thread | customer-service-producer-1] WARN  customer-service [o.apache.kafka.clients.NetworkClient] - [Producer clientId=customer-service-producer-1] Bootstrap broker localhost:9092 (id: -1 rack: null) disconnected
2026-08-28 20:17:55.812 [kafka-producer-network-thread | customer-service-producer-1] INFO  customer-service [o.apache.kafka.clients.NetworkClient] - [Producer clientId=customer-service-producer-1] Node -1 disconnected.
2026-08-28 20:17:55.812 [kafka-producer-network-thread | customer-service-producer-1] WARN  customer-service [o.apache.kafka.clients.NetworkClient] - [Producer clientId=customer-service-producer-1] Connection to node -1 (localhost/127.0.0.1:9092) could not be established. Node may not be available.
2026-08-28 20:17:55.812 [kafka-producer-network-thread | customer-service-producer-1] WARN  customer-service [o.apache.kafka.clients.NetworkClient] - [Producer clientId=customer-service-producer-1] Bootstrap broker localhost:9092 (id: -1 rack: null) disconnected
2026-08-28 20:17:56.669 [kafka-producer-network-thread | customer-service-producer-1] INFO  customer-service [o.apache.kafka.clients.NetworkClient] - [Producer clientId=customer-service-producer-1] Node -1 disconnected.
2026-08-28 20:17:56.669 [kafka-producer-network-thread | customer-service-producer-1] WARN  customer-service [o.apache.kafka.clients.NetworkClient] - [Producer clientId=customer-service-producer-1] Connection to node -1 (localhost/127.0.0.1:9092) could not be established. Node may not be available.
2026-08-28 20:17:56.669 [kafka-producer-network-thread | customer-service-producer-1] WARN  customer-service [o.apache.kafka.clients.NetworkClient] - [Producer clientId=customer-service-producer-1] Bootstrap broker localhost:9092 (id: -1 rack: null) disconnected
2026-08-28 20:17:57.576 [kafka-producer-network-thread | customer-service-producer-1] INFO  customer-service [o.apache.kafka.clients.NetworkClient] - [Producer clientId=customer-service-producer-1] Node -1 disconnected.
2026-08-28 20:17:57.577 [kafka-producer-network-thread | customer-service-producer-1] WARN  customer-service [o.apache.kafka.clients.NetworkClient] - [Producer clientId=customer-service-producer-1] Connection to node -1 (localhost/127.0.0.1:9092) could not be established. Node may not be available.
2026-08-28 20:17:57.577 [kafka-producer-network-thread | customer-service-producer-1] WARN  customer-service [o.apache.kafka.clients.NetworkClient] - [Producer clientId=customer-service-producer-1] Bootstrap broker localhost:9092 (id: -1 rack: null) disconnected
2026-08-28 20:17:58.427 [kafka-producer-network-thread | customer-service-producer-1] INFO  customer-service [o.apache.kafka.clients.NetworkClient] - [Producer clientId=customer-service-producer-1] Node -1 disconnected.
2026-08-28 20:17:58.428 [kafka-producer-network-thread | customer-service-producer-1] WARN  customer-service [o.apache.kafka.clients.NetworkClient] - [Producer clientId=customer-service-producer-1] Connection to node -1 (localhost/127.0.0.1:9092) could not be established. Node may not be available.
2026-08-28 20:17:58.428 [kafka-producer-network-thread | customer-service-producer-1] WARN  customer-service [o.apache.kafka.clients.NetworkClient] - [Producer clientId=customer-service-producer-1] Bootstrap broker localhost:9092 (id: -1 rack: null) disconnected
2026-08-28 20:17:59.449 [kafka-producer-network-thread | customer-service-producer-1] INFO  customer-service [o.apache.kafka.clients.NetworkClient] - [Producer clientId=customer-service-producer-1] Node -1 disconnected.
2026-08-28 20:17:59.449 [kafka-producer-network-thread | customer-service-producer-1] WARN  customer-service [o.apache.kafka.clients.NetworkClient] - [Producer clientId=customer-service-producer-1] Connection to node -1 (localhost/127.0.0.1:9092) could not be established. Node may not be available.
2026-08-28 20:17:59.449 [kafka-producer-network-thread | customer-service-producer-1] WARN  customer-service [o.apache.kafka.clients.NetworkClient] - [Producer clientId=customer-service-producer-1] Bootstrap broker localhost:9092 (id: -1 rack: null) disconnected
2026-08-28 20:18:00.451 [kafka-producer-network-thread | customer-service-producer-1] INFO  customer-service [o.apache.kafka.clients.NetworkClient] - [Producer clientId=customer-service-producer-1] Node -1 disconnected.
2026-08-28 20:18:00.451 [kafka-producer-network-thread | customer-service-producer-1] WARN  customer-service [o.apache.kafka.clients.NetworkClient] - [Producer clientId=customer-service-producer-1] Connection to node -1 (localhost/127.0.0.1:9092) could not be established. Node may not be available.
2026-08-28 20:18:00.451 [kafka-producer-network-thread | customer-service-producer-1] WARN  customer-service [o.apache.kafka.clients.NetworkClient] - [Producer clientId=customer-service-producer-1] Bootstrap broker localhost:9092 (id: -1 rack: null) disconnected
2026-08-28 20:18:01.410 [kafka-producer-network-thread | customer-service-producer-1] INFO  customer-service [o.apache.kafka.clients.NetworkClient] - [Producer clientId=customer-service-producer-1] Node -1 disconnected.
2026-08-28 20:18:01.410 [kafka-producer-network-thread | customer-service-producer-1] WARN  customer-service [o.apache.kafka.clients.NetworkClient] - [Producer clientId=customer-service-producer-1] Connection to node -1 (localhost/127.0.0.1:9092) could not be established. Node may not be available.
2026-08-28 20:18:01.410 [kafka-producer-network-thread | customer-service-producer-1] WARN  customer-service [o.apache.kafka.clients.NetworkClient] - [Producer clientId=customer-service-producer-1] Bootstrap broker localhost:9092 (id: -1 rack: null) disconnected
2026-08-28 20:18:02.416 [kafka-producer-network-thread | customer-service-producer-1] INFO  customer-service [o.apache.kafka.clients.NetworkClient] - [Producer clientId=customer-service-producer-1] Node -1 disconnected.
2026-08-28 20:18:02.416 [kafka-producer-network-thread | customer-service-producer-1] WARN  customer-service [o.apache.kafka.clients.NetworkClient] - [Producer clientId=customer-service-producer-1] Connection to node -1 (localhost/127.0.0.1:9092) could not be established. Node may not be available.
2026-08-28 20:18:02.416 [kafka-producer-network-thread | customer-service-producer-1] WARN  customer-service [o.apache.kafka.clients.NetworkClient] - [Producer clientId=customer-service-producer-1] Bootstrap broker localhost:9092 (id: -1 rack: null) disconnected
2026-08-28 20:18:03.418 [kafka-producer-network-thread | customer-service-producer-1] INFO  customer-service [o.apache.kafka.clients.NetworkClient] - [Producer clientId=customer-service-producer-1] Node -1 disconnected.
2026-08-28 20:18:03.418 [kafka-producer-network-thread | customer-service-producer-1] WARN  customer-service [o.apache.kafka.clients.NetworkClient] - [Producer clientId=customer-service-producer-1] Connection to node -1 (localhost/127.0.0.1:9092) could not be established. Node may not be available.
2026-08-28 20:18:03.418 [kafka-producer-network-thread | customer-service-producer-1] WARN  customer-service [o.apache.kafka.clients.NetworkClient] - [Producer clientId=customer-service-producer-1] Bootstrap broker localhost:9092 (id: -1 rack: null) disconnected
2026-08-28 20:18:04.419 [kafka-producer-network-thread | customer-service-producer-1] INFO  customer-service [o.apache.kafka.clients.NetworkClient] - [Producer clientId=customer-service-producer-1] Node -1 disconnected.
2026-08-28 20:18:04.419 [kafka-producer-network-thread | customer-service-producer-1] WARN  customer-service [o.apache.kafka.clients.NetworkClient] - [Producer clientId=customer-service-producer-1] Connection to node -1 (localhost/127.0.0.1:9092) could not be established. Node may not be available.
2026-08-28 20:18:04.419 [kafka-producer-network-thread | customer-service-producer-1] WARN  customer-service [o.apache.kafka.clients.NetworkClient] - [Producer clientId=customer-service-producer-1] Bootstrap broker localhost:9092 (id: -1 rack: null) disconnected
2026-08-28 20:18:05.420 [kafka-producer-network-thread | customer-service-producer-1] INFO  customer-service [o.apache.kafka.clients.NetworkClient] - [Producer clientId=customer-service-producer-1] Node -1 disconnected.
2026-08-28 20:18:05.420 [kafka-producer-network-thread | customer-service-producer-1] WARN  customer-service [o.apache.kafka.clients.NetworkClient] - [Producer clientId=customer-service-producer-1] Connection to node -1 (localhost/127.0.0.1:9092) could not be established. Node may not be available.
2026-08-28 20:18:05.420 [kafka-producer-network-thread | customer-service-producer-1] WARN  customer-service [o.apache.kafka.clients.NetworkClient] - [Producer clientId=customer-service-producer-1] Bootstrap broker localhost:9092 (id: -1 rack: null) disconnected
2026-08-28 20:18:06.331 [kafka-producer-network-thread | customer-service-producer-1] INFO  customer-service [o.apache.kafka.clients.NetworkClient] - [Producer clientId=customer-service-producer-1] Node -1 disconnected.
2026-08-28 20:18:06.332 [kafka-producer-network-thread | customer-service-producer-1] WARN  customer-service [o.apache.kafka.clients.NetworkClient] - [Producer clientId=customer-service-producer-1] Connection to node -1 (localhost/127.0.0.1:9092) could not be established. Node may not be available.
2026-08-28 20:18:06.332 [kafka-producer-network-thread | customer-service-producer-1] WARN  customer-service [o.apache.kafka.clients.NetworkClient] - [Producer clientId=customer-service-producer-1] Bootstrap broker localhost:9092 (id: -1 rack: null) disconnected
2026-08-28 20:18:07.385 [kafka-producer-network-thread | customer-service-producer-1] INFO  customer-service [o.apache.kafka.clients.NetworkClient] - [Producer clientId=customer-service-producer-1] Node -1 disconnected.
2026-08-28 20:18:07.386 [kafka-producer-network-thread | customer-service-producer-1] WARN  customer-service [o.apache.kafka.clients.NetworkClient] - [Producer clientId=customer-service-producer-1] Connection to node -1 (localhost/127.0.0.1:9092) could not be established. Node may not be available.
2026-08-28 20:18:07.386 [kafka-producer-network-thread | customer-service-producer-1] WARN  customer-service [o.apache.kafka.clients.NetworkClient] - [Producer clientId=customer-service-producer-1] Bootstrap broker localhost:9092 (id: -1 rack: null) disconnected
2026-08-28 20:18:08.234 [kafka-producer-network-thread | customer-service-producer-1] INFO  customer-service [o.apache.kafka.clients.NetworkClient] - [Producer clientId=customer-service-producer-1] Node -1 disconnected.
2026-08-28 20:18:08.234 [kafka-producer-network-thread | customer-service-producer-1] WARN  customer-service [o.apache.kafka.clients.NetworkClient] - [Producer clientId=customer-service-producer-1] Connection to node -1 (localhost/127.0.0.1:9092) could not be established. Node may not be available.
2026-08-28 20:18:08.234 [kafka-producer-network-thread | customer-service-producer-1] WARN  customer-service [o.apache.kafka.clients.NetworkClient] - [Producer clientId=customer-service-producer-1] Bootstrap broker localhost:9092 (id: -1 rack: null) disconnected
2026-08-28 20:18:09.281 [kafka-producer-network-thread | customer-service-producer-1] INFO  customer-service [o.apache.kafka.clients.NetworkClient] - [Producer clientId=customer-service-producer-1] Node -1 disconnected.
2026-08-28 20:18:09.281 [kafka-producer-network-thread | customer-service-producer-1] WARN  customer-service [o.apache.kafka.clients.NetworkClient] - [Producer clientId=customer-service-producer-1] Connection to node -1 (localhost/127.0.0.1:9092) could not be established. Node may not be available.
2026-08-28 20:18:09.281 [kafka-producer-network-thread | customer-service-producer-1] WARN  customer-service [o.apache.kafka.clients.NetworkClient] - [Producer clientId=customer-service-producer-1] Bootstrap broker localhost:9092 (id: -1 rack: null) disconnected
2026-08-28 20:18:10.316 [kafka-producer-network-thread | customer-service-producer-1] INFO  customer-service [o.apache.kafka.clients.NetworkClient] - [Producer clientId=customer-service-producer-1] Node -1 disconnected.
2026-08-28 20:18:10.316 [kafka-producer-network-thread | customer-service-producer-1] WARN  customer-service [o.apache.kafka.clients.NetworkClient] - [Producer clientId=customer-service-producer-1] Connection to node -1 (localhost/127.0.0.1:9092) could not be established. Node may not be available.
2026-08-28 20:18:10.316 [kafka-producer-network-thread | customer-service-producer-1] WARN  customer-service [o.apache.kafka.clients.NetworkClient] - [Producer clientId=customer-service-producer-1] Bootstrap broker localhost:9092 (id: -1 rack: null) disconnected
2026-08-28 20:18:11.325 [kafka-producer-network-thread | customer-service-producer-1] INFO  customer-service [o.apache.kafka.clients.NetworkClient] - [Producer clientId=customer-service-producer-1] Node -1 disconnected.
2026-08-28 20:18:11.326 [kafka-producer-network-thread | customer-service-producer-1] WARN  customer-service [o.apache.kafka.clients.NetworkClient] - [Producer clientId=customer-service-producer-1] Connection to node -1 (localhost/127.0.0.1:9092) could not be established. Node may not be available.
2026-08-28 20:18:11.326 [kafka-producer-network-thread | customer-service-producer-1] WARN  customer-service [o.apache.kafka.clients.NetworkClient] - [Producer clientId=customer-service-producer-1] Bootstrap broker localhost:9092 (id: -1 rack: null) disconnected
2026-08-28 20:18:12.333 [kafka-producer-network-thread | customer-service-producer-1] INFO  customer-service [o.apache.kafka.clients.NetworkClient] - [Producer clientId=customer-service-producer-1] Node -1 disconnected.
2026-08-28 20:18:12.333 [kafka-producer-network-thread | customer-service-producer-1] WARN  customer-service [o.apache.kafka.clients.NetworkClient] - [Producer clientId=customer-service-producer-1] Connection to node -1 (localhost/127.0.0.1:9092) could not be established. Node may not be available.
2026-08-28 20:18:12.333 [kafka-producer-network-thread | customer-service-producer-1] WARN  customer-service [o.apache.kafka.clients.NetworkClient] - [Producer clientId=customer-service-producer-1] Bootstrap broker localhost:9092 (id: -1 rack: null) disconnected
2026-08-28 20:18:13.241 [kafka-producer-network-thread | customer-service-producer-1] INFO  customer-service [o.apache.kafka.clients.NetworkClient] - [Producer clientId=customer-service-producer-1] Node -1 disconnected.
2026-08-28 20:18:13.241 [kafka-producer-network-thread | customer-service-producer-1] WARN  customer-service [o.apache.kafka.clients.NetworkClient] - [Producer clientId=customer-service-producer-1] Connection to node -1 (localhost/127.0.0.1:9092) could not be established. Node may not be available.
2026-08-28 20:18:13.241 [kafka-producer-network-thread | customer-service-producer-1] WARN  customer-service [o.apache.kafka.clients.NetworkClient] - [Producer clientId=customer-service-producer-1] Bootstrap broker localhost:9092 (id: -1 rack: null) disconnected
2026-08-28 20:18:14.249 [kafka-producer-network-thread | customer-service-producer-1] INFO  customer-service [o.apache.kafka.clients.NetworkClient] - [Producer clientId=customer-service-producer-1] Node -1 disconnected.
2026-08-28 20:18:14.249 [kafka-producer-network-thread | customer-service-producer-1] WARN  customer-service [o.apache.kafka.clients.NetworkClient] - [Producer clientId=customer-service-producer-1] Connection to node -1 (localhost/127.0.0.1:9092) could not be established. Node may not be available.
2026-08-28 20:18:14.249 [kafka-producer-network-thread | customer-service-producer-1] WARN  customer-service [o.apache.kafka.clients.NetworkClient] - [Producer clientId=customer-service-producer-1] Bootstrap broker localhost:9092 (id: -1 rack: null) disconnected
2026-08-28 20:18:15.112 [kafka-producer-network-thread | customer-service-producer-1] INFO  customer-service [o.apache.kafka.clients.NetworkClient] - [Producer clientId=customer-service-producer-1] Node -1 disconnected.
2026-08-28 20:18:15.112 [kafka-producer-network-thread | customer-service-producer-1] WARN  customer-service [o.apache.kafka.clients.NetworkClient] - [Producer clientId=customer-service-producer-1] Connection to node -1 (localhost/127.0.0.1:9092) could not be established. Node may not be available.
2026-08-28 20:18:15.112 [kafka-producer-network-thread | customer-service-producer-1] WARN  customer-service [o.apache.kafka.clients.NetworkClient] - [Producer clientId=customer-service-producer-1] Bootstrap broker localhost:9092 (id: -1 rack: null) disconnected
2026-08-28 20:18:16.158 [kafka-producer-network-thread | customer-service-producer-1] INFO  customer-service [o.apache.kafka.clients.NetworkClient] - [Producer clientId=customer-service-producer-1] Node -1 disconnected.
2026-08-28 20:18:16.160 [kafka-producer-network-thread | customer-service-producer-1] WARN  customer-service [o.apache.kafka.clients.NetworkClient] - [Producer clientId=customer-service-producer-1] Connection to node -1 (localhost/127.0.0.1:9092) could not be established. Node may not be available.
2026-08-28 20:18:16.160 [kafka-producer-network-thread | customer-service-producer-1] WARN  customer-service [o.apache.kafka.clients.NetworkClient] - [Producer clientId=customer-service-producer-1] Bootstrap broker localhost:9092 (id: -1 rack: null) disconnected
2026-08-28 20:18:17.182 [kafka-producer-network-thread | customer-service-producer-1] INFO  customer-service [o.apache.kafka.clients.NetworkClient] - [Producer clientId=customer-service-producer-1] Node -1 disconnected.
2026-08-28 20:18:17.182 [kafka-producer-network-thread | customer-service-producer-1] WARN  customer-service [o.apache.kafka.clients.NetworkClient] - [Producer clientId=customer-service-producer-1] Connection to node -1 (localhost/127.0.0.1:9092) could not be established. Node may not be available.
2026-08-28 20:18:17.182 [kafka-producer-network-thread | customer-service-producer-1] WARN  customer-service [o.apache.kafka.clients.NetworkClient] - [Producer clientId=customer-service-producer-1] Bootstrap broker localhost:9092 (id: -1 rack: null) disconnected
2026-08-28 20:18:18.218 [kafka-producer-network-thread | customer-service-producer-1] INFO  customer-service [o.apache.kafka.clients.NetworkClient] - [Producer clientId=customer-service-producer-1] Node -1 disconnected.
2026-08-28 20:18:18.218 [kafka-producer-network-thread | customer-service-producer-1] WARN  customer-service [o.apache.kafka.clients.NetworkClient] - [Producer clientId=customer-service-producer-1] Connection to node -1 (localhost/127.0.0.1:9092) could not be established. Node may not be available.
2026-08-28 20:18:18.218 [kafka-producer-network-thread | customer-service-producer-1] WARN  customer-service [o.apache.kafka.clients.NetworkClient] - [Producer clientId=customer-service-producer-1] Bootstrap broker localhost:9092 (id: -1 rack: null) disconnected
2026-08-28 20:18:19.219 [kafka-producer-network-thread | customer-service-producer-1] INFO  customer-service [o.apache.kafka.clients.NetworkClient] - [Producer clientId=customer-service-producer-1] Node -1 disconnected.
2026-08-28 20:18:19.220 [kafka-producer-network-thread | customer-service-producer-1] WARN  customer-service [o.apache.kafka.clients.NetworkClient] - [Producer clientId=customer-service-producer-1] Connection to node -1 (localhost/127.0.0.1:9092) could not be established. Node may not be available.
2026-08-28 20:18:19.220 [kafka-producer-network-thread | customer-service-producer-1] WARN  customer-service [o.apache.kafka.clients.NetworkClient] - [Producer clientId=customer-service-producer-1] Bootstrap broker localhost:9092 (id: -1 rack: null) disconnected
2026-08-28 20:18:20.227 [kafka-producer-network-thread | customer-service-producer-1] INFO  customer-service [o.apache.kafka.clients.NetworkClient] - [Producer clientId=customer-service-producer-1] Node -1 disconnected.
2026-08-28 20:18:20.227 [kafka-producer-network-thread | customer-service-producer-1] WARN  customer-service [o.apache.kafka.clients.NetworkClient] - [Producer clientId=customer-service-producer-1] Connection to node -1 (localhost/127.0.0.1:9092) could not be established. Node may not be available.
2026-08-28 20:18:20.227 [kafka-producer-network-thread | customer-service-producer-1] WARN  customer-service [o.apache.kafka.clients.NetworkClient] - [Producer clientId=customer-service-producer-1] Bootstrap broker localhost:9092 (id: -1 rack: null) disconnected
2026-08-28 20:18:21.229 [kafka-producer-network-thread | customer-service-producer-1] INFO  customer-service [o.apache.kafka.clients.NetworkClient] - [Producer clientId=customer-service-producer-1] Node -1 disconnected.
2026-08-28 20:18:21.229 [kafka-producer-network-thread | customer-service-producer-1] WARN  customer-service [o.apache.kafka.clients.NetworkClient] - [Producer clientId=customer-service-producer-1] Connection to node -1 (localhost/127.0.0.1:9092) could not be established. Node may not be available.
2026-08-28 20:18:21.229 [kafka-producer-network-thread | customer-service-producer-1] WARN  customer-service [o.apache.kafka.clients.NetworkClient] - [Producer clientId=customer-service-producer-1] Bootstrap broker localhost:9092 (id: -1 rack: null) disconnected
2026-08-28 20:18:22.230 [kafka-producer-network-thread | customer-service-producer-1] INFO  customer-service [o.apache.kafka.clients.NetworkClient] - [Producer clientId=customer-service-producer-1] Node -1 disconnected.
2026-08-28 20:18:22.230 [kafka-producer-network-thread | customer-service-producer-1] WARN  customer-service [o.apache.kafka.clients.NetworkClient] - [Producer clientId=customer-service-producer-1] Connection to node -1 (localhost/127.0.0.1:9092) could not be established. Node may not be available.
2026-08-28 20:18:22.230 [kafka-producer-network-thread | customer-service-producer-1] WARN  customer-service [o.apache.kafka.clients.NetworkClient] - [Producer clientId=customer-service-producer-1] Bootstrap broker localhost:9092 (id: -1 rack: null) disconnected
2026-08-28 20:18:23.119 [kafka-producer-network-thread | customer-service-producer-1] INFO  customer-service [o.apache.kafka.clients.NetworkClient] - [Producer clientId=customer-service-producer-1] Node -1 disconnected.
2026-08-28 20:18:23.119 [kafka-producer-network-thread | customer-service-producer-1] WARN  customer-service [o.apache.kafka.clients.NetworkClient] - [Producer clientId=customer-service-producer-1] Connection to node -1 (localhost/127.0.0.1:9092) could not be established. Node may not be available.
2026-08-28 20:18:23.119 [kafka-producer-network-thread | customer-service-producer-1] WARN  customer-service [o.apache.kafka.clients.NetworkClient] - [Producer clientId=customer-service-producer-1] Bootstrap broker localhost:9092 (id: -1 rack: null) disconnected
2026-08-28 20:18:24.141 [kafka-producer-network-thread | customer-service-producer-1] INFO  customer-service [o.apache.kafka.clients.NetworkClient] - [Producer clientId=customer-service-producer-1] Node -1 disconnected.
2026-08-28 20:18:24.141 [kafka-producer-network-thread | customer-service-producer-1] WARN  customer-service [o.apache.kafka.clients.NetworkClient] - [Producer clientId=customer-service-producer-1] Connection to node -1 (localhost/127.0.0.1:9092) could not be established. Node may not be available.
2026-08-28 20:18:24.141 [kafka-producer-network-thread | customer-service-producer-1] WARN  customer-service [o.apache.kafka.clients.NetworkClient] - [Producer clientId=customer-service-producer-1] Bootstrap broker localhost:9092 (id: -1 rack: null) disconnected
2026-08-28 20:18:25.148 [kafka-producer-network-thread | customer-service-producer-1] INFO  customer-service [o.apache.kafka.clients.NetworkClient] - [Producer clientId=customer-service-producer-1] Node -1 disconnected.
2026-08-28 20:18:25.148 [kafka-producer-network-thread | customer-service-producer-1] WARN  customer-service [o.apache.kafka.clients.NetworkClient] - [Producer clientId=customer-service-producer-1] Connection to node -1 (localhost/127.0.0.1:9092) could not be established. Node may not be available.
2026-08-28 20:18:25.148 [kafka-producer-network-thread | customer-service-producer-1] WARN  customer-service [o.apache.kafka.clients.NetworkClient] - [Producer clientId=customer-service-producer-1] Bootstrap broker localhost:9092 (id: -1 rack: null) disconnected
2026-08-28 20:18:26.148 [kafka-producer-network-thread | customer-service-producer-1] INFO  customer-service [o.apache.kafka.clients.NetworkClient] - [Producer clientId=customer-service-producer-1] Node -1 disconnected.
2026-08-28 20:18:26.148 [kafka-producer-network-thread | customer-service-producer-1] WARN  customer-service [o.apache.kafka.clients.NetworkClient] - [Producer clientId=customer-service-producer-1] Connection to node -1 (localhost/127.0.0.1:9092) could not be established. Node may not be available.
2026-08-28 20:18:26.148 [kafka-producer-network-thread | customer-service-producer-1] WARN  customer-service [o.apache.kafka.clients.NetworkClient] - [Producer clientId=customer-service-producer-1] Bootstrap broker localhost:9092 (id: -1 rack: null) disconnected
2026-08-28 20:18:27.158 [kafka-producer-network-thread | customer-service-producer-1] INFO  customer-service [o.apache.kafka.clients.NetworkClient] - [Producer clientId=customer-service-producer-1] Node -1 disconnected.
2026-08-28 20:18:27.158 [kafka-producer-network-thread | customer-service-producer-1] WARN  customer-service [o.apache.kafka.clients.NetworkClient] - [Producer clientId=customer-service-producer-1] Connection to node -1 (localhost/127.0.0.1:9092) could not be established. Node may not be available.
2026-08-28 20:18:27.158 [kafka-producer-network-thread | customer-service-producer-1] WARN  customer-service [o.apache.kafka.clients.NetworkClient] - [Producer clientId=customer-service-producer-1] Bootstrap broker localhost:9092 (id: -1 rack: null) disconnected
2026-08-28 20:18:28.159 [kafka-producer-network-thread | customer-service-producer-1] INFO  customer-service [o.apache.kafka.clients.NetworkClient] - [Producer clientId=customer-service-producer-1] Node -1 disconnected.
2026-08-28 20:18:28.160 [kafka-producer-network-thread | customer-service-producer-1] WARN  customer-service [o.apache.kafka.clients.NetworkClient] - [Producer clientId=customer-service-producer-1] Connection to node -1 (localhost/127.0.0.1:9092) could not be established. Node may not be available.
2026-08-28 20:18:28.160 [kafka-producer-network-thread | customer-service-producer-1] WARN  customer-service [o.apache.kafka.clients.NetworkClient] - [Producer clientId=customer-service-producer-1] Bootstrap broker localhost:9092 (id: -1 rack: null) disconnected
2026-08-28 20:18:29.176 [kafka-producer-network-thread | customer-service-producer-1] INFO  customer-service [o.apache.kafka.clients.NetworkClient] - [Producer clientId=customer-service-producer-1] Node -1 disconnected.
2026-08-28 20:18:29.176 [kafka-producer-network-thread | customer-service-producer-1] WARN  customer-service [o.apache.kafka.clients.NetworkClient] - [Producer clientId=customer-service-producer-1] Connection to node -1 (localhost/127.0.0.1:9092) could not be established. Node may not be available.
2026-08-28 20:18:29.176 [kafka-producer-network-thread | customer-service-producer-1] WARN  customer-service [o.apache.kafka.clients.NetworkClient] - [Producer clientId=customer-service-producer-1] Bootstrap broker localhost:9092 (id: -1 rack: null) disconnected
2026-08-28 20:18:30.133 [kafka-producer-network-thread | customer-service-producer-1] INFO  customer-service [o.apache.kafka.clients.NetworkClient] - [Producer clientId=customer-service-producer-1] Node -1 disconnected.
2026-08-28 20:18:30.133 [kafka-producer-network-thread | customer-service-producer-1] WARN  customer-service [o.apache.kafka.clients.NetworkClient] - [Producer clientId=customer-service-producer-1] Connection to node -1 (localhost/127.0.0.1:9092) could not be established. Node may not be available.
2026-08-28 20:18:30.133 [kafka-producer-network-thread | customer-service-producer-1] WARN  customer-service [o.apache.kafka.clients.NetworkClient] - [Producer clientId=customer-service-producer-1] Bootstrap broker localhost:9092 (id: -1 rack: null) disconnected
2026-08-28 20:18:31.139 [kafka-producer-network-thread | customer-service-producer-1] INFO  customer-service [o.apache.kafka.clients.NetworkClient] - [Producer clientId=customer-service-producer-1] Node -1 disconnected.
2026-08-28 20:18:31.139 [kafka-producer-network-thread | customer-service-producer-1] WARN  customer-service [o.apache.kafka.clients.NetworkClient] - [Producer clientId=customer-service-producer-1] Connection to node -1 (localhost/127.0.0.1:9092) could not be established. Node may not be available.
2026-08-28 20:18:31.139 [kafka-producer-network-thread | customer-service-producer-1] WARN  customer-service [o.apache.kafka.clients.NetworkClient] - [Producer clientId=customer-service-producer-1] Bootstrap broker localhost:9092 (id: -1 rack: null) disconnected
2026-08-28 20:18:32.048 [kafka-producer-network-thread | customer-service-producer-1] INFO  customer-service [o.apache.kafka.clients.NetworkClient] - [Producer clientId=customer-service-producer-1] Node -1 disconnected.
2026-08-28 20:18:32.049 [kafka-producer-network-thread | customer-service-producer-1] WARN  customer-service [o.apache.kafka.clients.NetworkClient] - [Producer clientId=customer-service-producer-1] Connection to node -1 (localhost/127.0.0.1:9092) could not be established. Node may not be available.
2026-08-28 20:18:32.049 [kafka-producer-network-thread | customer-service-producer-1] WARN  customer-service [o.apache.kafka.clients.NetworkClient] - [Producer clientId=customer-service-producer-1] Bootstrap broker localhost:9092 (id: -1 rack: null) disconnected
2026-08-28 20:18:33.004 [kafka-producer-network-thread | customer-service-producer-1] INFO  customer-service [o.apache.kafka.clients.NetworkClient] - [Producer clientId=customer-service-producer-1] Node -1 disconnected.
2026-08-28 20:18:33.004 [kafka-producer-network-thread | customer-service-producer-1] WARN  customer-service [o.apache.kafka.clients.NetworkClient] - [Producer clientId=customer-service-producer-1] Connection to node -1 (localhost/127.0.0.1:9092) could not be established. Node may not be available.
2026-08-28 20:18:33.004 [kafka-producer-network-thread | customer-service-producer-1] WARN  customer-service [o.apache.kafka.clients.NetworkClient] - [Producer clientId=customer-service-producer-1] Bootstrap broker localhost:9092 (id: -1 rack: null) disconnected
2026-08-28 20:18:34.021 [kafka-producer-network-thread | customer-service-producer-1] INFO  customer-service [o.apache.kafka.clients.NetworkClient] - [Producer clientId=customer-service-producer-1] Node -1 disconnected.
2026-08-28 20:18:34.021 [kafka-producer-network-thread | customer-service-producer-1] WARN  customer-service [o.apache.kafka.clients.NetworkClient] - [Producer clientId=customer-service-producer-1] Connection to node -1 (localhost/127.0.0.1:9092) could not be established. Node may not be available.
2026-08-28 20:18:34.021 [kafka-producer-network-thread | customer-service-producer-1] WARN  customer-service [o.apache.kafka.clients.NetworkClient] - [Producer clientId=customer-service-producer-1] Bootstrap broker localhost:9092 (id: -1 rack: null) disconnected
2026-08-28 20:18:35.022 [kafka-producer-network-thread | customer-service-producer-1] INFO  customer-service [o.apache.kafka.clients.NetworkClient] - [Producer clientId=customer-service-producer-1] Node -1 disconnected.
2026-08-28 20:18:35.022 [kafka-producer-network-thread | customer-service-producer-1] WARN  customer-service [o.apache.kafka.clients.NetworkClient] - [Producer clientId=customer-service-producer-1] Connection to node -1 (localhost/127.0.0.1:9092) could not be established. Node may not be available.
2026-08-28 20:18:35.022 [kafka-producer-network-thread | customer-service-producer-1] WARN  customer-service [o.apache.kafka.clients.NetworkClient] - [Producer clientId=customer-service-producer-1] Bootstrap broker localhost:9092 (id: -1 rack: null) disconnected
2026-08-28 20:18:36.026 [kafka-producer-network-thread | customer-service-producer-1] INFO  customer-service [o.apache.kafka.clients.NetworkClient] - [Producer clientId=customer-service-producer-1] Node -1 disconnected.
2026-08-28 20:18:36.027 [kafka-producer-network-thread | customer-service-producer-1] WARN  customer-service [o.apache.kafka.clients.NetworkClient] - [Producer clientId=customer-service-producer-1] Connection to node -1 (localhost/127.0.0.1:9092) could not be established. Node may not be available.
2026-08-28 20:18:36.028 [kafka-producer-network-thread | customer-service-producer-1] WARN  customer-service [o.apache.kafka.clients.NetworkClient] - [Producer clientId=customer-service-producer-1] Bootstrap broker localhost:9092 (id: -1 rack: null) disconnected
2026-08-28 20:18:37.027 [kafka-producer-network-thread | customer-service-producer-1] INFO  customer-service [o.apache.kafka.clients.NetworkClient] - [Producer clientId=customer-service-producer-1] Node -1 disconnected.
2026-08-28 20:18:37.027 [kafka-producer-network-thread | customer-service-producer-1] WARN  customer-service [o.apache.kafka.clients.NetworkClient] - [Producer clientId=customer-service-producer-1] Connection to node -1 (localhost/127.0.0.1:9092) could not be established. Node may not be available.
2026-08-28 20:18:37.027 [kafka-producer-network-thread | customer-service-producer-1] WARN  customer-service [o.apache.kafka.clients.NetworkClient] - [Producer clientId=customer-service-producer-1] Bootstrap broker localhost:9092 (id: -1 rack: null) disconnected
2026-08-28 20:18:38.027 [kafka-producer-network-thread | customer-service-producer-1] INFO  customer-service [o.apache.kafka.clients.NetworkClient] - [Producer clientId=customer-service-producer-1] Node -1 disconnected.
2026-08-28 20:18:38.027 [kafka-producer-network-thread | customer-service-producer-1] WARN  customer-service [o.apache.kafka.clients.NetworkClient] - [Producer clientId=customer-service-producer-1] Connection to node -1 (localhost/127.0.0.1:9092) could not be established. Node may not be available.
2026-08-28 20:18:38.027 [kafka-producer-network-thread | customer-service-producer-1] WARN  customer-service [o.apache.kafka.clients.NetworkClient] - [Producer clientId=customer-service-producer-1] Bootstrap broker localhost:9092 (id: -1 rack: null) disconnected
2026-08-28 20:18:39.058 [kafka-producer-network-thread | customer-service-producer-1] INFO  customer-service [o.apache.kafka.clients.NetworkClient] - [Producer clientId=customer-service-producer-1] Node -1 disconnected.
2026-08-28 20:18:39.059 [kafka-producer-network-thread | customer-service-producer-1] WARN  customer-service [o.apache.kafka.clients.NetworkClient] - [Producer clientId=customer-service-producer-1] Connection to node -1 (localhost/127.0.0.1:9092) could not be established. Node may not be available.
2026-08-28 20:18:39.059 [kafka-producer-network-thread | customer-service-producer-1] WARN  customer-service [o.apache.kafka.clients.NetworkClient] - [Producer clientId=customer-service-producer-1] Bootstrap broker localhost:9092 (id: -1 rack: null) disconnected
2026-08-28 20:18:40.106 [kafka-producer-network-thread | customer-service-producer-1] INFO  customer-service [o.apache.kafka.clients.NetworkClient] - [Producer clientId=customer-service-producer-1] Node -1 disconnected.
2026-08-28 20:18:40.107 [kafka-producer-network-thread | customer-service-producer-1] WARN  customer-service [o.apache.kafka.clients.NetworkClient] - [Producer clientId=customer-service-producer-1] Connection to node -1 (localhost/127.0.0.1:9092) could not be established. Node may not be available.
2026-08-28 20:18:40.107 [kafka-producer-network-thread | customer-service-producer-1] WARN  customer-service [o.apache.kafka.clients.NetworkClient] - [Producer clientId=customer-service-producer-1] Bootstrap broker localhost:9092 (id: -1 rack: null) disconnected
2026-08-28 20:18:41.005 [kafka-producer-network-thread | customer-service-producer-1] INFO  customer-service [o.apache.kafka.clients.NetworkClient] - [Producer clientId=customer-service-producer-1] Node -1 disconnected.
2026-08-28 20:18:41.008 [kafka-producer-network-thread | customer-service-producer-1] WARN  customer-service [o.apache.kafka.clients.NetworkClient] - [Producer clientId=customer-service-producer-1] Connection to node -1 (localhost/127.0.0.1:9092) could not be established. Node may not be available.
2026-08-28 20:18:41.008 [kafka-producer-network-thread | customer-service-producer-1] WARN  customer-service [o.apache.kafka.clients.NetworkClient] - [Producer clientId=customer-service-producer-1] Bootstrap broker localhost:9092 (id: -1 rack: null) disconnected
2026-08-28 20:18:42.015 [kafka-producer-network-thread | customer-service-producer-1] INFO  customer-service [o.apache.kafka.clients.NetworkClient] - [Producer clientId=customer-service-producer-1] Node -1 disconnected.
2026-08-28 20:18:42.015 [kafka-producer-network-thread | customer-service-producer-1] WARN  customer-service [o.apache.kafka.clients.NetworkClient] - [Producer clientId=customer-service-producer-1] Connection to node -1 (localhost/127.0.0.1:9092) could not be established. Node may not be available.
2026-08-28 20:18:42.015 [kafka-producer-network-thread | customer-service-producer-1] WARN  customer-service [o.apache.kafka.clients.NetworkClient] - [Producer clientId=customer-service-producer-1] Bootstrap broker localhost:9092 (id: -1 rack: null) disconnected
2026-08-28 20:18:43.061 [kafka-producer-network-thread | customer-service-producer-1] INFO  customer-service [o.apache.kafka.clients.NetworkClient] - [Producer clientId=customer-service-producer-1] Node -1 disconnected.
2026-08-28 20:18:43.061 [kafka-producer-network-thread | customer-service-producer-1] WARN  customer-service [o.apache.kafka.clients.NetworkClient] - [Producer clientId=customer-service-producer-1] Connection to node -1 (localhost/127.0.0.1:9092) could not be established. Node may not be available.
2026-08-28 20:18:43.061 [kafka-producer-network-thread | customer-service-producer-1] WARN  customer-service [o.apache.kafka.clients.NetworkClient] - [Producer clientId=customer-service-producer-1] Bootstrap broker localhost:9092 (id: -1 rack: null) disconnected
2026-08-28 20:18:44.061 [kafka-producer-network-thread | customer-service-producer-1] INFO  customer-service [o.apache.kafka.clients.NetworkClient] - [Producer clientId=customer-service-producer-1] Node -1 disconnected.
2026-08-28 20:18:44.061 [kafka-producer-network-thread | customer-service-producer-1] WARN  customer-service [o.apache.kafka.clients.NetworkClient] - [Producer clientId=customer-service-producer-1] Connection to node -1 (localhost/127.0.0.1:9092) could not be established. Node may not be available.
2026-08-28 20:18:44.061 [kafka-producer-network-thread | customer-service-producer-1] WARN  customer-service [o.apache.kafka.clients.NetworkClient] - [Producer clientId=customer-service-producer-1] Bootstrap broker localhost:9092 (id: -1 rack: null) disconnected
2026-08-28 20:18:45.075 [kafka-producer-network-thread | customer-service-producer-1] INFO  customer-service [o.apache.kafka.clients.NetworkClient] - [Producer clientId=customer-service-producer-1] Node -1 disconnected.
2026-08-28 20:18:45.075 [kafka-producer-network-thread | customer-service-producer-1] WARN  customer-service [o.apache.kafka.clients.NetworkClient] - [Producer clientId=customer-service-producer-1] Connection to node -1 (localhost/127.0.0.1:9092) could not be established. Node may not be available.
2026-08-28 20:18:45.076 [kafka-producer-network-thread | customer-service-producer-1] WARN  customer-service [o.apache.kafka.clients.NetworkClient] - [Producer clientId=customer-service-producer-1] Bootstrap broker localhost:9092 (id: -1 rack: null) disconnected
2026-08-28 20:18:46.095 [kafka-producer-network-thread | customer-service-producer-1] INFO  customer-service [o.apache.kafka.clients.NetworkClient] - [Producer clientId=customer-service-producer-1] Node -1 disconnected.
2026-08-28 20:18:46.096 [kafka-producer-network-thread | customer-service-producer-1] WARN  customer-service [o.apache.kafka.clients.NetworkClient] - [Producer clientId=customer-service-producer-1] Connection to node -1 (localhost/127.0.0.1:9092) could not be established. Node may not be available.
2026-08-28 20:18:46.096 [kafka-producer-network-thread | customer-service-producer-1] WARN  customer-service [o.apache.kafka.clients.NetworkClient] - [Producer clientId=customer-service-producer-1] Bootstrap broker localhost:9092 (id: -1 rack: null) disconnected
2026-08-28 20:18:46.920 [kafka-producer-network-thread | customer-service-producer-1] INFO  customer-service [o.apache.kafka.clients.NetworkClient] - [Producer clientId=customer-service-producer-1] Node -1 disconnected.
2026-08-28 20:18:46.921 [kafka-producer-network-thread | customer-service-producer-1] WARN  customer-service [o.apache.kafka.clients.NetworkClient] - [Producer clientId=customer-service-producer-1] Connection to node -1 (localhost/127.0.0.1:9092) could not be established. Node may not be available.
2026-08-28 20:18:46.921 [kafka-producer-network-thread | customer-service-producer-1] WARN  customer-service [o.apache.kafka.clients.NetworkClient] - [Producer clientId=customer-service-producer-1] Bootstrap broker localhost:9092 (id: -1 rack: null) disconnected
2026-08-28 20:18:47.961 [kafka-producer-network-thread | customer-service-producer-1] INFO  customer-service [o.apache.kafka.clients.NetworkClient] - [Producer clientId=customer-service-producer-1] Node -1 disconnected.
2026-08-28 20:18:47.961 [kafka-producer-network-thread | customer-service-producer-1] WARN  customer-service [o.apache.kafka.clients.NetworkClient] - [Producer clientId=customer-service-producer-1] Connection to node -1 (localhost/127.0.0.1:9092) could not be established. Node may not be available.
2026-08-28 20:18:47.961 [kafka-producer-network-thread | customer-service-producer-1] WARN  customer-service [o.apache.kafka.clients.NetworkClient] - [Producer clientId=customer-service-producer-1] Bootstrap broker localhost:9092 (id: -1 rack: null) disconnected
2026-08-28 20:18:48.867 [kafka-producer-network-thread | customer-service-producer-1] INFO  customer-service [o.apache.kafka.clients.NetworkClient] - [Producer clientId=customer-service-producer-1] Node -1 disconnected.
2026-08-28 20:18:48.867 [kafka-producer-network-thread | customer-service-producer-1] WARN  customer-service [o.apache.kafka.clients.NetworkClient] - [Producer clientId=customer-service-producer-1] Connection to node -1 (localhost/127.0.0.1:9092) could not be established. Node may not be available.
2026-08-28 20:18:48.867 [kafka-producer-network-thread | customer-service-producer-1] WARN  customer-service [o.apache.kafka.clients.NetworkClient] - [Producer clientId=customer-service-producer-1] Bootstrap broker localhost:9092 (id: -1 rack: null) disconnected
2026-08-28 20:18:49.727 [kafka-producer-network-thread | customer-service-producer-1] INFO  customer-service [o.apache.kafka.clients.NetworkClient] - [Producer clientId=customer-service-producer-1] Node -1 disconnected.
2026-08-28 20:18:49.727 [kafka-producer-network-thread | customer-service-producer-1] WARN  customer-service [o.apache.kafka.clients.NetworkClient] - [Producer clientId=customer-service-producer-1] Connection to node -1 (localhost/127.0.0.1:9092) could not be established. Node may not be available.
2026-08-28 20:18:49.727 [kafka-producer-network-thread | customer-service-producer-1] WARN  customer-service [o.apache.kafka.clients.NetworkClient] - [Producer clientId=customer-service-producer-1] Bootstrap broker localhost:9092 (id: -1 rack: null) disconnected
2026-08-28 20:18:50.750 [kafka-producer-network-thread | customer-service-producer-1] INFO  customer-service [o.apache.kafka.clients.NetworkClient] - [Producer clientId=customer-service-producer-1] Node -1 disconnected.
2026-08-28 20:18:50.750 [kafka-producer-network-thread | customer-service-producer-1] WARN  customer-service [o.apache.kafka.clients.NetworkClient] - [Producer clientId=customer-service-producer-1] Connection to node -1 (localhost/127.0.0.1:9092) could not be established. Node may not be available.
2026-08-28 20:18:50.750 [kafka-producer-network-thread | customer-service-producer-1] WARN  customer-service [o.apache.kafka.clients.NetworkClient] - [Producer clientId=customer-service-producer-1] Bootstrap broker localhost:9092 (id: -1 rack: null) disconnected
2026-08-28 20:18:51.750 [kafka-producer-network-thread | customer-service-producer-1] INFO  customer-service [o.apache.kafka.clients.NetworkClient] - [Producer clientId=customer-service-producer-1] Node -1 disconnected.
2026-08-28 20:18:51.750 [kafka-producer-network-thread | customer-service-producer-1] WARN  customer-service [o.apache.kafka.clients.NetworkClient] - [Producer clientId=customer-service-producer-1] Connection to node -1 (localhost/127.0.0.1:9092) could not be established. Node may not be available.
2026-08-28 20:18:51.750 [kafka-producer-network-thread | customer-service-producer-1] WARN  customer-service [o.apache.kafka.clients.NetworkClient] - [Producer clientId=customer-service-producer-1] Bootstrap broker localhost:9092 (id: -1 rack: null) disconnected
2026-08-28 20:18:52.625 [kafka-producer-network-thread | customer-service-producer-1] INFO  customer-service [o.apache.kafka.clients.NetworkClient] - [Producer clientId=customer-service-producer-1] Node -1 disconnected.
2026-08-28 20:18:52.625 [kafka-producer-network-thread | customer-service-producer-1] WARN  customer-service [o.apache.kafka.clients.NetworkClient] - [Producer clientId=customer-service-producer-1] Connection to node -1 (localhost/127.0.0.1:9092) could not be established. Node may not be available.
2026-08-28 20:18:52.625 [kafka-producer-network-thread | customer-service-producer-1] WARN  customer-service [o.apache.kafka.clients.NetworkClient] - [Producer clientId=customer-service-producer-1] Bootstrap broker localhost:9092 (id: -1 rack: null) disconnected
2026-08-28 20:18:53.659 [kafka-producer-network-thread | customer-service-producer-1] INFO  customer-service [o.apache.kafka.clients.NetworkClient] - [Producer clientId=customer-service-producer-1] Node -1 disconnected.
2026-08-28 20:18:53.659 [kafka-producer-network-thread | customer-service-producer-1] WARN  customer-service [o.apache.kafka.clients.NetworkClient] - [Producer clientId=customer-service-producer-1] Connection to node -1 (localhost/127.0.0.1:9092) could not be established. Node may not be available.
2026-08-28 20:18:53.659 [kafka-producer-network-thread | customer-service-producer-1] WARN  customer-service [o.apache.kafka.clients.NetworkClient] - [Producer clientId=customer-service-producer-1] Bootstrap broker localhost:9092 (id: -1 rack: null) disconnected
2026-08-28 20:18:54.546 [kafka-producer-network-thread | customer-service-producer-1] INFO  customer-service [o.apache.kafka.clients.NetworkClient] - [Producer clientId=customer-service-producer-1] Node -1 disconnected.
2026-08-28 20:18:54.546 [kafka-producer-network-thread | customer-service-producer-1] WARN  customer-service [o.apache.kafka.clients.NetworkClient] - [Producer clientId=customer-service-producer-1] Connection to node -1 (localhost/127.0.0.1:9092) could not be established. Node may not be available.
2026-08-28 20:18:54.546 [kafka-producer-network-thread | customer-service-producer-1] WARN  customer-service [o.apache.kafka.clients.NetworkClient] - [Producer clientId=customer-service-producer-1] Bootstrap broker localhost:9092 (id: -1 rack: null) disconnected
2026-08-28 20:18:55.593 [kafka-producer-network-thread | customer-service-producer-1] INFO  customer-service [o.apache.kafka.clients.NetworkClient] - [Producer clientId=customer-service-producer-1] Node -1 disconnected.
2026-08-28 20:18:55.594 [kafka-producer-network-thread | customer-service-producer-1] WARN  customer-service [o.apache.kafka.clients.NetworkClient] - [Producer clientId=customer-service-producer-1] Connection to node -1 (localhost/127.0.0.1:9092) could not be established. Node may not be available.
2026-08-28 20:18:55.594 [kafka-producer-network-thread | customer-service-producer-1] WARN  customer-service [o.apache.kafka.clients.NetworkClient] - [Producer clientId=customer-service-producer-1] Bootstrap broker localhost:9092 (id: -1 rack: null) disconnected
2026-08-28 20:18:56.536 [kafka-producer-network-thread | customer-service-producer-1] INFO  customer-service [o.apache.kafka.clients.NetworkClient] - [Producer clientId=customer-service-producer-1] Node -1 disconnected.
2026-08-28 20:18:56.536 [kafka-producer-network-thread | customer-service-producer-1] WARN  customer-service [o.apache.kafka.clients.NetworkClient] - [Producer clientId=customer-service-producer-1] Connection to node -1 (localhost/127.0.0.1:9092) could not be established. Node may not be available.
2026-08-28 20:18:56.536 [kafka-producer-network-thread | customer-service-producer-1] WARN  customer-service [o.apache.kafka.clients.NetworkClient] - [Producer clientId=customer-service-producer-1] Bootstrap broker localhost:9092 (id: -1 rack: null) disconnected
2026-08-28 20:18:57.546 [kafka-producer-network-thread | customer-service-producer-1] INFO  customer-service [o.apache.kafka.clients.NetworkClient] - [Producer clientId=customer-service-producer-1] Node -1 disconnected.
2026-08-28 20:18:57.546 [kafka-producer-network-thread | customer-service-producer-1] WARN  customer-service [o.apache.kafka.clients.NetworkClient] - [Producer clientId=customer-service-producer-1] Connection to node -1 (localhost/127.0.0.1:9092) could not be established. Node may not be available.
2026-08-28 20:18:57.546 [kafka-producer-network-thread | customer-service-producer-1] WARN  customer-service [o.apache.kafka.clients.NetworkClient] - [Producer clientId=customer-service-producer-1] Bootstrap broker localhost:9092 (id: -1 rack: null) disconnected
2026-08-28 20:18:58.547 [kafka-producer-network-thread | customer-service-producer-1] INFO  customer-service [o.apache.kafka.clients.NetworkClient] - [Producer clientId=customer-service-producer-1] Node -1 disconnected.
2026-08-28 20:18:58.547 [kafka-producer-network-thread | customer-service-producer-1] WARN  customer-service [o.apache.kafka.clients.NetworkClient] - [Producer clientId=customer-service-producer-1] Connection to node -1 (localhost/127.0.0.1:9092) could not be established. Node may not be available.
2026-08-28 20:18:58.547 [kafka-producer-network-thread | customer-service-producer-1] WARN  customer-service [o.apache.kafka.clients.NetworkClient] - [Producer clientId=customer-service-producer-1] Bootstrap broker localhost:9092 (id: -1 rack: null) disconnected
2026-08-28 20:18:59.403 [kafka-producer-network-thread | customer-service-producer-1] INFO  customer-service [o.apache.kafka.clients.NetworkClient] - [Producer clientId=customer-service-producer-1] Node -1 disconnected.
2026-08-28 20:18:59.403 [kafka-producer-network-thread | customer-service-producer-1] WARN  customer-service [o.apache.kafka.clients.NetworkClient] - [Producer clientId=customer-service-producer-1] Connection to node -1 (localhost/127.0.0.1:9092) could not be established. Node may not be available.
2026-08-28 20:18:59.403 [kafka-producer-network-thread | customer-service-producer-1] WARN  customer-service [o.apache.kafka.clients.NetworkClient] - [Producer clientId=customer-service-producer-1] Bootstrap broker localhost:9092 (id: -1 rack: null) disconnected
2026-08-28 20:19:00.416 [kafka-producer-network-thread | customer-service-producer-1] INFO  customer-service [o.apache.kafka.clients.NetworkClient] - [Producer clientId=customer-service-producer-1] Node -1 disconnected.
2026-08-28 20:19:00.416 [kafka-producer-network-thread | customer-service-producer-1] WARN  customer-service [o.apache.kafka.clients.NetworkClient] - [Producer clientId=customer-service-producer-1] Connection to node -1 (localhost/127.0.0.1:9092) could not be established. Node may not be available.
2026-08-28 20:19:00.416 [kafka-producer-network-thread | customer-service-producer-1] WARN  customer-service [o.apache.kafka.clients.NetworkClient] - [Producer clientId=customer-service-producer-1] Bootstrap broker localhost:9092 (id: -1 rack: null) disconnected
2026-08-28 20:19:01.460 [kafka-producer-network-thread | customer-service-producer-1] INFO  customer-service [o.apache.kafka.clients.NetworkClient] - [Producer clientId=customer-service-producer-1] Node -1 disconnected.
2026-08-28 20:19:01.460 [kafka-producer-network-thread | customer-service-producer-1] WARN  customer-service [o.apache.kafka.clients.NetworkClient] - [Producer clientId=customer-service-producer-1] Connection to node -1 (localhost/127.0.0.1:9092) could not be established. Node may not be available.
2026-08-28 20:19:01.460 [kafka-producer-network-thread | customer-service-producer-1] WARN  customer-service [o.apache.kafka.clients.NetworkClient] - [Producer clientId=customer-service-producer-1] Bootstrap broker localhost:9092 (id: -1 rack: null) disconnected
2026-08-28 20:19:02.498 [kafka-producer-network-thread | customer-service-producer-1] INFO  customer-service [o.apache.kafka.clients.NetworkClient] - [Producer clientId=customer-service-producer-1] Node -1 disconnected.
2026-08-28 20:19:02.498 [kafka-producer-network-thread | customer-service-producer-1] WARN  customer-service [o.apache.kafka.clients.NetworkClient] - [Producer clientId=customer-service-producer-1] Connection to node -1 (localhost/127.0.0.1:9092) could not be established. Node may not be available.
2026-08-28 20:19:02.498 [kafka-producer-network-thread | customer-service-producer-1] WARN  customer-service [o.apache.kafka.clients.NetworkClient] - [Producer clientId=customer-service-producer-1] Bootstrap broker localhost:9092 (id: -1 rack: null) disconnected
2026-08-28 20:19:03.548 [kafka-producer-network-thread | customer-service-producer-1] INFO  customer-service [o.apache.kafka.clients.NetworkClient] - [Producer clientId=customer-service-producer-1] Node -1 disconnected.
2026-08-28 20:19:03.549 [kafka-producer-network-thread | customer-service-producer-1] WARN  customer-service [o.apache.kafka.clients.NetworkClient] - [Producer clientId=customer-service-producer-1] Connection to node -1 (localhost/127.0.0.1:9092) could not be established. Node may not be available.
2026-08-28 20:19:03.549 [kafka-producer-network-thread | customer-service-producer-1] WARN  customer-service [o.apache.kafka.clients.NetworkClient] - [Producer clientId=customer-service-producer-1] Bootstrap broker localhost:9092 (id: -1 rack: null) disconnected
2026-08-28 20:19:04.556 [kafka-producer-network-thread | customer-service-producer-1] INFO  customer-service [o.apache.kafka.clients.NetworkClient] - [Producer clientId=customer-service-producer-1] Node -1 disconnected.
2026-08-28 20:19:04.556 [kafka-producer-network-thread | customer-service-producer-1] WARN  customer-service [o.apache.kafka.clients.NetworkClient] - [Producer clientId=customer-service-producer-1] Connection to node -1 (localhost/127.0.0.1:9092) could not be established. Node may not be available.
2026-08-28 20:19:04.556 [kafka-producer-network-thread | customer-service-producer-1] WARN  customer-service [o.apache.kafka.clients.NetworkClient] - [Producer clientId=customer-service-producer-1] Bootstrap broker localhost:9092 (id: -1 rack: null) disconnected
2026-08-28 20:19:05.556 [kafka-producer-network-thread | customer-service-producer-1] INFO  customer-service [o.apache.kafka.clients.NetworkClient] - [Producer clientId=customer-service-producer-1] Node -1 disconnected.
2026-08-28 20:19:05.557 [kafka-producer-network-thread | customer-service-producer-1] WARN  customer-service [o.apache.kafka.clients.NetworkClient] - [Producer clientId=customer-service-producer-1] Connection to node -1 (localhost/127.0.0.1:9092) could not be established. Node may not be available.
2026-08-28 20:19:05.557 [kafka-producer-network-thread | customer-service-producer-1] WARN  customer-service [o.apache.kafka.clients.NetworkClient] - [Producer clientId=customer-service-producer-1] Bootstrap broker localhost:9092 (id: -1 rack: null) disconnected
2026-08-28 20:19:06.603 [kafka-producer-network-thread | customer-service-producer-1] INFO  customer-service [o.apache.kafka.clients.NetworkClient] - [Producer clientId=customer-service-producer-1] Node -1 disconnected.
2026-08-28 20:19:06.603 [kafka-producer-network-thread | customer-service-producer-1] WARN  customer-service [o.apache.kafka.clients.NetworkClient] - [Producer clientId=customer-service-producer-1] Connection to node -1 (localhost/127.0.0.1:9092) could not be established. Node may not be available.
2026-08-28 20:19:06.604 [kafka-producer-network-thread | customer-service-producer-1] WARN  customer-service [o.apache.kafka.clients.NetworkClient] - [Producer clientId=customer-service-producer-1] Bootstrap broker localhost:9092 (id: -1 rack: null) disconnected
2026-08-28 20:19:07.490 [kafka-producer-network-thread | customer-service-producer-1] INFO  customer-service [o.apache.kafka.clients.NetworkClient] - [Producer clientId=customer-service-producer-1] Node -1 disconnected.
2026-08-28 20:19:07.490 [kafka-producer-network-thread | customer-service-producer-1] WARN  customer-service [o.apache.kafka.clients.NetworkClient] - [Producer clientId=customer-service-producer-1] Connection to node -1 (localhost/127.0.0.1:9092) could not be established. Node may not be available.
2026-08-28 20:19:07.490 [kafka-producer-network-thread | customer-service-producer-1] WARN  customer-service [o.apache.kafka.clients.NetworkClient] - [Producer clientId=customer-service-producer-1] Bootstrap broker localhost:9092 (id: -1 rack: null) disconnected
2026-08-28 20:19:08.314 [kafka-producer-network-thread | customer-service-producer-1] INFO  customer-service [o.apache.kafka.clients.NetworkClient] - [Producer clientId=customer-service-producer-1] Node -1 disconnected.
2026-08-28 20:19:08.315 [kafka-producer-network-thread | customer-service-producer-1] WARN  customer-service [o.apache.kafka.clients.NetworkClient] - [Producer clientId=customer-service-producer-1] Connection to node -1 (localhost/127.0.0.1:9092) could not be established. Node may not be available.
2026-08-28 20:19:08.315 [kafka-producer-network-thread | customer-service-producer-1] WARN  customer-service [o.apache.kafka.clients.NetworkClient] - [Producer clientId=customer-service-producer-1] Bootstrap broker localhost:9092 (id: -1 rack: null) disconnected
2026-08-28 20:19:09.329 [kafka-producer-network-thread | customer-service-producer-1] INFO  customer-service [o.apache.kafka.clients.NetworkClient] - [Producer clientId=customer-service-producer-1] Node -1 disconnected.
2026-08-28 20:19:09.330 [kafka-producer-network-thread | customer-service-producer-1] WARN  customer-service [o.apache.kafka.clients.NetworkClient] - [Producer clientId=customer-service-producer-1] Connection to node -1 (localhost/127.0.0.1:9092) could not be established. Node may not be available.
2026-08-28 20:19:09.330 [kafka-producer-network-thread | customer-service-producer-1] WARN  customer-service [o.apache.kafka.clients.NetworkClient] - [Producer clientId=customer-service-producer-1] Bootstrap broker localhost:9092 (id: -1 rack: null) disconnected
2026-08-28 20:19:10.194 [kafka-producer-network-thread | customer-service-producer-1] INFO  customer-service [o.apache.kafka.clients.NetworkClient] - [Producer clientId=customer-service-producer-1] Node -1 disconnected.
2026-08-28 20:19:10.194 [kafka-producer-network-thread | customer-service-producer-1] WARN  customer-service [o.apache.kafka.clients.NetworkClient] - [Producer clientId=customer-service-producer-1] Connection to node -1 (localhost/127.0.0.1:9092) could not be established. Node may not be available.
2026-08-28 20:19:10.194 [kafka-producer-network-thread | customer-service-producer-1] WARN  customer-service [o.apache.kafka.clients.NetworkClient] - [Producer clientId=customer-service-producer-1] Bootstrap broker localhost:9092 (id: -1 rack: null) disconnected
2026-08-28 20:19:11.234 [kafka-producer-network-thread | customer-service-producer-1] INFO  customer-service [o.apache.kafka.clients.NetworkClient] - [Producer clientId=customer-service-producer-1] Node -1 disconnected.
2026-08-28 20:19:11.234 [kafka-producer-network-thread | customer-service-producer-1] WARN  customer-service [o.apache.kafka.clients.NetworkClient] - [Producer clientId=customer-service-producer-1] Connection to node -1 (localhost/127.0.0.1:9092) could not be established. Node may not be available.
2026-08-28 20:19:11.234 [kafka-producer-network-thread | customer-service-producer-1] WARN  customer-service [o.apache.kafka.clients.NetworkClient] - [Producer clientId=customer-service-producer-1] Bootstrap broker localhost:9092 (id: -1 rack: null) disconnected
2026-08-28 20:19:12.091 [kafka-producer-network-thread | customer-service-producer-1] INFO  customer-service [o.apache.kafka.clients.NetworkClient] - [Producer clientId=customer-service-producer-1] Node -1 disconnected.
2026-08-28 20:19:12.091 [kafka-producer-network-thread | customer-service-producer-1] WARN  customer-service [o.apache.kafka.clients.NetworkClient] - [Producer clientId=customer-service-producer-1] Connection to node -1 (localhost/127.0.0.1:9092) could not be established. Node may not be available.
2026-08-28 20:19:12.091 [kafka-producer-network-thread | customer-service-producer-1] WARN  customer-service [o.apache.kafka.clients.NetworkClient] - [Producer clientId=customer-service-producer-1] Bootstrap broker localhost:9092 (id: -1 rack: null) disconnected
2026-08-28 20:19:13.001 [kafka-producer-network-thread | customer-service-producer-1] INFO  customer-service [o.apache.kafka.clients.NetworkClient] - [Producer clientId=customer-service-producer-1] Node -1 disconnected.
2026-08-28 20:19:13.001 [kafka-producer-network-thread | customer-service-producer-1] WARN  customer-service [o.apache.kafka.clients.NetworkClient] - [Producer clientId=customer-service-producer-1] Connection to node -1 (localhost/127.0.0.1:9092) could not be established. Node may not be available.
2026-08-28 20:19:13.002 [kafka-producer-network-thread | customer-service-producer-1] WARN  customer-service [o.apache.kafka.clients.NetworkClient] - [Producer clientId=customer-service-producer-1] Bootstrap broker localhost:9092 (id: -1 rack: null) disconnected
2026-08-28 20:19:14.023 [kafka-producer-network-thread | customer-service-producer-1] INFO  customer-service [o.apache.kafka.clients.NetworkClient] - [Producer clientId=customer-service-producer-1] Node -1 disconnected.
2026-08-28 20:19:14.024 [kafka-producer-network-thread | customer-service-producer-1] WARN  customer-service [o.apache.kafka.clients.NetworkClient] - [Producer clientId=customer-service-producer-1] Connection to node -1 (localhost/127.0.0.1:9092) could not be established. Node may not be available.
2026-08-28 20:19:14.025 [kafka-producer-network-thread | customer-service-producer-1] WARN  customer-service [o.apache.kafka.clients.NetworkClient] - [Producer clientId=customer-service-producer-1] Bootstrap broker localhost:9092 (id: -1 rack: null) disconnected
2026-08-28 20:19:15.035 [kafka-producer-network-thread | customer-service-producer-1] INFO  customer-service [o.apache.kafka.clients.NetworkClient] - [Producer clientId=customer-service-producer-1] Node -1 disconnected.
2026-08-28 20:19:15.035 [kafka-producer-network-thread | customer-service-producer-1] WARN  customer-service [o.apache.kafka.clients.NetworkClient] - [Producer clientId=customer-service-producer-1] Connection to node -1 (localhost/127.0.0.1:9092) could not be established. Node may not be available.
2026-08-28 20:19:15.035 [kafka-producer-network-thread | customer-service-producer-1] WARN  customer-service [o.apache.kafka.clients.NetworkClient] - [Producer clientId=customer-service-producer-1] Bootstrap broker localhost:9092 (id: -1 rack: null) disconnected
2026-08-28 20:19:15.894 [kafka-producer-network-thread | customer-service-producer-1] INFO  customer-service [o.apache.kafka.clients.NetworkClient] - [Producer clientId=customer-service-producer-1] Node -1 disconnected.
2026-08-28 20:19:15.894 [kafka-producer-network-thread | customer-service-producer-1] WARN  customer-service [o.apache.kafka.clients.NetworkClient] - [Producer clientId=customer-service-producer-1] Connection to node -1 (localhost/127.0.0.1:9092) could not be established. Node may not be available.
2026-08-28 20:19:15.894 [kafka-producer-network-thread | customer-service-producer-1] WARN  customer-service [o.apache.kafka.clients.NetworkClient] - [Producer clientId=customer-service-producer-1] Bootstrap broker localhost:9092 (id: -1 rack: null) disconnected
2026-08-28 20:19:16.845 [kafka-producer-network-thread | customer-service-producer-1] INFO  customer-service [o.apache.kafka.clients.NetworkClient] - [Producer clientId=customer-service-producer-1] Node -1 disconnected.
2026-08-28 20:19:16.845 [kafka-producer-network-thread | customer-service-producer-1] WARN  customer-service [o.apache.kafka.clients.NetworkClient] - [Producer clientId=customer-service-producer-1] Connection to node -1 (localhost/127.0.0.1:9092) could not be established. Node may not be available.
2026-08-28 20:19:16.845 [kafka-producer-network-thread | customer-service-producer-1] WARN  customer-service [o.apache.kafka.clients.NetworkClient] - [Producer clientId=customer-service-producer-1] Bootstrap broker localhost:9092 (id: -1 rack: null) disconnected
2026-08-28 20:19:17.848 [kafka-producer-network-thread | customer-service-producer-1] INFO  customer-service [o.apache.kafka.clients.NetworkClient] - [Producer clientId=customer-service-producer-1] Node -1 disconnected.
2026-08-28 20:19:17.848 [kafka-producer-network-thread | customer-service-producer-1] WARN  customer-service [o.apache.kafka.clients.NetworkClient] - [Producer clientId=customer-service-producer-1] Connection to node -1 (localhost/127.0.0.1:9092) could not be established. Node may not be available.
2026-08-28 20:19:17.848 [kafka-producer-network-thread | customer-service-producer-1] WARN  customer-service [o.apache.kafka.clients.NetworkClient] - [Producer clientId=customer-service-producer-1] Bootstrap broker localhost:9092 (id: -1 rack: null) disconnected
2026-08-28 20:19:18.848 [kafka-producer-network-thread | customer-service-producer-1] INFO  customer-service [o.apache.kafka.clients.NetworkClient] - [Producer clientId=customer-service-producer-1] Node -1 disconnected.
2026-08-28 20:19:18.848 [kafka-producer-network-thread | customer-service-producer-1] WARN  customer-service [o.apache.kafka.clients.NetworkClient] - [Producer clientId=customer-service-producer-1] Connection to node -1 (localhost/127.0.0.1:9092) could not be established. Node may not be available.
2026-08-28 20:19:18.848 [kafka-producer-network-thread | customer-service-producer-1] WARN  customer-service [o.apache.kafka.clients.NetworkClient] - [Producer clientId=customer-service-producer-1] Bootstrap broker localhost:9092 (id: -1 rack: null) disconnected
2026-08-28 20:19:19.658 [kafka-producer-network-thread | customer-service-producer-1] INFO  customer-service [o.apache.kafka.clients.NetworkClient] - [Producer clientId=customer-service-producer-1] Node -1 disconnected.
2026-08-28 20:19:19.658 [kafka-producer-network-thread | customer-service-producer-1] WARN  customer-service [o.apache.kafka.clients.NetworkClient] - [Producer clientId=customer-service-producer-1] Connection to node -1 (localhost/127.0.0.1:9092) could not be established. Node may not be available.
2026-08-28 20:19:19.658 [kafka-producer-network-thread | customer-service-producer-1] WARN  customer-service [o.apache.kafka.clients.NetworkClient] - [Producer clientId=customer-service-producer-1] Bootstrap broker localhost:9092 (id: -1 rack: null) disconnected
2026-08-28 20:19:20.605 [kafka-producer-network-thread | customer-service-producer-1] INFO  customer-service [o.apache.kafka.clients.NetworkClient] - [Producer clientId=customer-service-producer-1] Node -1 disconnected.
2026-08-28 20:19:20.605 [kafka-producer-network-thread | customer-service-producer-1] WARN  customer-service [o.apache.kafka.clients.NetworkClient] - [Producer clientId=customer-service-producer-1] Connection to node -1 (localhost/127.0.0.1:9092) could not be established. Node may not be available.
2026-08-28 20:19:20.605 [kafka-producer-network-thread | customer-service-producer-1] WARN  customer-service [o.apache.kafka.clients.NetworkClient] - [Producer clientId=customer-service-producer-1] Bootstrap broker localhost:9092 (id: -1 rack: null) disconnected
2026-08-28 20:19:21.586 [kafka-producer-network-thread | customer-service-producer-1] INFO  customer-service [o.apache.kafka.clients.NetworkClient] - [Producer clientId=customer-service-producer-1] Node -1 disconnected.
2026-08-28 20:19:21.586 [kafka-producer-network-thread | customer-service-producer-1] WARN  customer-service [o.apache.kafka.clients.NetworkClient] - [Producer clientId=customer-service-producer-1] Connection to node -1 (localhost/127.0.0.1:9092) could not be established. Node may not be available.
2026-08-28 20:19:21.586 [kafka-producer-network-thread | customer-service-producer-1] WARN  customer-service [o.apache.kafka.clients.NetworkClient] - [Producer clientId=customer-service-producer-1] Bootstrap broker localhost:9092 (id: -1 rack: null) disconnected
2026-08-28 20:19:22.468 [kafka-producer-network-thread | customer-service-producer-1] INFO  customer-service [o.apache.kafka.clients.NetworkClient] - [Producer clientId=customer-service-producer-1] Node -1 disconnected.
2026-08-28 20:19:22.469 [kafka-producer-network-thread | customer-service-producer-1] WARN  customer-service [o.apache.kafka.clients.NetworkClient] - [Producer clientId=customer-service-producer-1] Connection to node -1 (localhost/127.0.0.1:9092) could not be established. Node may not be available.
2026-08-28 20:19:22.469 [kafka-producer-network-thread | customer-service-producer-1] WARN  customer-service [o.apache.kafka.clients.NetworkClient] - [Producer clientId=customer-service-producer-1] Bootstrap broker localhost:9092 (id: -1 rack: null) disconnected
2026-08-28 20:19:23.430 [kafka-producer-network-thread | customer-service-producer-1] INFO  customer-service [o.apache.kafka.clients.NetworkClient] - [Producer clientId=customer-service-producer-1] Node -1 disconnected.
2026-08-28 20:19:23.430 [kafka-producer-network-thread | customer-service-producer-1] WARN  customer-service [o.apache.kafka.clients.NetworkClient] - [Producer clientId=customer-service-producer-1] Connection to node -1 (localhost/127.0.0.1:9092) could not be established. Node may not be available.
2026-08-28 20:19:23.430 [kafka-producer-network-thread | customer-service-producer-1] WARN  customer-service [o.apache.kafka.clients.NetworkClient] - [Producer clientId=customer-service-producer-1] Bootstrap broker localhost:9092 (id: -1 rack: null) disconnected
2026-08-28 20:19:24.451 [kafka-producer-network-thread | customer-service-producer-1] INFO  customer-service [o.apache.kafka.clients.NetworkClient] - [Producer clientId=customer-service-producer-1] Node -1 disconnected.
2026-08-28 20:19:24.451 [kafka-producer-network-thread | customer-service-producer-1] WARN  customer-service [o.apache.kafka.clients.NetworkClient] - [Producer clientId=customer-service-producer-1] Connection to node -1 (localhost/127.0.0.1:9092) could not be established. Node may not be available.
2026-08-28 20:19:24.451 [kafka-producer-network-thread | customer-service-producer-1] WARN  customer-service [o.apache.kafka.clients.NetworkClient] - [Producer clientId=customer-service-producer-1] Bootstrap broker localhost:9092 (id: -1 rack: null) disconnected
2026-08-28 20:19:25.454 [kafka-producer-network-thread | customer-service-producer-1] INFO  customer-service [o.apache.kafka.clients.NetworkClient] - [Producer clientId=customer-service-producer-1] Node -1 disconnected.
2026-08-28 20:19:25.454 [kafka-producer-network-thread | customer-service-producer-1] WARN  customer-service [o.apache.kafka.clients.NetworkClient] - [Producer clientId=customer-service-producer-1] Connection to node -1 (localhost/127.0.0.1:9092) could not be established. Node may not be available.
2026-08-28 20:19:25.454 [kafka-producer-network-thread | customer-service-producer-1] WARN  customer-service [o.apache.kafka.clients.NetworkClient] - [Producer clientId=customer-service-producer-1] Bootstrap broker localhost:9092 (id: -1 rack: null) disconnected
2026-08-28 20:19:26.464 [kafka-producer-network-thread | customer-service-producer-1] INFO  customer-service [o.apache.kafka.clients.NetworkClient] - [Producer clientId=customer-service-producer-1] Node -1 disconnected.
2026-08-28 20:19:26.464 [kafka-producer-network-thread | customer-service-producer-1] WARN  customer-service [o.apache.kafka.clients.NetworkClient] - [Producer clientId=customer-service-producer-1] Connection to node -1 (localhost/127.0.0.1:9092) could not be established. Node may not be available.
2026-08-28 20:19:26.464 [kafka-producer-network-thread | customer-service-producer-1] WARN  customer-service [o.apache.kafka.clients.NetworkClient] - [Producer clientId=customer-service-producer-1] Bootstrap broker localhost:9092 (id: -1 rack: null) disconnected
2026-08-28 20:19:27.455 [kafka-producer-network-thread | customer-service-producer-1] INFO  customer-service [o.apache.kafka.clients.NetworkClient] - [Producer clientId=customer-service-producer-1] Node -1 disconnected.
2026-08-28 20:19:27.455 [kafka-producer-network-thread | customer-service-producer-1] WARN  customer-service [o.apache.kafka.clients.NetworkClient] - [Producer clientId=customer-service-producer-1] Connection to node -1 (localhost/127.0.0.1:9092) could not be established. Node may not be available.
2026-08-28 20:19:27.455 [kafka-producer-network-thread | customer-service-producer-1] WARN  customer-service [o.apache.kafka.clients.NetworkClient] - [Producer clientId=customer-service-producer-1] Bootstrap broker localhost:9092 (id: -1 rack: null) disconnected
2026-08-28 20:19:28.464 [kafka-producer-network-thread | customer-service-producer-1] INFO  customer-service [o.apache.kafka.clients.NetworkClient] - [Producer clientId=customer-service-producer-1] Node -1 disconnected.
2026-08-28 20:19:28.464 [kafka-producer-network-thread | customer-service-producer-1] WARN  customer-service [o.apache.kafka.clients.NetworkClient] - [Producer clientId=customer-service-producer-1] Connection to node -1 (localhost/127.0.0.1:9092) could not be established. Node may not be available.
2026-08-28 20:19:28.464 [kafka-producer-network-thread | customer-service-producer-1] WARN  customer-service [o.apache.kafka.clients.NetworkClient] - [Producer clientId=customer-service-producer-1] Bootstrap broker localhost:9092 (id: -1 rack: null) disconnected
2026-08-28 20:19:29.465 [kafka-producer-network-thread | customer-service-producer-1] INFO  customer-service [o.apache.kafka.clients.NetworkClient] - [Producer clientId=customer-service-producer-1] Node -1 disconnected.
2026-08-28 20:19:29.465 [kafka-producer-network-thread | customer-service-producer-1] WARN  customer-service [o.apache.kafka.clients.NetworkClient] - [Producer clientId=customer-service-producer-1] Connection to node -1 (localhost/127.0.0.1:9092) could not be established. Node may not be available.
2026-08-28 20:19:29.465 [kafka-producer-network-thread | customer-service-producer-1] WARN  customer-service [o.apache.kafka.clients.NetworkClient] - [Producer clientId=customer-service-producer-1] Bootstrap broker localhost:9092 (id: -1 rack: null) disconnected
2026-08-28 20:19:30.466 [kafka-producer-network-thread | customer-service-producer-1] INFO  customer-service [o.apache.kafka.clients.NetworkClient] - [Producer clientId=customer-service-producer-1] Node -1 disconnected.
2026-08-28 20:19:30.466 [kafka-producer-network-thread | customer-service-producer-1] WARN  customer-service [o.apache.kafka.clients.NetworkClient] - [Producer clientId=customer-service-producer-1] Connection to node -1 (localhost/127.0.0.1:9092) could not be established. Node may not be available.
2026-08-28 20:19:30.466 [kafka-producer-network-thread | customer-service-producer-1] WARN  customer-service [o.apache.kafka.clients.NetworkClient] - [Producer clientId=customer-service-producer-1] Bootstrap broker localhost:9092 (id: -1 rack: null) disconnected
2026-08-28 20:19:31.515 [kafka-producer-network-thread | customer-service-producer-1] INFO  customer-service [o.apache.kafka.clients.NetworkClient] - [Producer clientId=customer-service-producer-1] Node -1 disconnected.
2026-08-28 20:19:31.515 [kafka-producer-network-thread | customer-service-producer-1] WARN  customer-service [o.apache.kafka.clients.NetworkClient] - [Producer clientId=customer-service-producer-1] Connection to node -1 (localhost/127.0.0.1:9092) could not be established. Node may not be available.
2026-08-28 20:19:31.515 [kafka-producer-network-thread | customer-service-producer-1] WARN  customer-service [o.apache.kafka.clients.NetworkClient] - [Producer clientId=customer-service-producer-1] Bootstrap broker localhost:9092 (id: -1 rack: null) disconnected
2026-08-28 20:19:32.517 [kafka-producer-network-thread | customer-service-producer-1] INFO  customer-service [o.apache.kafka.clients.NetworkClient] - [Producer clientId=customer-service-producer-1] Node -1 disconnected.
2026-08-28 20:19:32.517 [kafka-producer-network-thread | customer-service-producer-1] WARN  customer-service [o.apache.kafka.clients.NetworkClient] - [Producer clientId=customer-service-producer-1] Connection to node -1 (localhost/127.0.0.1:9092) could not be established. Node may not be available.
2026-08-28 20:19:32.517 [kafka-producer-network-thread | customer-service-producer-1] WARN  customer-service [o.apache.kafka.clients.NetworkClient] - [Producer clientId=customer-service-producer-1] Bootstrap broker localhost:9092 (id: -1 rack: null) disconnected
2026-08-28 20:19:33.518 [kafka-producer-network-thread | customer-service-producer-1] INFO  customer-service [o.apache.kafka.clients.NetworkClient] - [Producer clientId=customer-service-producer-1] Node -1 disconnected.
2026-08-28 20:19:33.518 [kafka-producer-network-thread | customer-service-producer-1] WARN  customer-service [o.apache.kafka.clients.NetworkClient] - [Producer clientId=customer-service-producer-1] Connection to node -1 (localhost/127.0.0.1:9092) could not be established. Node may not be available.
2026-08-28 20:19:33.518 [kafka-producer-network-thread | customer-service-producer-1] WARN  customer-service [o.apache.kafka.clients.NetworkClient] - [Producer clientId=customer-service-producer-1] Bootstrap broker localhost:9092 (id: -1 rack: null) disconnected
2026-08-28 20:19:34.519 [kafka-producer-network-thread | customer-service-producer-1] INFO  customer-service [o.apache.kafka.clients.NetworkClient] - [Producer clientId=customer-service-producer-1] Node -1 disconnected.
2026-08-28 20:19:34.519 [kafka-producer-network-thread | customer-service-producer-1] WARN  customer-service [o.apache.kafka.clients.NetworkClient] - [Producer clientId=customer-service-producer-1] Connection to node -1 (localhost/127.0.0.1:9092) could not be established. Node may not be available.
2026-08-28 20:19:34.519 [kafka-producer-network-thread | customer-service-producer-1] WARN  customer-service [o.apache.kafka.clients.NetworkClient] - [Producer clientId=customer-service-producer-1] Bootstrap broker localhost:9092 (id: -1 rack: null) disconnected
2026-08-28 20:19:35.480 [kafka-producer-network-thread | customer-service-producer-1] INFO  customer-service [o.apache.kafka.clients.NetworkClient] - [Producer clientId=customer-service-producer-1] Node -1 disconnected.
2026-08-28 20:19:35.480 [kafka-producer-network-thread | customer-service-producer-1] WARN  customer-service [o.apache.kafka.clients.NetworkClient] - [Producer clientId=customer-service-producer-1] Connection to node -1 (localhost/127.0.0.1:9092) could not be established. Node may not be available.
2026-08-28 20:19:35.480 [kafka-producer-network-thread | customer-service-producer-1] WARN  customer-service [o.apache.kafka.clients.NetworkClient] - [Producer clientId=customer-service-producer-1] Bootstrap broker localhost:9092 (id: -1 rack: null) disconnected
2026-08-28 20:19:36.486 [kafka-producer-network-thread | customer-service-producer-1] INFO  customer-service [o.apache.kafka.clients.NetworkClient] - [Producer clientId=customer-service-producer-1] Node -1 disconnected.
2026-08-28 20:19:36.486 [kafka-producer-network-thread | customer-service-producer-1] WARN  customer-service [o.apache.kafka.clients.NetworkClient] - [Producer clientId=customer-service-producer-1] Connection to node -1 (localhost/127.0.0.1:9092) could not be established. Node may not be available.
2026-08-28 20:19:36.486 [kafka-producer-network-thread | customer-service-producer-1] WARN  customer-service [o.apache.kafka.clients.NetworkClient] - [Producer clientId=customer-service-producer-1] Bootstrap broker localhost:9092 (id: -1 rack: null) disconnected
2026-08-28 20:19:37.385 [kafka-producer-network-thread | customer-service-producer-1] INFO  customer-service [o.apache.kafka.clients.NetworkClient] - [Producer clientId=customer-service-producer-1] Node -1 disconnected.
2026-08-28 20:19:37.385 [kafka-producer-network-thread | customer-service-producer-1] WARN  customer-service [o.apache.kafka.clients.NetworkClient] - [Producer clientId=customer-service-producer-1] Connection to node -1 (localhost/127.0.0.1:9092) could not be established. Node may not be available.
2026-08-28 20:19:37.385 [kafka-producer-network-thread | customer-service-producer-1] WARN  customer-service [o.apache.kafka.clients.NetworkClient] - [Producer clientId=customer-service-producer-1] Bootstrap broker localhost:9092 (id: -1 rack: null) disconnected
2026-08-28 20:19:38.244 [kafka-producer-network-thread | customer-service-producer-1] INFO  customer-service [o.apache.kafka.clients.NetworkClient] - [Producer clientId=customer-service-producer-1] Node -1 disconnected.
2026-08-28 20:19:38.244 [kafka-producer-network-thread | customer-service-producer-1] WARN  customer-service [o.apache.kafka.clients.NetworkClient] - [Producer clientId=customer-service-producer-1] Connection to node -1 (localhost/127.0.0.1:9092) could not be established. Node may not be available.
2026-08-28 20:19:38.244 [kafka-producer-network-thread | customer-service-producer-1] WARN  customer-service [o.apache.kafka.clients.NetworkClient] - [Producer clientId=customer-service-producer-1] Bootstrap broker localhost:9092 (id: -1 rack: null) disconnected
2026-08-28 20:19:39.053 [kafka-producer-network-thread | customer-service-producer-1] INFO  customer-service [o.apache.kafka.clients.NetworkClient] - [Producer clientId=customer-service-producer-1] Node -1 disconnected.
2026-08-28 20:19:39.053 [kafka-producer-network-thread | customer-service-producer-1] WARN  customer-service [o.apache.kafka.clients.NetworkClient] - [Producer clientId=customer-service-producer-1] Connection to node -1 (localhost/127.0.0.1:9092) could not be established. Node may not be available.
2026-08-28 20:19:39.053 [kafka-producer-network-thread | customer-service-producer-1] WARN  customer-service [o.apache.kafka.clients.NetworkClient] - [Producer clientId=customer-service-producer-1] Bootstrap broker localhost:9092 (id: -1 rack: null) disconnected
2026-08-28 20:19:40.072 [kafka-producer-network-thread | customer-service-producer-1] INFO  customer-service [o.apache.kafka.clients.NetworkClient] - [Producer clientId=customer-service-producer-1] Node -1 disconnected.
2026-08-28 20:19:40.072 [kafka-producer-network-thread | customer-service-producer-1] WARN  customer-service [o.apache.kafka.clients.NetworkClient] - [Producer clientId=customer-service-producer-1] Connection to node -1 (localhost/127.0.0.1:9092) could not be established. Node may not be available.
2026-08-28 20:19:40.072 [kafka-producer-network-thread | customer-service-producer-1] WARN  customer-service [o.apache.kafka.clients.NetworkClient] - [Producer clientId=customer-service-producer-1] Bootstrap broker localhost:9092 (id: -1 rack: null) disconnected
2026-08-28 20:19:41.099 [kafka-producer-network-thread | customer-service-producer-1] INFO  customer-service [o.apache.kafka.clients.NetworkClient] - [Producer clientId=customer-service-producer-1] Node -1 disconnected.
2026-08-28 20:19:41.099 [kafka-producer-network-thread | customer-service-producer-1] WARN  customer-service [o.apache.kafka.clients.NetworkClient] - [Producer clientId=customer-service-producer-1] Connection to node -1 (localhost/127.0.0.1:9092) could not be established. Node may not be available.
2026-08-28 20:19:41.099 [kafka-producer-network-thread | customer-service-producer-1] WARN  customer-service [o.apache.kafka.clients.NetworkClient] - [Producer clientId=customer-service-producer-1] Bootstrap broker localhost:9092 (id: -1 rack: null) disconnected
2026-08-28 20:19:41.953 [kafka-producer-network-thread | customer-service-producer-1] INFO  customer-service [o.apache.kafka.clients.NetworkClient] - [Producer clientId=customer-service-producer-1] Node -1 disconnected.
2026-08-28 20:19:41.953 [kafka-producer-network-thread | customer-service-producer-1] WARN  customer-service [o.apache.kafka.clients.NetworkClient] - [Producer clientId=customer-service-producer-1] Connection to node -1 (localhost/127.0.0.1:9092) could not be established. Node may not be available.
2026-08-28 20:19:41.953 [kafka-producer-network-thread | customer-service-producer-1] WARN  customer-service [o.apache.kafka.clients.NetworkClient] - [Producer clientId=customer-service-producer-1] Bootstrap broker localhost:9092 (id: -1 rack: null) disconnected
2026-08-28 20:19:42.905 [kafka-producer-network-thread | customer-service-producer-1] INFO  customer-service [o.apache.kafka.clients.NetworkClient] - [Producer clientId=customer-service-producer-1] Node -1 disconnected.
2026-08-28 20:19:42.905 [kafka-producer-network-thread | customer-service-producer-1] WARN  customer-service [o.apache.kafka.clients.NetworkClient] - [Producer clientId=customer-service-producer-1] Connection to node -1 (localhost/127.0.0.1:9092) could not be established. Node may not be available.
2026-08-28 20:19:42.905 [kafka-producer-network-thread | customer-service-producer-1] WARN  customer-service [o.apache.kafka.clients.NetworkClient] - [Producer clientId=customer-service-producer-1] Bootstrap broker localhost:9092 (id: -1 rack: null) disconnected
2026-08-28 20:19:43.917 [kafka-producer-network-thread | customer-service-producer-1] INFO  customer-service [o.apache.kafka.clients.NetworkClient] - [Producer clientId=customer-service-producer-1] Node -1 disconnected.
2026-08-28 20:19:43.917 [kafka-producer-network-thread | customer-service-producer-1] WARN  customer-service [o.apache.kafka.clients.NetworkClient] - [Producer clientId=customer-service-producer-1] Connection to node -1 (localhost/127.0.0.1:9092) could not be established. Node may not be available.
2026-08-28 20:19:43.917 [kafka-producer-network-thread | customer-service-producer-1] WARN  customer-service [o.apache.kafka.clients.NetworkClient] - [Producer clientId=customer-service-producer-1] Bootstrap broker localhost:9092 (id: -1 rack: null) disconnected
2026-08-28 20:19:44.823 [kafka-producer-network-thread | customer-service-producer-1] INFO  customer-service [o.apache.kafka.clients.NetworkClient] - [Producer clientId=customer-service-producer-1] Node -1 disconnected.
2026-08-28 20:19:44.823 [kafka-producer-network-thread | customer-service-producer-1] WARN  customer-service [o.apache.kafka.clients.NetworkClient] - [Producer clientId=customer-service-producer-1] Connection to node -1 (localhost/127.0.0.1:9092) could not be established. Node may not be available.
2026-08-28 20:19:44.823 [kafka-producer-network-thread | customer-service-producer-1] WARN  customer-service [o.apache.kafka.clients.NetworkClient] - [Producer clientId=customer-service-producer-1] Bootstrap broker localhost:9092 (id: -1 rack: null) disconnected
2026-08-28 20:19:45.836 [kafka-producer-network-thread | customer-service-producer-1] INFO  customer-service [o.apache.kafka.clients.NetworkClient] - [Producer clientId=customer-service-producer-1] Node -1 disconnected.
2026-08-28 20:19:45.836 [kafka-producer-network-thread | customer-service-producer-1] WARN  customer-service [o.apache.kafka.clients.NetworkClient] - [Producer clientId=customer-service-producer-1] Connection to node -1 (localhost/127.0.0.1:9092) could not be established. Node may not be available.
2026-08-28 20:19:45.836 [kafka-producer-network-thread | customer-service-producer-1] WARN  customer-service [o.apache.kafka.clients.NetworkClient] - [Producer clientId=customer-service-producer-1] Bootstrap broker localhost:9092 (id: -1 rack: null) disconnected
2026-08-28 20:19:46.837 [kafka-producer-network-thread | customer-service-producer-1] INFO  customer-service [o.apache.kafka.clients.NetworkClient] - [Producer clientId=customer-service-producer-1] Node -1 disconnected.
2026-08-28 20:19:46.838 [kafka-producer-network-thread | customer-service-producer-1] WARN  customer-service [o.apache.kafka.clients.NetworkClient] - [Producer clientId=customer-service-producer-1] Connection to node -1 (localhost/127.0.0.1:9092) could not be established. Node may not be available.
2026-08-28 20:19:46.838 [kafka-producer-network-thread | customer-service-producer-1] WARN  customer-service [o.apache.kafka.clients.NetworkClient] - [Producer clientId=customer-service-producer-1] Bootstrap broker localhost:9092 (id: -1 rack: null) disconnected
2026-08-28 20:19:47.838 [kafka-producer-network-thread | customer-service-producer-1] INFO  customer-service [o.apache.kafka.clients.NetworkClient] - [Producer clientId=customer-service-producer-1] Node -1 disconnected.
2026-08-28 20:19:47.838 [kafka-producer-network-thread | customer-service-producer-1] WARN  customer-service [o.apache.kafka.clients.NetworkClient] - [Producer clientId=customer-service-producer-1] Connection to node -1 (localhost/127.0.0.1:9092) could not be established. Node may not be available.
2026-08-28 20:19:47.838 [kafka-producer-network-thread | customer-service-producer-1] WARN  customer-service [o.apache.kafka.clients.NetworkClient] - [Producer clientId=customer-service-producer-1] Bootstrap broker localhost:9092 (id: -1 rack: null) disconnected
2026-08-28 20:19:48.845 [kafka-producer-network-thread | customer-service-producer-1] INFO  customer-service [o.apache.kafka.clients.NetworkClient] - [Producer clientId=customer-service-producer-1] Node -1 disconnected.
2026-08-28 20:19:48.845 [kafka-producer-network-thread | customer-service-producer-1] WARN  customer-service [o.apache.kafka.clients.NetworkClient] - [Producer clientId=customer-service-producer-1] Connection to node -1 (localhost/127.0.0.1:9092) could not be established. Node may not be available.
2026-08-28 20:19:48.845 [kafka-producer-network-thread | customer-service-producer-1] WARN  customer-service [o.apache.kafka.clients.NetworkClient] - [Producer clientId=customer-service-producer-1] Bootstrap broker localhost:9092 (id: -1 rack: null) disconnected
2026-08-28 20:19:49.777 [kafka-producer-network-thread | customer-service-producer-1] INFO  customer-service [o.apache.kafka.clients.NetworkClient] - [Producer clientId=customer-service-producer-1] Node -1 disconnected.
2026-08-28 20:19:49.777 [kafka-producer-network-thread | customer-service-producer-1] WARN  customer-service [o.apache.kafka.clients.NetworkClient] - [Producer clientId=customer-service-producer-1] Connection to node -1 (localhost/127.0.0.1:9092) could not be established. Node may not be available.
2026-08-28 20:19:49.777 [kafka-producer-network-thread | customer-service-producer-1] WARN  customer-service [o.apache.kafka.clients.NetworkClient] - [Producer clientId=customer-service-producer-1] Bootstrap broker localhost:9092 (id: -1 rack: null) disconnected
2026-08-28 20:19:50.778 [kafka-producer-network-thread | customer-service-producer-1] INFO  customer-service [o.apache.kafka.clients.NetworkClient] - [Producer clientId=customer-service-producer-1] Node -1 disconnected.
2026-08-28 20:19:50.778 [kafka-producer-network-thread | customer-service-producer-1] WARN  customer-service [o.apache.kafka.clients.NetworkClient] - [Producer clientId=customer-service-producer-1] Connection to node -1 (localhost/127.0.0.1:9092) could not be established. Node may not be available.
2026-08-28 20:19:50.778 [kafka-producer-network-thread | customer-service-producer-1] WARN  customer-service [o.apache.kafka.clients.NetworkClient] - [Producer clientId=customer-service-producer-1] Bootstrap broker localhost:9092 (id: -1 rack: null) disconnected
2026-08-28 20:19:51.760 [kafka-producer-network-thread | customer-service-producer-1] INFO  customer-service [o.apache.kafka.clients.NetworkClient] - [Producer clientId=customer-service-producer-1] Node -1 disconnected.
2026-08-28 20:19:51.760 [kafka-producer-network-thread | customer-service-producer-1] WARN  customer-service [o.apache.kafka.clients.NetworkClient] - [Producer clientId=customer-service-producer-1] Connection to node -1 (localhost/127.0.0.1:9092) could not be established. Node may not be available.
2026-08-28 20:19:51.760 [kafka-producer-network-thread | customer-service-producer-1] WARN  customer-service [o.apache.kafka.clients.NetworkClient] - [Producer clientId=customer-service-producer-1] Bootstrap broker localhost:9092 (id: -1 rack: null) disconnected
2026-08-28 20:19:52.615 [kafka-producer-network-thread | customer-service-producer-1] INFO  customer-service [o.apache.kafka.clients.NetworkClient] - [Producer clientId=customer-service-producer-1] Node -1 disconnected.
2026-08-28 20:19:52.615 [kafka-producer-network-thread | customer-service-producer-1] WARN  customer-service [o.apache.kafka.clients.NetworkClient] - [Producer clientId=customer-service-producer-1] Connection to node -1 (localhost/127.0.0.1:9092) could not be established. Node may not be available.
2026-08-28 20:19:52.615 [kafka-producer-network-thread | customer-service-producer-1] WARN  customer-service [o.apache.kafka.clients.NetworkClient] - [Producer clientId=customer-service-producer-1] Bootstrap broker localhost:9092 (id: -1 rack: null) disconnected
2026-08-28 20:19:53.615 [kafka-producer-network-thread | customer-service-producer-1] INFO  customer-service [o.apache.kafka.clients.NetworkClient] - [Producer clientId=customer-service-producer-1] Node -1 disconnected.
2026-08-28 20:19:53.615 [kafka-producer-network-thread | customer-service-producer-1] WARN  customer-service [o.apache.kafka.clients.NetworkClient] - [Producer clientId=customer-service-producer-1] Connection to node -1 (localhost/127.0.0.1:9092) could not be established. Node may not be available.
2026-08-28 20:19:53.616 [kafka-producer-network-thread | customer-service-producer-1] WARN  customer-service [o.apache.kafka.clients.NetworkClient] - [Producer clientId=customer-service-producer-1] Bootstrap broker localhost:9092 (id: -1 rack: null) disconnected
2026-08-28 20:19:54.609 [kafka-producer-network-thread | customer-service-producer-1] INFO  customer-service [o.apache.kafka.clients.NetworkClient] - [Producer clientId=customer-service-producer-1] Node -1 disconnected.
2026-08-28 20:19:54.609 [kafka-producer-network-thread | customer-service-producer-1] WARN  customer-service [o.apache.kafka.clients.NetworkClient] - [Producer clientId=customer-service-producer-1] Connection to node -1 (localhost/127.0.0.1:9092) could not be established. Node may not be available.
2026-08-28 20:19:54.609 [kafka-producer-network-thread | customer-service-producer-1] WARN  customer-service [o.apache.kafka.clients.NetworkClient] - [Producer clientId=customer-service-producer-1] Bootstrap broker localhost:9092 (id: -1 rack: null) disconnected
2026-08-28 20:19:55.646 [kafka-producer-network-thread | customer-service-producer-1] INFO  customer-service [o.apache.kafka.clients.NetworkClient] - [Producer clientId=customer-service-producer-1] Node -1 disconnected.
2026-08-28 20:19:55.646 [kafka-producer-network-thread | customer-service-producer-1] WARN  customer-service [o.apache.kafka.clients.NetworkClient] - [Producer clientId=customer-service-producer-1] Connection to node -1 (localhost/127.0.0.1:9092) could not be established. Node may not be available.
2026-08-28 20:19:55.646 [kafka-producer-network-thread | customer-service-producer-1] WARN  customer-service [o.apache.kafka.clients.NetworkClient] - [Producer clientId=customer-service-producer-1] Bootstrap broker localhost:9092 (id: -1 rack: null) disconnected
2026-08-28 20:19:56.647 [kafka-producer-network-thread | customer-service-producer-1] INFO  customer-service [o.apache.kafka.clients.NetworkClient] - [Producer clientId=customer-service-producer-1] Node -1 disconnected.
2026-08-28 20:19:56.648 [kafka-producer-network-thread | customer-service-producer-1] WARN  customer-service [o.apache.kafka.clients.NetworkClient] - [Producer clientId=customer-service-producer-1] Connection to node -1 (localhost/127.0.0.1:9092) could not be established. Node may not be available.
2026-08-28 20:19:56.648 [kafka-producer-network-thread | customer-service-producer-1] WARN  customer-service [o.apache.kafka.clients.NetworkClient] - [Producer clientId=customer-service-producer-1] Bootstrap broker localhost:9092 (id: -1 rack: null) disconnected
2026-08-28 20:19:57.664 [kafka-producer-network-thread | customer-service-producer-1] INFO  customer-service [o.apache.kafka.clients.NetworkClient] - [Producer clientId=customer-service-producer-1] Node -1 disconnected.
2026-08-28 20:19:57.664 [kafka-producer-network-thread | customer-service-producer-1] WARN  customer-service [o.apache.kafka.clients.NetworkClient] - [Producer clientId=customer-service-producer-1] Connection to node -1 (localhost/127.0.0.1:9092) could not be established. Node may not be available.
2026-08-28 20:19:57.665 [kafka-producer-network-thread | customer-service-producer-1] WARN  customer-service [o.apache.kafka.clients.NetworkClient] - [Producer clientId=customer-service-producer-1] Bootstrap broker localhost:9092 (id: -1 rack: null) disconnected
2026-08-28 20:19:58.521 [kafka-producer-network-thread | customer-service-producer-1] INFO  customer-service [o.apache.kafka.clients.NetworkClient] - [Producer clientId=customer-service-producer-1] Node -1 disconnected.
2026-08-28 20:19:58.522 [kafka-producer-network-thread | customer-service-producer-1] WARN  customer-service [o.apache.kafka.clients.NetworkClient] - [Producer clientId=customer-service-producer-1] Connection to node -1 (localhost/127.0.0.1:9092) could not be established. Node may not be available.
2026-08-28 20:19:58.522 [kafka-producer-network-thread | customer-service-producer-1] WARN  customer-service [o.apache.kafka.clients.NetworkClient] - [Producer clientId=customer-service-producer-1] Bootstrap broker localhost:9092 (id: -1 rack: null) disconnected
2026-08-28 20:19:59.556 [kafka-producer-network-thread | customer-service-producer-1] INFO  customer-service [o.apache.kafka.clients.NetworkClient] - [Producer clientId=customer-service-producer-1] Node -1 disconnected.
2026-08-28 20:19:59.556 [kafka-producer-network-thread | customer-service-producer-1] WARN  customer-service [o.apache.kafka.clients.NetworkClient] - [Producer clientId=customer-service-producer-1] Connection to node -1 (localhost/127.0.0.1:9092) could not be established. Node may not be available.
2026-08-28 20:19:59.556 [kafka-producer-network-thread | customer-service-producer-1] WARN  customer-service [o.apache.kafka.clients.NetworkClient] - [Producer clientId=customer-service-producer-1] Bootstrap broker localhost:9092 (id: -1 rack: null) disconnected
2026-08-28 20:20:00.563 [kafka-producer-network-thread | customer-service-producer-1] INFO  customer-service [o.apache.kafka.clients.NetworkClient] - [Producer clientId=customer-service-producer-1] Node -1 disconnected.
2026-08-28 20:20:00.563 [kafka-producer-network-thread | customer-service-producer-1] WARN  customer-service [o.apache.kafka.clients.NetworkClient] - [Producer clientId=customer-service-producer-1] Connection to node -1 (localhost/127.0.0.1:9092) could not be established. Node may not be available.
2026-08-28 20:20:00.564 [kafka-producer-network-thread | customer-service-producer-1] WARN  customer-service [o.apache.kafka.clients.NetworkClient] - [Producer clientId=customer-service-producer-1] Bootstrap broker localhost:9092 (id: -1 rack: null) disconnected
2026-08-28 20:20:01.474 [kafka-producer-network-thread | customer-service-producer-1] INFO  customer-service [o.apache.kafka.clients.NetworkClient] - [Producer clientId=customer-service-producer-1] Node -1 disconnected.
2026-08-28 20:20:01.474 [kafka-producer-network-thread | customer-service-producer-1] WARN  customer-service [o.apache.kafka.clients.NetworkClient] - [Producer clientId=customer-service-producer-1] Connection to node -1 (localhost/127.0.0.1:9092) could not be established. Node may not be available.
2026-08-28 20:20:01.474 [kafka-producer-network-thread | customer-service-producer-1] WARN  customer-service [o.apache.kafka.clients.NetworkClient] - [Producer clientId=customer-service-producer-1] Bootstrap broker localhost:9092 (id: -1 rack: null) disconnected
2026-08-28 20:20:02.481 [kafka-producer-network-thread | customer-service-producer-1] INFO  customer-service [o.apache.kafka.clients.NetworkClient] - [Producer clientId=customer-service-producer-1] Node -1 disconnected.
2026-08-28 20:20:02.481 [kafka-producer-network-thread | customer-service-producer-1] WARN  customer-service [o.apache.kafka.clients.NetworkClient] - [Producer clientId=customer-service-producer-1] Connection to node -1 (localhost/127.0.0.1:9092) could not be established. Node may not be available.
2026-08-28 20:20:02.481 [kafka-producer-network-thread | customer-service-producer-1] WARN  customer-service [o.apache.kafka.clients.NetworkClient] - [Producer clientId=customer-service-producer-1] Bootstrap broker localhost:9092 (id: -1 rack: null) disconnected
2026-08-28 20:20:03.336 [kafka-producer-network-thread | customer-service-producer-1] INFO  customer-service [o.apache.kafka.clients.NetworkClient] - [Producer clientId=customer-service-producer-1] Node -1 disconnected.
2026-08-28 20:20:03.336 [kafka-producer-network-thread | customer-service-producer-1] WARN  customer-service [o.apache.kafka.clients.NetworkClient] - [Producer clientId=customer-service-producer-1] Connection to node -1 (localhost/127.0.0.1:9092) could not be established. Node may not be available.
2026-08-28 20:20:03.336 [kafka-producer-network-thread | customer-service-producer-1] WARN  customer-service [o.apache.kafka.clients.NetworkClient] - [Producer clientId=customer-service-producer-1] Bootstrap broker localhost:9092 (id: -1 rack: null) disconnected
2026-08-28 20:20:04.349 [kafka-producer-network-thread | customer-service-producer-1] INFO  customer-service [o.apache.kafka.clients.NetworkClient] - [Producer clientId=customer-service-producer-1] Node -1 disconnected.
2026-08-28 20:20:04.349 [kafka-producer-network-thread | customer-service-producer-1] WARN  customer-service [o.apache.kafka.clients.NetworkClient] - [Producer clientId=customer-service-producer-1] Connection to node -1 (localhost/127.0.0.1:9092) could not be established. Node may not be available.
2026-08-28 20:20:04.349 [kafka-producer-network-thread | customer-service-producer-1] WARN  customer-service [o.apache.kafka.clients.NetworkClient] - [Producer clientId=customer-service-producer-1] Bootstrap broker localhost:9092 (id: -1 rack: null) disconnected
2026-08-28 20:20:05.349 [kafka-producer-network-thread | customer-service-producer-1] INFO  customer-service [o.apache.kafka.clients.NetworkClient] - [Producer clientId=customer-service-producer-1] Node -1 disconnected.
2026-08-28 20:20:05.349 [kafka-producer-network-thread | customer-service-producer-1] WARN  customer-service [o.apache.kafka.clients.NetworkClient] - [Producer clientId=customer-service-producer-1] Connection to node -1 (localhost/127.0.0.1:9092) could not be established. Node may not be available.
2026-08-28 20:20:05.349 [kafka-producer-network-thread | customer-service-producer-1] WARN  customer-service [o.apache.kafka.clients.NetworkClient] - [Producer clientId=customer-service-producer-1] Bootstrap broker localhost:9092 (id: -1 rack: null) disconnected
2026-08-28 20:20:06.349 [kafka-producer-network-thread | customer-service-producer-1] INFO  customer-service [o.apache.kafka.clients.NetworkClient] - [Producer clientId=customer-service-producer-1] Node -1 disconnected.
2026-08-28 20:20:06.349 [kafka-producer-network-thread | customer-service-producer-1] WARN  customer-service [o.apache.kafka.clients.NetworkClient] - [Producer clientId=customer-service-producer-1] Connection to node -1 (localhost/127.0.0.1:9092) could not be established. Node may not be available.
2026-08-28 20:20:06.349 [kafka-producer-network-thread | customer-service-producer-1] WARN  customer-service [o.apache.kafka.clients.NetworkClient] - [Producer clientId=customer-service-producer-1] Bootstrap broker localhost:9092 (id: -1 rack: null) disconnected
2026-08-28 20:20:07.349 [kafka-producer-network-thread | customer-service-producer-1] INFO  customer-service [o.apache.kafka.clients.NetworkClient] - [Producer clientId=customer-service-producer-1] Node -1 disconnected.
2026-08-28 20:20:07.349 [kafka-producer-network-thread | customer-service-producer-1] WARN  customer-service [o.apache.kafka.clients.NetworkClient] - [Producer clientId=customer-service-producer-1] Connection to node -1 (localhost/127.0.0.1:9092) could not be established. Node may not be available.
2026-08-28 20:20:07.349 [kafka-producer-network-thread | customer-service-producer-1] WARN  customer-service [o.apache.kafka.clients.NetworkClient] - [Producer clientId=customer-service-producer-1] Bootstrap broker localhost:9092 (id: -1 rack: null) disconnected
2026-08-28 20:20:08.350 [kafka-producer-network-thread | customer-service-producer-1] INFO  customer-service [o.apache.kafka.clients.NetworkClient] - [Producer clientId=customer-service-producer-1] Node -1 disconnected.
2026-08-28 20:20:08.350 [kafka-producer-network-thread | customer-service-producer-1] WARN  customer-service [o.apache.kafka.clients.NetworkClient] - [Producer clientId=customer-service-producer-1] Connection to node -1 (localhost/127.0.0.1:9092) could not be established. Node may not be available.
2026-08-28 20:20:08.350 [kafka-producer-network-thread | customer-service-producer-1] WARN  customer-service [o.apache.kafka.clients.NetworkClient] - [Producer clientId=customer-service-producer-1] Bootstrap broker localhost:9092 (id: -1 rack: null) disconnected
2026-08-28 20:20:09.350 [kafka-producer-network-thread | customer-service-producer-1] INFO  customer-service [o.apache.kafka.clients.NetworkClient] - [Producer clientId=customer-service-producer-1] Node -1 disconnected.
2026-08-28 20:20:09.350 [kafka-producer-network-thread | customer-service-producer-1] WARN  customer-service [o.apache.kafka.clients.NetworkClient] - [Producer clientId=customer-service-producer-1] Connection to node -1 (localhost/127.0.0.1:9092) could not be established. Node may not be available.
2026-08-28 20:20:09.350 [kafka-producer-network-thread | customer-service-producer-1] WARN  customer-service [o.apache.kafka.clients.NetworkClient] - [Producer clientId=customer-service-producer-1] Bootstrap broker localhost:9092 (id: -1 rack: null) disconnected
2026-08-28 20:20:10.351 [kafka-producer-network-thread | customer-service-producer-1] INFO  customer-service [o.apache.kafka.clients.NetworkClient] - [Producer clientId=customer-service-producer-1] Node -1 disconnected.
2026-08-28 20:20:10.351 [kafka-producer-network-thread | customer-service-producer-1] WARN  customer-service [o.apache.kafka.clients.NetworkClient] - [Producer clientId=customer-service-producer-1] Connection to node -1 (localhost/127.0.0.1:9092) could not be established. Node may not be available.
2026-08-28 20:20:10.352 [kafka-producer-network-thread | customer-service-producer-1] WARN  customer-service [o.apache.kafka.clients.NetworkClient] - [Producer clientId=customer-service-producer-1] Bootstrap broker localhost:9092 (id: -1 rack: null) disconnected
2026-08-28 20:20:11.334 [kafka-producer-network-thread | customer-service-producer-1] INFO  customer-service [o.apache.kafka.clients.NetworkClient] - [Producer clientId=customer-service-producer-1] Node -1 disconnected.
2026-08-28 20:20:11.334 [kafka-producer-network-thread | customer-service-producer-1] WARN  customer-service [o.apache.kafka.clients.NetworkClient] - [Producer clientId=customer-service-producer-1] Connection to node -1 (localhost/127.0.0.1:9092) could not be established. Node may not be available.
2026-08-28 20:20:11.334 [kafka-producer-network-thread | customer-service-producer-1] WARN  customer-service [o.apache.kafka.clients.NetworkClient] - [Producer clientId=customer-service-producer-1] Bootstrap broker localhost:9092 (id: -1 rack: null) disconnected
2026-08-28 20:20:12.340 [kafka-producer-network-thread | customer-service-producer-1] INFO  customer-service [o.apache.kafka.clients.NetworkClient] - [Producer clientId=customer-service-producer-1] Node -1 disconnected.
2026-08-28 20:20:12.340 [kafka-producer-network-thread | customer-service-producer-1] WARN  customer-service [o.apache.kafka.clients.NetworkClient] - [Producer clientId=customer-service-producer-1] Connection to node -1 (localhost/127.0.0.1:9092) could not be established. Node may not be available.
2026-08-28 20:20:12.340 [kafka-producer-network-thread | customer-service-producer-1] WARN  customer-service [o.apache.kafka.clients.NetworkClient] - [Producer clientId=customer-service-producer-1] Bootstrap broker localhost:9092 (id: -1 rack: null) disconnected
2026-08-28 20:20:13.342 [kafka-producer-network-thread | customer-service-producer-1] INFO  customer-service [o.apache.kafka.clients.NetworkClient] - [Producer clientId=customer-service-producer-1] Node -1 disconnected.
2026-08-28 20:20:13.342 [kafka-producer-network-thread | customer-service-producer-1] WARN  customer-service [o.apache.kafka.clients.NetworkClient] - [Producer clientId=customer-service-producer-1] Connection to node -1 (localhost/127.0.0.1:9092) could not be established. Node may not be available.
2026-08-28 20:20:13.342 [kafka-producer-network-thread | customer-service-producer-1] WARN  customer-service [o.apache.kafka.clients.NetworkClient] - [Producer clientId=customer-service-producer-1] Bootstrap broker localhost:9092 (id: -1 rack: null) disconnected
2026-08-28 20:20:14.211 [kafka-producer-network-thread | customer-service-producer-1] INFO  customer-service [o.apache.kafka.clients.NetworkClient] - [Producer clientId=customer-service-producer-1] Node -1 disconnected.
2026-08-28 20:20:14.211 [kafka-producer-network-thread | customer-service-producer-1] WARN  customer-service [o.apache.kafka.clients.NetworkClient] - [Producer clientId=customer-service-producer-1] Connection to node -1 (localhost/127.0.0.1:9092) could not be established. Node may not be available.
2026-08-28 20:20:14.211 [kafka-producer-network-thread | customer-service-producer-1] WARN  customer-service [o.apache.kafka.clients.NetworkClient] - [Producer clientId=customer-service-producer-1] Bootstrap broker localhost:9092 (id: -1 rack: null) disconnected
2026-08-28 20:20:15.218 [kafka-producer-network-thread | customer-service-producer-1] INFO  customer-service [o.apache.kafka.clients.NetworkClient] - [Producer clientId=customer-service-producer-1] Node -1 disconnected.
2026-08-28 20:20:15.218 [kafka-producer-network-thread | customer-service-producer-1] WARN  customer-service [o.apache.kafka.clients.NetworkClient] - [Producer clientId=customer-service-producer-1] Connection to node -1 (localhost/127.0.0.1:9092) could not be established. Node may not be available.
2026-08-28 20:20:15.219 [kafka-producer-network-thread | customer-service-producer-1] WARN  customer-service [o.apache.kafka.clients.NetworkClient] - [Producer clientId=customer-service-producer-1] Bootstrap broker localhost:9092 (id: -1 rack: null) disconnected
2026-08-28 20:20:16.218 [kafka-producer-network-thread | customer-service-producer-1] INFO  customer-service [o.apache.kafka.clients.NetworkClient] - [Producer clientId=customer-service-producer-1] Node -1 disconnected.
2026-08-28 20:20:16.218 [kafka-producer-network-thread | customer-service-producer-1] WARN  customer-service [o.apache.kafka.clients.NetworkClient] - [Producer clientId=customer-service-producer-1] Connection to node -1 (localhost/127.0.0.1:9092) could not be established. Node may not be available.
2026-08-28 20:20:16.218 [kafka-producer-network-thread | customer-service-producer-1] WARN  customer-service [o.apache.kafka.clients.NetworkClient] - [Producer clientId=customer-service-producer-1] Bootstrap broker localhost:9092 (id: -1 rack: null) disconnected
2026-08-28 20:20:17.220 [kafka-producer-network-thread | customer-service-producer-1] INFO  customer-service [o.apache.kafka.clients.NetworkClient] - [Producer clientId=customer-service-producer-1] Node -1 disconnected.
2026-08-28 20:20:17.220 [kafka-producer-network-thread | customer-service-producer-1] WARN  customer-service [o.apache.kafka.clients.NetworkClient] - [Producer clientId=customer-service-producer-1] Connection to node -1 (localhost/127.0.0.1:9092) could not be established. Node may not be available.
2026-08-28 20:20:17.220 [kafka-producer-network-thread | customer-service-producer-1] WARN  customer-service [o.apache.kafka.clients.NetworkClient] - [Producer clientId=customer-service-producer-1] Bootstrap broker localhost:9092 (id: -1 rack: null) disconnected
2026-08-28 20:20:18.027 [kafka-producer-network-thread | customer-service-producer-1] INFO  customer-service [o.apache.kafka.clients.NetworkClient] - [Producer clientId=customer-service-producer-1] Node -1 disconnected.
2026-08-28 20:20:18.027 [kafka-producer-network-thread | customer-service-producer-1] WARN  customer-service [o.apache.kafka.clients.NetworkClient] - [Producer clientId=customer-service-producer-1] Connection to node -1 (localhost/127.0.0.1:9092) could not be established. Node may not be available.
2026-08-28 20:20:18.027 [kafka-producer-network-thread | customer-service-producer-1] WARN  customer-service [o.apache.kafka.clients.NetworkClient] - [Producer clientId=customer-service-producer-1] Bootstrap broker localhost:9092 (id: -1 rack: null) disconnected
2026-08-28 20:20:19.035 [kafka-producer-network-thread | customer-service-producer-1] INFO  customer-service [o.apache.kafka.clients.NetworkClient] - [Producer clientId=customer-service-producer-1] Node -1 disconnected.
2026-08-28 20:20:19.035 [kafka-producer-network-thread | customer-service-producer-1] WARN  customer-service [o.apache.kafka.clients.NetworkClient] - [Producer clientId=customer-service-producer-1] Connection to node -1 (localhost/127.0.0.1:9092) could not be established. Node may not be available.
2026-08-28 20:20:19.035 [kafka-producer-network-thread | customer-service-producer-1] WARN  customer-service [o.apache.kafka.clients.NetworkClient] - [Producer clientId=customer-service-producer-1] Bootstrap broker localhost:9092 (id: -1 rack: null) disconnected
2026-08-28 20:20:19.962 [kafka-producer-network-thread | customer-service-producer-1] INFO  customer-service [o.apache.kafka.clients.NetworkClient] - [Producer clientId=customer-service-producer-1] Node -1 disconnected.
2026-08-28 20:20:19.962 [kafka-producer-network-thread | customer-service-producer-1] WARN  customer-service [o.apache.kafka.clients.NetworkClient] - [Producer clientId=customer-service-producer-1] Connection to node -1 (localhost/127.0.0.1:9092) could not be established. Node may not be available.
2026-08-28 20:20:19.962 [kafka-producer-network-thread | customer-service-producer-1] WARN  customer-service [o.apache.kafka.clients.NetworkClient] - [Producer clientId=customer-service-producer-1] Bootstrap broker localhost:9092 (id: -1 rack: null) disconnected
2026-08-28 20:20:20.963 [kafka-producer-network-thread | customer-service-producer-1] INFO  customer-service [o.apache.kafka.clients.NetworkClient] - [Producer clientId=customer-service-producer-1] Node -1 disconnected.
2026-08-28 20:20:20.963 [kafka-producer-network-thread | customer-service-producer-1] WARN  customer-service [o.apache.kafka.clients.NetworkClient] - [Producer clientId=customer-service-producer-1] Connection to node -1 (localhost/127.0.0.1:9092) could not be established. Node may not be available.
2026-08-28 20:20:20.963 [kafka-producer-network-thread | customer-service-producer-1] WARN  customer-service [o.apache.kafka.clients.NetworkClient] - [Producer clientId=customer-service-producer-1] Bootstrap broker localhost:9092 (id: -1 rack: null) disconnected
2026-08-28 20:20:21.973 [kafka-producer-network-thread | customer-service-producer-1] INFO  customer-service [o.apache.kafka.clients.NetworkClient] - [Producer clientId=customer-service-producer-1] Node -1 disconnected.
2026-08-28 20:20:21.973 [kafka-producer-network-thread | customer-service-producer-1] WARN  customer-service [o.apache.kafka.clients.NetworkClient] - [Producer clientId=customer-service-producer-1] Connection to node -1 (localhost/127.0.0.1:9092) could not be established. Node may not be available.
2026-08-28 20:20:21.973 [kafka-producer-network-thread | customer-service-producer-1] WARN  customer-service [o.apache.kafka.clients.NetworkClient] - [Producer clientId=customer-service-producer-1] Bootstrap broker localhost:9092 (id: -1 rack: null) disconnected
2026-08-28 20:20:22.973 [kafka-producer-network-thread | customer-service-producer-1] INFO  customer-service [o.apache.kafka.clients.NetworkClient] - [Producer clientId=customer-service-producer-1] Node -1 disconnected.
2026-08-28 20:20:22.973 [kafka-producer-network-thread | customer-service-producer-1] WARN  customer-service [o.apache.kafka.clients.NetworkClient] - [Producer clientId=customer-service-producer-1] Connection to node -1 (localhost/127.0.0.1:9092) could not be established. Node may not be available.
2026-08-28 20:20:22.974 [kafka-producer-network-thread | customer-service-producer-1] WARN  customer-service [o.apache.kafka.clients.NetworkClient] - [Producer clientId=customer-service-producer-1] Bootstrap broker localhost:9092 (id: -1 rack: null) disconnected
2026-08-28 20:20:23.906 [kafka-producer-network-thread | customer-service-producer-1] INFO  customer-service [o.apache.kafka.clients.NetworkClient] - [Producer clientId=customer-service-producer-1] Node -1 disconnected.
2026-08-28 20:20:23.907 [kafka-producer-network-thread | customer-service-producer-1] WARN  customer-service [o.apache.kafka.clients.NetworkClient] - [Producer clientId=customer-service-producer-1] Connection to node -1 (localhost/127.0.0.1:9092) could not be established. Node may not be available.
2026-08-28 20:20:23.907 [kafka-producer-network-thread | customer-service-producer-1] WARN  customer-service [o.apache.kafka.clients.NetworkClient] - [Producer clientId=customer-service-producer-1] Bootstrap broker localhost:9092 (id: -1 rack: null) disconnected
2026-08-28 20:20:24.877 [kafka-producer-network-thread | customer-service-producer-1] INFO  customer-service [o.apache.kafka.clients.NetworkClient] - [Producer clientId=customer-service-producer-1] Node -1 disconnected.
2026-08-28 20:20:24.877 [kafka-producer-network-thread | customer-service-producer-1] WARN  customer-service [o.apache.kafka.clients.NetworkClient] - [Producer clientId=customer-service-producer-1] Connection to node -1 (localhost/127.0.0.1:9092) could not be established. Node may not be available.
2026-08-28 20:20:24.878 [kafka-producer-network-thread | customer-service-producer-1] WARN  customer-service [o.apache.kafka.clients.NetworkClient] - [Producer clientId=customer-service-producer-1] Bootstrap broker localhost:9092 (id: -1 rack: null) disconnected
2026-08-28 20:20:25.936 [kafka-producer-network-thread | customer-service-producer-1] INFO  customer-service [o.apache.kafka.clients.NetworkClient] - [Producer clientId=customer-service-producer-1] Node -1 disconnected.
2026-08-28 20:20:25.936 [kafka-producer-network-thread | customer-service-producer-1] WARN  customer-service [o.apache.kafka.clients.NetworkClient] - [Producer clientId=customer-service-producer-1] Connection to node -1 (localhost/127.0.0.1:9092) could not be established. Node may not be available.
2026-08-28 20:20:25.936 [kafka-producer-network-thread | customer-service-producer-1] WARN  customer-service [o.apache.kafka.clients.NetworkClient] - [Producer clientId=customer-service-producer-1] Bootstrap broker localhost:9092 (id: -1 rack: null) disconnected
2026-08-28 20:20:26.779 [kafka-producer-network-thread | customer-service-producer-1] INFO  customer-service [o.apache.kafka.clients.NetworkClient] - [Producer clientId=customer-service-producer-1] Node -1 disconnected.
2026-08-28 20:20:26.779 [kafka-producer-network-thread | customer-service-producer-1] WARN  customer-service [o.apache.kafka.clients.NetworkClient] - [Producer clientId=customer-service-producer-1] Connection to node -1 (localhost/127.0.0.1:9092) could not be established. Node may not be available.
2026-08-28 20:20:26.779 [kafka-producer-network-thread | customer-service-producer-1] WARN  customer-service [o.apache.kafka.clients.NetworkClient] - [Producer clientId=customer-service-producer-1] Bootstrap broker localhost:9092 (id: -1 rack: null) disconnected
2026-08-28 20:20:27.803 [kafka-producer-network-thread | customer-service-producer-1] INFO  customer-service [o.apache.kafka.clients.NetworkClient] - [Producer clientId=customer-service-producer-1] Node -1 disconnected.
2026-08-28 20:20:27.804 [kafka-producer-network-thread | customer-service-producer-1] WARN  customer-service [o.apache.kafka.clients.NetworkClient] - [Producer clientId=customer-service-producer-1] Connection to node -1 (localhost/127.0.0.1:9092) could not be established. Node may not be available.
2026-08-28 20:20:27.804 [kafka-producer-network-thread | customer-service-producer-1] WARN  customer-service [o.apache.kafka.clients.NetworkClient] - [Producer clientId=customer-service-producer-1] Bootstrap broker localhost:9092 (id: -1 rack: null) disconnected
2026-08-28 20:20:28.803 [kafka-producer-network-thread | customer-service-producer-1] INFO  customer-service [o.apache.kafka.clients.NetworkClient] - [Producer clientId=customer-service-producer-1] Node -1 disconnected.
2026-08-28 20:20:28.804 [kafka-producer-network-thread | customer-service-producer-1] WARN  customer-service [o.apache.kafka.clients.NetworkClient] - [Producer clientId=customer-service-producer-1] Connection to node -1 (localhost/127.0.0.1:9092) could not be established. Node may not be available.
2026-08-28 20:20:28.804 [kafka-producer-network-thread | customer-service-producer-1] WARN  customer-service [o.apache.kafka.clients.NetworkClient] - [Producer clientId=customer-service-producer-1] Bootstrap broker localhost:9092 (id: -1 rack: null) disconnected
2026-08-28 20:20:29.668 [kafka-producer-network-thread | customer-service-producer-1] INFO  customer-service [o.apache.kafka.clients.NetworkClient] - [Producer clientId=customer-service-producer-1] Node -1 disconnected.
2026-08-28 20:20:29.668 [kafka-producer-network-thread | customer-service-producer-1] WARN  customer-service [o.apache.kafka.clients.NetworkClient] - [Producer clientId=customer-service-producer-1] Connection to node -1 (localhost/127.0.0.1:9092) could not be established. Node may not be available.
2026-08-28 20:20:29.668 [kafka-producer-network-thread | customer-service-producer-1] WARN  customer-service [o.apache.kafka.clients.NetworkClient] - [Producer clientId=customer-service-producer-1] Bootstrap broker localhost:9092 (id: -1 rack: null) disconnected
2026-08-28 20:20:30.712 [kafka-producer-network-thread | customer-service-producer-1] INFO  customer-service [o.apache.kafka.clients.NetworkClient] - [Producer clientId=customer-service-producer-1] Node -1 disconnected.
2026-08-28 20:20:30.713 [kafka-producer-network-thread | customer-service-producer-1] WARN  customer-service [o.apache.kafka.clients.NetworkClient] - [Producer clientId=customer-service-producer-1] Connection to node -1 (localhost/127.0.0.1:9092) could not be established. Node may not be available.
2026-08-28 20:20:30.713 [kafka-producer-network-thread | customer-service-producer-1] WARN  customer-service [o.apache.kafka.clients.NetworkClient] - [Producer clientId=customer-service-producer-1] Bootstrap broker localhost:9092 (id: -1 rack: null) disconnected
2026-08-28 20:20:31.713 [kafka-producer-network-thread | customer-service-producer-1] INFO  customer-service [o.apache.kafka.clients.NetworkClient] - [Producer clientId=customer-service-producer-1] Node -1 disconnected.
2026-08-28 20:20:31.713 [kafka-producer-network-thread | customer-service-producer-1] WARN  customer-service [o.apache.kafka.clients.NetworkClient] - [Producer clientId=customer-service-producer-1] Connection to node -1 (localhost/127.0.0.1:9092) could not be established. Node may not be available.
2026-08-28 20:20:31.713 [kafka-producer-network-thread | customer-service-producer-1] WARN  customer-service [o.apache.kafka.clients.NetworkClient] - [Producer clientId=customer-service-producer-1] Bootstrap broker localhost:9092 (id: -1 rack: null) disconnected
2026-08-28 20:20:32.714 [kafka-producer-network-thread | customer-service-producer-1] INFO  customer-service [o.apache.kafka.clients.NetworkClient] - [Producer clientId=customer-service-producer-1] Node -1 disconnected.
2026-08-28 20:20:32.715 [kafka-producer-network-thread | customer-service-producer-1] WARN  customer-service [o.apache.kafka.clients.NetworkClient] - [Producer clientId=customer-service-producer-1] Connection to node -1 (localhost/127.0.0.1:9092) could not be established. Node may not be available.
2026-08-28 20:20:32.715 [kafka-producer-network-thread | customer-service-producer-1] WARN  customer-service [o.apache.kafka.clients.NetworkClient] - [Producer clientId=customer-service-producer-1] Bootstrap broker localhost:9092 (id: -1 rack: null) disconnected
2026-08-28 20:20:33.723 [kafka-producer-network-thread | customer-service-producer-1] INFO  customer-service [o.apache.kafka.clients.NetworkClient] - [Producer clientId=customer-service-producer-1] Node -1 disconnected.
2026-08-28 20:20:33.723 [kafka-producer-network-thread | customer-service-producer-1] WARN  customer-service [o.apache.kafka.clients.NetworkClient] - [Producer clientId=customer-service-producer-1] Connection to node -1 (localhost/127.0.0.1:9092) could not be established. Node may not be available.
2026-08-28 20:20:33.723 [kafka-producer-network-thread | customer-service-producer-1] WARN  customer-service [o.apache.kafka.clients.NetworkClient] - [Producer clientId=customer-service-producer-1] Bootstrap broker localhost:9092 (id: -1 rack: null) disconnected
2026-08-28 20:20:34.681 [kafka-producer-network-thread | customer-service-producer-1] INFO  customer-service [o.apache.kafka.clients.NetworkClient] - [Producer clientId=customer-service-producer-1] Node -1 disconnected.
2026-08-28 20:20:34.681 [kafka-producer-network-thread | customer-service-producer-1] WARN  customer-service [o.apache.kafka.clients.NetworkClient] - [Producer clientId=customer-service-producer-1] Connection to node -1 (localhost/127.0.0.1:9092) could not be established. Node may not be available.
2026-08-28 20:20:34.682 [kafka-producer-network-thread | customer-service-producer-1] WARN  customer-service [o.apache.kafka.clients.NetworkClient] - [Producer clientId=customer-service-producer-1] Bootstrap broker localhost:9092 (id: -1 rack: null) disconnected
2026-08-28 20:20:35.682 [kafka-producer-network-thread | customer-service-producer-1] INFO  customer-service [o.apache.kafka.clients.NetworkClient] - [Producer clientId=customer-service-producer-1] Node -1 disconnected.
2026-08-28 20:20:35.682 [kafka-producer-network-thread | customer-service-producer-1] WARN  customer-service [o.apache.kafka.clients.NetworkClient] - [Producer clientId=customer-service-producer-1] Connection to node -1 (localhost/127.0.0.1:9092) could not be established. Node may not be available.
2026-08-28 20:20:35.682 [kafka-producer-network-thread | customer-service-producer-1] WARN  customer-service [o.apache.kafka.clients.NetworkClient] - [Producer clientId=customer-service-producer-1] Bootstrap broker localhost:9092 (id: -1 rack: null) disconnected
2026-08-28 20:20:36.687 [kafka-producer-network-thread | customer-service-producer-1] INFO  customer-service [o.apache.kafka.clients.NetworkClient] - [Producer clientId=customer-service-producer-1] Node -1 disconnected.
2026-08-28 20:20:36.688 [kafka-producer-network-thread | customer-service-producer-1] WARN  customer-service [o.apache.kafka.clients.NetworkClient] - [Producer clientId=customer-service-producer-1] Connection to node -1 (localhost/127.0.0.1:9092) could not be established. Node may not be available.
2026-08-28 20:20:36.688 [kafka-producer-network-thread | customer-service-producer-1] WARN  customer-service [o.apache.kafka.clients.NetworkClient] - [Producer clientId=customer-service-producer-1] Bootstrap broker localhost:9092 (id: -1 rack: null) disconnected
2026-08-28 20:20:37.689 [kafka-producer-network-thread | customer-service-producer-1] INFO  customer-service [o.apache.kafka.clients.NetworkClient] - [Producer clientId=customer-service-producer-1] Node -1 disconnected.
2026-08-28 20:20:37.689 [kafka-producer-network-thread | customer-service-producer-1] WARN  customer-service [o.apache.kafka.clients.NetworkClient] - [Producer clientId=customer-service-producer-1] Connection to node -1 (localhost/127.0.0.1:9092) could not be established. Node may not be available.
2026-08-28 20:20:37.689 [kafka-producer-network-thread | customer-service-producer-1] WARN  customer-service [o.apache.kafka.clients.NetworkClient] - [Producer clientId=customer-service-producer-1] Bootstrap broker localhost:9092 (id: -1 rack: null) disconnected
2026-08-28 20:20:38.644 [kafka-producer-network-thread | customer-service-producer-1] INFO  customer-service [o.apache.kafka.clients.NetworkClient] - [Producer clientId=customer-service-producer-1] Node -1 disconnected.
2026-08-28 20:20:38.644 [kafka-producer-network-thread | customer-service-producer-1] WARN  customer-service [o.apache.kafka.clients.NetworkClient] - [Producer clientId=customer-service-producer-1] Connection to node -1 (localhost/127.0.0.1:9092) could not be established. Node may not be available.
2026-08-28 20:20:38.644 [kafka-producer-network-thread | customer-service-producer-1] WARN  customer-service [o.apache.kafka.clients.NetworkClient] - [Producer clientId=customer-service-producer-1] Bootstrap broker localhost:9092 (id: -1 rack: null) disconnected
2026-08-28 20:20:39.660 [kafka-producer-network-thread | customer-service-producer-1] INFO  customer-service [o.apache.kafka.clients.NetworkClient] - [Producer clientId=customer-service-producer-1] Node -1 disconnected.
2026-08-28 20:20:39.660 [kafka-producer-network-thread | customer-service-producer-1] WARN  customer-service [o.apache.kafka.clients.NetworkClient] - [Producer clientId=customer-service-producer-1] Connection to node -1 (localhost/127.0.0.1:9092) could not be established. Node may not be available.
2026-08-28 20:20:39.660 [kafka-producer-network-thread | customer-service-producer-1] WARN  customer-service [o.apache.kafka.clients.NetworkClient] - [Producer clientId=customer-service-producer-1] Bootstrap broker localhost:9092 (id: -1 rack: null) disconnected
2026-08-28 20:20:40.547 [kafka-producer-network-thread | customer-service-producer-1] INFO  customer-service [o.apache.kafka.clients.NetworkClient] - [Producer clientId=customer-service-producer-1] Node -1 disconnected.
2026-08-28 20:20:40.548 [kafka-producer-network-thread | customer-service-producer-1] WARN  customer-service [o.apache.kafka.clients.NetworkClient] - [Producer clientId=customer-service-producer-1] Connection to node -1 (localhost/127.0.0.1:9092) could not be established. Node may not be available.
2026-08-28 20:20:40.548 [kafka-producer-network-thread | customer-service-producer-1] WARN  customer-service [o.apache.kafka.clients.NetworkClient] - [Producer clientId=customer-service-producer-1] Bootstrap broker localhost:9092 (id: -1 rack: null) disconnected
2026-08-28 20:20:41.417 [kafka-producer-network-thread | customer-service-producer-1] INFO  customer-service [o.apache.kafka.clients.NetworkClient] - [Producer clientId=customer-service-producer-1] Node -1 disconnected.
2026-08-28 20:20:41.417 [kafka-producer-network-thread | customer-service-producer-1] WARN  customer-service [o.apache.kafka.clients.NetworkClient] - [Producer clientId=customer-service-producer-1] Connection to node -1 (localhost/127.0.0.1:9092) could not be established. Node may not be available.
2026-08-28 20:20:41.417 [kafka-producer-network-thread | customer-service-producer-1] WARN  customer-service [o.apache.kafka.clients.NetworkClient] - [Producer clientId=customer-service-producer-1] Bootstrap broker localhost:9092 (id: -1 rack: null) disconnected
2026-08-28 20:20:42.274 [kafka-producer-network-thread | customer-service-producer-1] INFO  customer-service [o.apache.kafka.clients.NetworkClient] - [Producer clientId=customer-service-producer-1] Node -1 disconnected.
2026-08-28 20:20:42.274 [kafka-producer-network-thread | customer-service-producer-1] WARN  customer-service [o.apache.kafka.clients.NetworkClient] - [Producer clientId=customer-service-producer-1] Connection to node -1 (localhost/127.0.0.1:9092) could not be established. Node may not be available.
2026-08-28 20:20:42.274 [kafka-producer-network-thread | customer-service-producer-1] WARN  customer-service [o.apache.kafka.clients.NetworkClient] - [Producer clientId=customer-service-producer-1] Bootstrap broker localhost:9092 (id: -1 rack: null) disconnected
2026-08-28 20:20:43.223 [kafka-producer-network-thread | customer-service-producer-1] INFO  customer-service [o.apache.kafka.clients.NetworkClient] - [Producer clientId=customer-service-producer-1] Node -1 disconnected.
2026-08-28 20:20:43.223 [kafka-producer-network-thread | customer-service-producer-1] WARN  customer-service [o.apache.kafka.clients.NetworkClient] - [Producer clientId=customer-service-producer-1] Connection to node -1 (localhost/127.0.0.1:9092) could not be established. Node may not be available.
2026-08-28 20:20:43.223 [kafka-producer-network-thread | customer-service-producer-1] WARN  customer-service [o.apache.kafka.clients.NetworkClient] - [Producer clientId=customer-service-producer-1] Bootstrap broker localhost:9092 (id: -1 rack: null) disconnected
2026-08-28 20:20:44.130 [kafka-producer-network-thread | customer-service-producer-1] INFO  customer-service [o.apache.kafka.clients.NetworkClient] - [Producer clientId=customer-service-producer-1] Node -1 disconnected.
2026-08-28 20:20:44.130 [kafka-producer-network-thread | customer-service-producer-1] WARN  customer-service [o.apache.kafka.clients.NetworkClient] - [Producer clientId=customer-service-producer-1] Connection to node -1 (localhost/127.0.0.1:9092) could not be established. Node may not be available.
2026-08-28 20:20:44.130 [kafka-producer-network-thread | customer-service-producer-1] WARN  customer-service [o.apache.kafka.clients.NetworkClient] - [Producer clientId=customer-service-producer-1] Bootstrap broker localhost:9092 (id: -1 rack: null) disconnected
2026-08-28 20:20:45.039 [kafka-producer-network-thread | customer-service-producer-1] INFO  customer-service [o.apache.kafka.clients.NetworkClient] - [Producer clientId=customer-service-producer-1] Node -1 disconnected.
2026-08-28 20:20:45.039 [kafka-producer-network-thread | customer-service-producer-1] WARN  customer-service [o.apache.kafka.clients.NetworkClient] - [Producer clientId=customer-service-producer-1] Connection to node -1 (localhost/127.0.0.1:9092) could not be established. Node may not be available.
2026-08-28 20:20:45.039 [kafka-producer-network-thread | customer-service-producer-1] WARN  customer-service [o.apache.kafka.clients.NetworkClient] - [Producer clientId=customer-service-producer-1] Bootstrap broker localhost:9092 (id: -1 rack: null) disconnected
2026-08-28 20:20:46.088 [kafka-producer-network-thread | customer-service-producer-1] INFO  customer-service [o.apache.kafka.clients.NetworkClient] - [Producer clientId=customer-service-producer-1] Node -1 disconnected.
2026-08-28 20:20:46.088 [kafka-producer-network-thread | customer-service-producer-1] WARN  customer-service [o.apache.kafka.clients.NetworkClient] - [Producer clientId=customer-service-producer-1] Connection to node -1 (localhost/127.0.0.1:9092) could not be established. Node may not be available.
2026-08-28 20:20:46.088 [kafka-producer-network-thread | customer-service-producer-1] WARN  customer-service [o.apache.kafka.clients.NetworkClient] - [Producer clientId=customer-service-producer-1] Bootstrap broker localhost:9092 (id: -1 rack: null) disconnected
2026-08-28 20:20:47.136 [kafka-producer-network-thread | customer-service-producer-1] INFO  customer-service [o.apache.kafka.clients.NetworkClient] - [Producer clientId=customer-service-producer-1] Node -1 disconnected.
2026-08-28 20:20:47.136 [kafka-producer-network-thread | customer-service-producer-1] WARN  customer-service [o.apache.kafka.clients.NetworkClient] - [Producer clientId=customer-service-producer-1] Connection to node -1 (localhost/127.0.0.1:9092) could not be established. Node may not be available.
2026-08-28 20:20:47.136 [kafka-producer-network-thread | customer-service-producer-1] WARN  customer-service [o.apache.kafka.clients.NetworkClient] - [Producer clientId=customer-service-producer-1] Bootstrap broker localhost:9092 (id: -1 rack: null) disconnected
2026-08-28 20:20:48.009 [kafka-producer-network-thread | customer-service-producer-1] INFO  customer-service [o.apache.kafka.clients.NetworkClient] - [Producer clientId=customer-service-producer-1] Node -1 disconnected.
2026-08-28 20:20:48.009 [kafka-producer-network-thread | customer-service-producer-1] WARN  customer-service [o.apache.kafka.clients.NetworkClient] - [Producer clientId=customer-service-producer-1] Connection to node -1 (localhost/127.0.0.1:9092) could not be established. Node may not be available.
2026-08-28 20:20:48.009 [kafka-producer-network-thread | customer-service-producer-1] WARN  customer-service [o.apache.kafka.clients.NetworkClient] - [Producer clientId=customer-service-producer-1] Bootstrap broker localhost:9092 (id: -1 rack: null) disconnected
2026-08-28 20:20:49.043 [kafka-producer-network-thread | customer-service-producer-1] INFO  customer-service [o.apache.kafka.clients.NetworkClient] - [Producer clientId=customer-service-producer-1] Node -1 disconnected.
2026-08-28 20:20:49.044 [kafka-producer-network-thread | customer-service-producer-1] WARN  customer-service [o.apache.kafka.clients.NetworkClient] - [Producer clientId=customer-service-producer-1] Connection to node -1 (localhost/127.0.0.1:9092) could not be established. Node may not be available.
2026-08-28 20:20:49.044 [kafka-producer-network-thread | customer-service-producer-1] WARN  customer-service [o.apache.kafka.clients.NetworkClient] - [Producer clientId=customer-service-producer-1] Bootstrap broker localhost:9092 (id: -1 rack: null) disconnected
2026-08-28 20:20:50.086 [kafka-producer-network-thread | customer-service-producer-1] INFO  customer-service [o.apache.kafka.clients.NetworkClient] - [Producer clientId=customer-service-producer-1] Node -1 disconnected.
2026-08-28 20:20:50.086 [kafka-producer-network-thread | customer-service-producer-1] WARN  customer-service [o.apache.kafka.clients.NetworkClient] - [Producer clientId=customer-service-producer-1] Connection to node -1 (localhost/127.0.0.1:9092) could not be established. Node may not be available.
2026-08-28 20:20:50.086 [kafka-producer-network-thread | customer-service-producer-1] WARN  customer-service [o.apache.kafka.clients.NetworkClient] - [Producer clientId=customer-service-producer-1] Bootstrap broker localhost:9092 (id: -1 rack: null) disconnected
2026-08-28 20:20:50.992 [kafka-producer-network-thread | customer-service-producer-1] INFO  customer-service [o.apache.kafka.clients.NetworkClient] - [Producer clientId=customer-service-producer-1] Node -1 disconnected.
2026-08-28 20:20:50.992 [kafka-producer-network-thread | customer-service-producer-1] WARN  customer-service [o.apache.kafka.clients.NetworkClient] - [Producer clientId=customer-service-producer-1] Connection to node -1 (localhost/127.0.0.1:9092) could not be established. Node may not be available.
2026-08-28 20:20:50.992 [kafka-producer-network-thread | customer-service-producer-1] WARN  customer-service [o.apache.kafka.clients.NetworkClient] - [Producer clientId=customer-service-producer-1] Bootstrap broker localhost:9092 (id: -1 rack: null) disconnected
2026-08-28 20:20:52.000 [kafka-producer-network-thread | customer-service-producer-1] INFO  customer-service [o.apache.kafka.clients.NetworkClient] - [Producer clientId=customer-service-producer-1] Node -1 disconnected.
2026-08-28 20:20:52.000 [kafka-producer-network-thread | customer-service-producer-1] WARN  customer-service [o.apache.kafka.clients.NetworkClient] - [Producer clientId=customer-service-producer-1] Connection to node -1 (localhost/127.0.0.1:9092) could not be established. Node may not be available.
2026-08-28 20:20:52.000 [kafka-producer-network-thread | customer-service-producer-1] WARN  customer-service [o.apache.kafka.clients.NetworkClient] - [Producer clientId=customer-service-producer-1] Bootstrap broker localhost:9092 (id: -1 rack: null) disconnected
2026-08-28 20:20:53.012 [kafka-producer-network-thread | customer-service-producer-1] INFO  customer-service [o.apache.kafka.clients.NetworkClient] - [Producer clientId=customer-service-producer-1] Node -1 disconnected.
2026-08-28 20:20:53.013 [kafka-producer-network-thread | customer-service-producer-1] WARN  customer-service [o.apache.kafka.clients.NetworkClient] - [Producer clientId=customer-service-producer-1] Connection to node -1 (localhost/127.0.0.1:9092) could not be established. Node may not be available.
2026-08-28 20:20:53.013 [kafka-producer-network-thread | customer-service-producer-1] WARN  customer-service [o.apache.kafka.clients.NetworkClient] - [Producer clientId=customer-service-producer-1] Bootstrap broker localhost:9092 (id: -1 rack: null) disconnected
2026-08-28 20:20:53.963 [kafka-producer-network-thread | customer-service-producer-1] INFO  customer-service [o.apache.kafka.clients.NetworkClient] - [Producer clientId=customer-service-producer-1] Node -1 disconnected.
2026-08-28 20:20:53.963 [kafka-producer-network-thread | customer-service-producer-1] WARN  customer-service [o.apache.kafka.clients.NetworkClient] - [Producer clientId=customer-service-producer-1] Connection to node -1 (localhost/127.0.0.1:9092) could not be established. Node may not be available.
2026-08-28 20:20:53.964 [kafka-producer-network-thread | customer-service-producer-1] WARN  customer-service [o.apache.kafka.clients.NetworkClient] - [Producer clientId=customer-service-producer-1] Bootstrap broker localhost:9092 (id: -1 rack: null) disconnected
2026-08-28 20:20:55.006 [kafka-producer-network-thread | customer-service-producer-1] INFO  customer-service [o.apache.kafka.clients.NetworkClient] - [Producer clientId=customer-service-producer-1] Node -1 disconnected.
2026-08-28 20:20:55.006 [kafka-producer-network-thread | customer-service-producer-1] WARN  customer-service [o.apache.kafka.clients.NetworkClient] - [Producer clientId=customer-service-producer-1] Connection to node -1 (localhost/127.0.0.1:9092) could not be established. Node may not be available.
2026-08-28 20:20:55.006 [kafka-producer-network-thread | customer-service-producer-1] WARN  customer-service [o.apache.kafka.clients.NetworkClient] - [Producer clientId=customer-service-producer-1] Bootstrap broker localhost:9092 (id: -1 rack: null) disconnected
2026-08-28 20:20:56.007 [kafka-producer-network-thread | customer-service-producer-1] INFO  customer-service [o.apache.kafka.clients.NetworkClient] - [Producer clientId=customer-service-producer-1] Node -1 disconnected.
2026-08-28 20:20:56.008 [kafka-producer-network-thread | customer-service-producer-1] WARN  customer-service [o.apache.kafka.clients.NetworkClient] - [Producer clientId=customer-service-producer-1] Connection to node -1 (localhost/127.0.0.1:9092) could not be established. Node may not be available.
2026-08-28 20:20:56.008 [kafka-producer-network-thread | customer-service-producer-1] WARN  customer-service [o.apache.kafka.clients.NetworkClient] - [Producer clientId=customer-service-producer-1] Bootstrap broker localhost:9092 (id: -1 rack: null) disconnected
2026-08-28 20:20:57.014 [kafka-producer-network-thread | customer-service-producer-1] INFO  customer-service [o.apache.kafka.clients.NetworkClient] - [Producer clientId=customer-service-producer-1] Node -1 disconnected.
2026-08-28 20:20:57.014 [kafka-producer-network-thread | customer-service-producer-1] WARN  customer-service [o.apache.kafka.clients.NetworkClient] - [Producer clientId=customer-service-producer-1] Connection to node -1 (localhost/127.0.0.1:9092) could not be established. Node may not be available.
2026-08-28 20:20:57.014 [kafka-producer-network-thread | customer-service-producer-1] WARN  customer-service [o.apache.kafka.clients.NetworkClient] - [Producer clientId=customer-service-producer-1] Bootstrap broker localhost:9092 (id: -1 rack: null) disconnected
2026-08-28 20:20:57.871 [kafka-producer-network-thread | customer-service-producer-1] INFO  customer-service [o.apache.kafka.clients.NetworkClient] - [Producer clientId=customer-service-producer-1] Node -1 disconnected.
2026-08-28 20:20:57.871 [kafka-producer-network-thread | customer-service-producer-1] WARN  customer-service [o.apache.kafka.clients.NetworkClient] - [Producer clientId=customer-service-producer-1] Connection to node -1 (localhost/127.0.0.1:9092) could not be established. Node may not be available.
2026-08-28 20:20:57.871 [kafka-producer-network-thread | customer-service-producer-1] WARN  customer-service [o.apache.kafka.clients.NetworkClient] - [Producer clientId=customer-service-producer-1] Bootstrap broker localhost:9092 (id: -1 rack: null) disconnected
2026-08-28 20:20:58.879 [kafka-producer-network-thread | customer-service-producer-1] INFO  customer-service [o.apache.kafka.clients.NetworkClient] - [Producer clientId=customer-service-producer-1] Node -1 disconnected.
2026-08-28 20:20:58.879 [kafka-producer-network-thread | customer-service-producer-1] WARN  customer-service [o.apache.kafka.clients.NetworkClient] - [Producer clientId=customer-service-producer-1] Connection to node -1 (localhost/127.0.0.1:9092) could not be established. Node may not be available.
2026-08-28 20:20:58.879 [kafka-producer-network-thread | customer-service-producer-1] WARN  customer-service [o.apache.kafka.clients.NetworkClient] - [Producer clientId=customer-service-producer-1] Bootstrap broker localhost:9092 (id: -1 rack: null) disconnected
2026-08-28 20:20:59.785 [kafka-producer-network-thread | customer-service-producer-1] INFO  customer-service [o.apache.kafka.clients.NetworkClient] - [Producer clientId=customer-service-producer-1] Node -1 disconnected.
2026-08-28 20:20:59.785 [kafka-producer-network-thread | customer-service-producer-1] WARN  customer-service [o.apache.kafka.clients.NetworkClient] - [Producer clientId=customer-service-producer-1] Connection to node -1 (localhost/127.0.0.1:9092) could not be established. Node may not be available.
2026-08-28 20:20:59.785 [kafka-producer-network-thread | customer-service-producer-1] WARN  customer-service [o.apache.kafka.clients.NetworkClient] - [Producer clientId=customer-service-producer-1] Bootstrap broker localhost:9092 (id: -1 rack: null) disconnected
2026-08-28 20:21:00.792 [kafka-producer-network-thread | customer-service-producer-1] INFO  customer-service [o.apache.kafka.clients.NetworkClient] - [Producer clientId=customer-service-producer-1] Node -1 disconnected.
2026-08-28 20:21:00.793 [kafka-producer-network-thread | customer-service-producer-1] WARN  customer-service [o.apache.kafka.clients.NetworkClient] - [Producer clientId=customer-service-producer-1] Connection to node -1 (localhost/127.0.0.1:9092) could not be established. Node may not be available.
2026-08-28 20:21:00.793 [kafka-producer-network-thread | customer-service-producer-1] WARN  customer-service [o.apache.kafka.clients.NetworkClient] - [Producer clientId=customer-service-producer-1] Bootstrap broker localhost:9092 (id: -1 rack: null) disconnected
2026-08-28 20:21:01.794 [kafka-producer-network-thread | customer-service-producer-1] INFO  customer-service [o.apache.kafka.clients.NetworkClient] - [Producer clientId=customer-service-producer-1] Node -1 disconnected.
2026-08-28 20:21:01.794 [kafka-producer-network-thread | customer-service-producer-1] WARN  customer-service [o.apache.kafka.clients.NetworkClient] - [Producer clientId=customer-service-producer-1] Connection to node -1 (localhost/127.0.0.1:9092) could not be established. Node may not be available.
2026-08-28 20:21:01.794 [kafka-producer-network-thread | customer-service-producer-1] WARN  customer-service [o.apache.kafka.clients.NetworkClient] - [Producer clientId=customer-service-producer-1] Bootstrap broker localhost:9092 (id: -1 rack: null) disconnected
2026-08-28 20:21:02.702 [kafka-producer-network-thread | customer-service-producer-1] INFO  customer-service [o.apache.kafka.clients.NetworkClient] - [Producer clientId=customer-service-producer-1] Node -1 disconnected.
2026-08-28 20:21:02.702 [kafka-producer-network-thread | customer-service-producer-1] WARN  customer-service [o.apache.kafka.clients.NetworkClient] - [Producer clientId=customer-service-producer-1] Connection to node -1 (localhost/127.0.0.1:9092) could not be established. Node may not be available.
2026-08-28 20:21:02.702 [kafka-producer-network-thread | customer-service-producer-1] WARN  customer-service [o.apache.kafka.clients.NetworkClient] - [Producer clientId=customer-service-producer-1] Bootstrap broker localhost:9092 (id: -1 rack: null) disconnected
2026-08-28 20:21:03.711 [kafka-producer-network-thread | customer-service-producer-1] INFO  customer-service [o.apache.kafka.clients.NetworkClient] - [Producer clientId=customer-service-producer-1] Node -1 disconnected.
2026-08-28 20:21:03.711 [kafka-producer-network-thread | customer-service-producer-1] WARN  customer-service [o.apache.kafka.clients.NetworkClient] - [Producer clientId=customer-service-producer-1] Connection to node -1 (localhost/127.0.0.1:9092) could not be established. Node may not be available.
2026-08-28 20:21:03.711 [kafka-producer-network-thread | customer-service-producer-1] WARN  customer-service [o.apache.kafka.clients.NetworkClient] - [Producer clientId=customer-service-producer-1] Bootstrap broker localhost:9092 (id: -1 rack: null) disconnected
2026-08-28 20:21:04.719 [kafka-producer-network-thread | customer-service-producer-1] INFO  customer-service [o.apache.kafka.clients.NetworkClient] - [Producer clientId=customer-service-producer-1] Node -1 disconnected.
2026-08-28 20:21:04.719 [kafka-producer-network-thread | customer-service-producer-1] WARN  customer-service [o.apache.kafka.clients.NetworkClient] - [Producer clientId=customer-service-producer-1] Connection to node -1 (localhost/127.0.0.1:9092) could not be established. Node may not be available.
2026-08-28 20:21:04.719 [kafka-producer-network-thread | customer-service-producer-1] WARN  customer-service [o.apache.kafka.clients.NetworkClient] - [Producer clientId=customer-service-producer-1] Bootstrap broker localhost:9092 (id: -1 rack: null) disconnected
2026-08-28 20:21:05.725 [kafka-producer-network-thread | customer-service-producer-1] INFO  customer-service [o.apache.kafka.clients.NetworkClient] - [Producer clientId=customer-service-producer-1] Node -1 disconnected.
2026-08-28 20:21:05.725 [kafka-producer-network-thread | customer-service-producer-1] WARN  customer-service [o.apache.kafka.clients.NetworkClient] - [Producer clientId=customer-service-producer-1] Connection to node -1 (localhost/127.0.0.1:9092) could not be established. Node may not be available.
2026-08-28 20:21:05.725 [kafka-producer-network-thread | customer-service-producer-1] WARN  customer-service [o.apache.kafka.clients.NetworkClient] - [Producer clientId=customer-service-producer-1] Bootstrap broker localhost:9092 (id: -1 rack: null) disconnected
2026-08-28 20:21:06.732 [kafka-producer-network-thread | customer-service-producer-1] INFO  customer-service [o.apache.kafka.clients.NetworkClient] - [Producer clientId=customer-service-producer-1] Node -1 disconnected.
2026-08-28 20:21:06.732 [kafka-producer-network-thread | customer-service-producer-1] WARN  customer-service [o.apache.kafka.clients.NetworkClient] - [Producer clientId=customer-service-producer-1] Connection to node -1 (localhost/127.0.0.1:9092) could not be established. Node may not be available.
2026-08-28 20:21:06.732 [kafka-producer-network-thread | customer-service-producer-1] WARN  customer-service [o.apache.kafka.clients.NetworkClient] - [Producer clientId=customer-service-producer-1] Bootstrap broker localhost:9092 (id: -1 rack: null) disconnected
2026-08-28 20:21:07.734 [kafka-producer-network-thread | customer-service-producer-1] INFO  customer-service [o.apache.kafka.clients.NetworkClient] - [Producer clientId=customer-service-producer-1] Node -1 disconnected.
2026-08-28 20:21:07.734 [kafka-producer-network-thread | customer-service-producer-1] WARN  customer-service [o.apache.kafka.clients.NetworkClient] - [Producer clientId=customer-service-producer-1] Connection to node -1 (localhost/127.0.0.1:9092) could not be established. Node may not be available.
2026-08-28 20:21:07.734 [kafka-producer-network-thread | customer-service-producer-1] WARN  customer-service [o.apache.kafka.clients.NetworkClient] - [Producer clientId=customer-service-producer-1] Bootstrap broker localhost:9092 (id: -1 rack: null) disconnected
2026-08-28 20:21:08.735 [kafka-producer-network-thread | customer-service-producer-1] INFO  customer-service [o.apache.kafka.clients.NetworkClient] - [Producer clientId=customer-service-producer-1] Node -1 disconnected.
2026-08-28 20:21:08.735 [kafka-producer-network-thread | customer-service-producer-1] WARN  customer-service [o.apache.kafka.clients.NetworkClient] - [Producer clientId=customer-service-producer-1] Connection to node -1 (localhost/127.0.0.1:9092) could not be established. Node may not be available.
2026-08-28 20:21:08.735 [kafka-producer-network-thread | customer-service-producer-1] WARN  customer-service [o.apache.kafka.clients.NetworkClient] - [Producer clientId=customer-service-producer-1] Bootstrap broker localhost:9092 (id: -1 rack: null) disconnected
2026-08-28 20:21:09.753 [kafka-producer-network-thread | customer-service-producer-1] INFO  customer-service [o.apache.kafka.clients.NetworkClient] - [Producer clientId=customer-service-producer-1] Node -1 disconnected.
2026-08-28 20:21:09.753 [kafka-producer-network-thread | customer-service-producer-1] WARN  customer-service [o.apache.kafka.clients.NetworkClient] - [Producer clientId=customer-service-producer-1] Connection to node -1 (localhost/127.0.0.1:9092) could not be established. Node may not be available.
2026-08-28 20:21:09.753 [kafka-producer-network-thread | customer-service-producer-1] WARN  customer-service [o.apache.kafka.clients.NetworkClient] - [Producer clientId=customer-service-producer-1] Bootstrap broker localhost:9092 (id: -1 rack: null) disconnected
2026-08-28 20:21:10.754 [kafka-producer-network-thread | customer-service-producer-1] INFO  customer-service [o.apache.kafka.clients.NetworkClient] - [Producer clientId=customer-service-producer-1] Node -1 disconnected.
2026-08-28 20:21:10.754 [kafka-producer-network-thread | customer-service-producer-1] WARN  customer-service [o.apache.kafka.clients.NetworkClient] - [Producer clientId=customer-service-producer-1] Connection to node -1 (localhost/127.0.0.1:9092) could not be established. Node may not be available.
2026-08-28 20:21:10.754 [kafka-producer-network-thread | customer-service-producer-1] WARN  customer-service [o.apache.kafka.clients.NetworkClient] - [Producer clientId=customer-service-producer-1] Bootstrap broker localhost:9092 (id: -1 rack: null) disconnected
2026-08-28 20:21:11.714 [kafka-producer-network-thread | customer-service-producer-1] INFO  customer-service [o.apache.kafka.clients.NetworkClient] - [Producer clientId=customer-service-producer-1] Node -1 disconnected.
2026-08-28 20:21:11.714 [kafka-producer-network-thread | customer-service-producer-1] WARN  customer-service [o.apache.kafka.clients.NetworkClient] - [Producer clientId=customer-service-producer-1] Connection to node -1 (localhost/127.0.0.1:9092) could not be established. Node may not be available.
2026-08-28 20:21:11.714 [kafka-producer-network-thread | customer-service-producer-1] WARN  customer-service [o.apache.kafka.clients.NetworkClient] - [Producer clientId=customer-service-producer-1] Bootstrap broker localhost:9092 (id: -1 rack: null) disconnected
2026-08-28 20:21:12.723 [kafka-producer-network-thread | customer-service-producer-1] INFO  customer-service [o.apache.kafka.clients.NetworkClient] - [Producer clientId=customer-service-producer-1] Node -1 disconnected.
2026-08-28 20:21:12.723 [kafka-producer-network-thread | customer-service-producer-1] WARN  customer-service [o.apache.kafka.clients.NetworkClient] - [Producer clientId=customer-service-producer-1] Connection to node -1 (localhost/127.0.0.1:9092) could not be established. Node may not be available.
2026-08-28 20:21:12.723 [kafka-producer-network-thread | customer-service-producer-1] WARN  customer-service [o.apache.kafka.clients.NetworkClient] - [Producer clientId=customer-service-producer-1] Bootstrap broker localhost:9092 (id: -1 rack: null) disconnected
2026-08-28 20:21:13.582 [kafka-producer-network-thread | customer-service-producer-1] INFO  customer-service [o.apache.kafka.clients.NetworkClient] - [Producer clientId=customer-service-producer-1] Node -1 disconnected.
2026-08-28 20:21:13.582 [kafka-producer-network-thread | customer-service-producer-1] WARN  customer-service [o.apache.kafka.clients.NetworkClient] - [Producer clientId=customer-service-producer-1] Connection to node -1 (localhost/127.0.0.1:9092) could not be established. Node may not be available.
2026-08-28 20:21:13.582 [kafka-producer-network-thread | customer-service-producer-1] WARN  customer-service [o.apache.kafka.clients.NetworkClient] - [Producer clientId=customer-service-producer-1] Bootstrap broker localhost:9092 (id: -1 rack: null) disconnected
2026-08-28 20:21:14.631 [kafka-producer-network-thread | customer-service-producer-1] INFO  customer-service [o.apache.kafka.clients.NetworkClient] - [Producer clientId=customer-service-producer-1] Node -1 disconnected.
2026-08-28 20:21:14.632 [kafka-producer-network-thread | customer-service-producer-1] WARN  customer-service [o.apache.kafka.clients.NetworkClient] - [Producer clientId=customer-service-producer-1] Connection to node -1 (localhost/127.0.0.1:9092) could not be established. Node may not be available.
2026-08-28 20:21:14.632 [kafka-producer-network-thread | customer-service-producer-1] WARN  customer-service [o.apache.kafka.clients.NetworkClient] - [Producer clientId=customer-service-producer-1] Bootstrap broker localhost:9092 (id: -1 rack: null) disconnected
2026-08-28 20:21:15.554 [kafka-producer-network-thread | customer-service-producer-1] INFO  customer-service [o.apache.kafka.clients.NetworkClient] - [Producer clientId=customer-service-producer-1] Node -1 disconnected.
2026-08-28 20:21:15.554 [kafka-producer-network-thread | customer-service-producer-1] WARN  customer-service [o.apache.kafka.clients.NetworkClient] - [Producer clientId=customer-service-producer-1] Connection to node -1 (localhost/127.0.0.1:9092) could not be established. Node may not be available.
2026-08-28 20:21:15.554 [kafka-producer-network-thread | customer-service-producer-1] WARN  customer-service [o.apache.kafka.clients.NetworkClient] - [Producer clientId=customer-service-producer-1] Bootstrap broker localhost:9092 (id: -1 rack: null) disconnected
2026-08-28 20:21:16.476 [kafka-producer-network-thread | customer-service-producer-1] INFO  customer-service [o.apache.kafka.clients.NetworkClient] - [Producer clientId=customer-service-producer-1] Node -1 disconnected.
2026-08-28 20:21:16.476 [kafka-producer-network-thread | customer-service-producer-1] WARN  customer-service [o.apache.kafka.clients.NetworkClient] - [Producer clientId=customer-service-producer-1] Connection to node -1 (localhost/127.0.0.1:9092) could not be established. Node may not be available.
2026-08-28 20:21:16.476 [kafka-producer-network-thread | customer-service-producer-1] WARN  customer-service [o.apache.kafka.clients.NetworkClient] - [Producer clientId=customer-service-producer-1] Bootstrap broker localhost:9092 (id: -1 rack: null) disconnected
2026-08-28 20:21:17.336 [kafka-producer-network-thread | customer-service-producer-1] INFO  customer-service [o.apache.kafka.clients.NetworkClient] - [Producer clientId=customer-service-producer-1] Node -1 disconnected.
2026-08-28 20:21:17.336 [kafka-producer-network-thread | customer-service-producer-1] WARN  customer-service [o.apache.kafka.clients.NetworkClient] - [Producer clientId=customer-service-producer-1] Connection to node -1 (localhost/127.0.0.1:9092) could not be established. Node may not be available.
2026-08-28 20:21:17.336 [kafka-producer-network-thread | customer-service-producer-1] WARN  customer-service [o.apache.kafka.clients.NetworkClient] - [Producer clientId=customer-service-producer-1] Bootstrap broker localhost:9092 (id: -1 rack: null) disconnected
2026-08-28 20:21:18.347 [kafka-producer-network-thread | customer-service-producer-1] INFO  customer-service [o.apache.kafka.clients.NetworkClient] - [Producer clientId=customer-service-producer-1] Node -1 disconnected.
2026-08-28 20:21:18.347 [kafka-producer-network-thread | customer-service-producer-1] WARN  customer-service [o.apache.kafka.clients.NetworkClient] - [Producer clientId=customer-service-producer-1] Connection to node -1 (localhost/127.0.0.1:9092) could not be established. Node may not be available.
2026-08-28 20:21:18.347 [kafka-producer-network-thread | customer-service-producer-1] WARN  customer-service [o.apache.kafka.clients.NetworkClient] - [Producer clientId=customer-service-producer-1] Bootstrap broker localhost:9092 (id: -1 rack: null) disconnected
2026-08-28 20:21:19.349 [kafka-producer-network-thread | customer-service-producer-1] INFO  customer-service [o.apache.kafka.clients.NetworkClient] - [Producer clientId=customer-service-producer-1] Node -1 disconnected.
2026-08-28 20:21:19.349 [kafka-producer-network-thread | customer-service-producer-1] WARN  customer-service [o.apache.kafka.clients.NetworkClient] - [Producer clientId=customer-service-producer-1] Connection to node -1 (localhost/127.0.0.1:9092) could not be established. Node may not be available.
2026-08-28 20:21:19.349 [kafka-producer-network-thread | customer-service-producer-1] WARN  customer-service [o.apache.kafka.clients.NetworkClient] - [Producer clientId=customer-service-producer-1] Bootstrap broker localhost:9092 (id: -1 rack: null) disconnected
2026-08-28 20:21:20.350 [kafka-producer-network-thread | customer-service-producer-1] INFO  customer-service [o.apache.kafka.clients.NetworkClient] - [Producer clientId=customer-service-producer-1] Node -1 disconnected.
2026-08-28 20:21:20.350 [kafka-producer-network-thread | customer-service-producer-1] WARN  customer-service [o.apache.kafka.clients.NetworkClient] - [Producer clientId=customer-service-producer-1] Connection to node -1 (localhost/127.0.0.1:9092) could not be established. Node may not be available.
2026-08-28 20:21:20.350 [kafka-producer-network-thread | customer-service-producer-1] WARN  customer-service [o.apache.kafka.clients.NetworkClient] - [Producer clientId=customer-service-producer-1] Bootstrap broker localhost:9092 (id: -1 rack: null) disconnected
2026-08-28 20:21:21.206 [kafka-producer-network-thread | customer-service-producer-1] INFO  customer-service [o.apache.kafka.clients.NetworkClient] - [Producer clientId=customer-service-producer-1] Node -1 disconnected.
2026-08-28 20:21:21.206 [kafka-producer-network-thread | customer-service-producer-1] WARN  customer-service [o.apache.kafka.clients.NetworkClient] - [Producer clientId=customer-service-producer-1] Connection to node -1 (localhost/127.0.0.1:9092) could not be established. Node may not be available.
2026-08-28 20:21:21.206 [kafka-producer-network-thread | customer-service-producer-1] WARN  customer-service [o.apache.kafka.clients.NetworkClient] - [Producer clientId=customer-service-producer-1] Bootstrap broker localhost:9092 (id: -1 rack: null) disconnected
2026-08-28 20:21:22.207 [kafka-producer-network-thread | customer-service-producer-1] INFO  customer-service [o.apache.kafka.clients.NetworkClient] - [Producer clientId=customer-service-producer-1] Node -1 disconnected.
2026-08-28 20:21:22.207 [kafka-producer-network-thread | customer-service-producer-1] WARN  customer-service [o.apache.kafka.clients.NetworkClient] - [Producer clientId=customer-service-producer-1] Connection to node -1 (localhost/127.0.0.1:9092) could not be established. Node may not be available.
2026-08-28 20:21:22.207 [kafka-producer-network-thread | customer-service-producer-1] WARN  customer-service [o.apache.kafka.clients.NetworkClient] - [Producer clientId=customer-service-producer-1] Bootstrap broker localhost:9092 (id: -1 rack: null) disconnected
2026-08-28 20:21:23.209 [kafka-producer-network-thread | customer-service-producer-1] INFO  customer-service [o.apache.kafka.clients.NetworkClient] - [Producer clientId=customer-service-producer-1] Node -1 disconnected.
2026-08-28 20:21:23.209 [kafka-producer-network-thread | customer-service-producer-1] WARN  customer-service [o.apache.kafka.clients.NetworkClient] - [Producer clientId=customer-service-producer-1] Connection to node -1 (localhost/127.0.0.1:9092) could not be established. Node may not be available.
2026-08-28 20:21:23.209 [kafka-producer-network-thread | customer-service-producer-1] WARN  customer-service [o.apache.kafka.clients.NetworkClient] - [Producer clientId=customer-service-producer-1] Bootstrap broker localhost:9092 (id: -1 rack: null) disconnected
2026-08-28 20:21:24.221 [kafka-producer-network-thread | customer-service-producer-1] INFO  customer-service [o.apache.kafka.clients.NetworkClient] - [Producer clientId=customer-service-producer-1] Node -1 disconnected.
2026-08-28 20:21:24.221 [kafka-producer-network-thread | customer-service-producer-1] WARN  customer-service [o.apache.kafka.clients.NetworkClient] - [Producer clientId=customer-service-producer-1] Connection to node -1 (localhost/127.0.0.1:9092) could not be established. Node may not be available.
2026-08-28 20:21:24.222 [kafka-producer-network-thread | customer-service-producer-1] WARN  customer-service [o.apache.kafka.clients.NetworkClient] - [Producer clientId=customer-service-producer-1] Bootstrap broker localhost:9092 (id: -1 rack: null) disconnected
2026-08-28 20:21:25.127 [kafka-producer-network-thread | customer-service-producer-1] INFO  customer-service [o.apache.kafka.clients.NetworkClient] - [Producer clientId=customer-service-producer-1] Node -1 disconnected.
2026-08-28 20:21:25.127 [kafka-producer-network-thread | customer-service-producer-1] WARN  customer-service [o.apache.kafka.clients.NetworkClient] - [Producer clientId=customer-service-producer-1] Connection to node -1 (localhost/127.0.0.1:9092) could not be established. Node may not be available.
2026-08-28 20:21:25.127 [kafka-producer-network-thread | customer-service-producer-1] WARN  customer-service [o.apache.kafka.clients.NetworkClient] - [Producer clientId=customer-service-producer-1] Bootstrap broker localhost:9092 (id: -1 rack: null) disconnected
2026-08-28 20:21:26.151 [kafka-producer-network-thread | customer-service-producer-1] INFO  customer-service [o.apache.kafka.clients.NetworkClient] - [Producer clientId=customer-service-producer-1] Node -1 disconnected.
2026-08-28 20:21:26.151 [kafka-producer-network-thread | customer-service-producer-1] WARN  customer-service [o.apache.kafka.clients.NetworkClient] - [Producer clientId=customer-service-producer-1] Connection to node -1 (localhost/127.0.0.1:9092) could not be established. Node may not be available.
2026-08-28 20:21:26.151 [kafka-producer-network-thread | customer-service-producer-1] WARN  customer-service [o.apache.kafka.clients.NetworkClient] - [Producer clientId=customer-service-producer-1] Bootstrap broker localhost:9092 (id: -1 rack: null) disconnected
2026-08-28 20:21:27.152 [kafka-producer-network-thread | customer-service-producer-1] INFO  customer-service [o.apache.kafka.clients.NetworkClient] - [Producer clientId=customer-service-producer-1] Node -1 disconnected.
2026-08-28 20:21:27.152 [kafka-producer-network-thread | customer-service-producer-1] WARN  customer-service [o.apache.kafka.clients.NetworkClient] - [Producer clientId=customer-service-producer-1] Connection to node -1 (localhost/127.0.0.1:9092) could not be established. Node may not be available.
2026-08-28 20:21:27.152 [kafka-producer-network-thread | customer-service-producer-1] WARN  customer-service [o.apache.kafka.clients.NetworkClient] - [Producer clientId=customer-service-producer-1] Bootstrap broker localhost:9092 (id: -1 rack: null) disconnected
2026-08-28 20:21:28.170 [kafka-producer-network-thread | customer-service-producer-1] INFO  customer-service [o.apache.kafka.clients.NetworkClient] - [Producer clientId=customer-service-producer-1] Node -1 disconnected.
2026-08-28 20:21:28.170 [kafka-producer-network-thread | customer-service-producer-1] WARN  customer-service [o.apache.kafka.clients.NetworkClient] - [Producer clientId=customer-service-producer-1] Connection to node -1 (localhost/127.0.0.1:9092) could not be established. Node may not be available.
2026-08-28 20:21:28.170 [kafka-producer-network-thread | customer-service-producer-1] WARN  customer-service [o.apache.kafka.clients.NetworkClient] - [Producer clientId=customer-service-producer-1] Bootstrap broker localhost:9092 (id: -1 rack: null) disconnected
2026-08-28 20:21:29.178 [kafka-producer-network-thread | customer-service-producer-1] INFO  customer-service [o.apache.kafka.clients.NetworkClient] - [Producer clientId=customer-service-producer-1] Node -1 disconnected.
2026-08-28 20:21:29.179 [kafka-producer-network-thread | customer-service-producer-1] WARN  customer-service [o.apache.kafka.clients.NetworkClient] - [Producer clientId=customer-service-producer-1] Connection to node -1 (localhost/127.0.0.1:9092) could not be established. Node may not be available.
2026-08-28 20:21:29.179 [kafka-producer-network-thread | customer-service-producer-1] WARN  customer-service [o.apache.kafka.clients.NetworkClient] - [Producer clientId=customer-service-producer-1] Bootstrap broker localhost:9092 (id: -1 rack: null) disconnected
2026-08-28 20:21:30.179 [kafka-producer-network-thread | customer-service-producer-1] INFO  customer-service [o.apache.kafka.clients.NetworkClient] - [Producer clientId=customer-service-producer-1] Node -1 disconnected.
2026-08-28 20:21:30.179 [kafka-producer-network-thread | customer-service-producer-1] WARN  customer-service [o.apache.kafka.clients.NetworkClient] - [Producer clientId=customer-service-producer-1] Connection to node -1 (localhost/127.0.0.1:9092) could not be established. Node may not be available.
2026-08-28 20:21:30.179 [kafka-producer-network-thread | customer-service-producer-1] WARN  customer-service [o.apache.kafka.clients.NetworkClient] - [Producer clientId=customer-service-producer-1] Bootstrap broker localhost:9092 (id: -1 rack: null) disconnected
2026-08-28 20:21:31.180 [kafka-producer-network-thread | customer-service-producer-1] INFO  customer-service [o.apache.kafka.clients.NetworkClient] - [Producer clientId=customer-service-producer-1] Node -1 disconnected.
2026-08-28 20:21:31.180 [kafka-producer-network-thread | customer-service-producer-1] WARN  customer-service [o.apache.kafka.clients.NetworkClient] - [Producer clientId=customer-service-producer-1] Connection to node -1 (localhost/127.0.0.1:9092) could not be established. Node may not be available.
2026-08-28 20:21:31.180 [kafka-producer-network-thread | customer-service-producer-1] WARN  customer-service [o.apache.kafka.clients.NetworkClient] - [Producer clientId=customer-service-producer-1] Bootstrap broker localhost:9092 (id: -1 rack: null) disconnected
2026-08-28 20:21:32.085 [kafka-producer-network-thread | customer-service-producer-1] INFO  customer-service [o.apache.kafka.clients.NetworkClient] - [Producer clientId=customer-service-producer-1] Node -1 disconnected.
2026-08-28 20:21:32.085 [kafka-producer-network-thread | customer-service-producer-1] WARN  customer-service [o.apache.kafka.clients.NetworkClient] - [Producer clientId=customer-service-producer-1] Connection to node -1 (localhost/127.0.0.1:9092) could not be established. Node may not be available.
2026-08-28 20:21:32.085 [kafka-producer-network-thread | customer-service-producer-1] WARN  customer-service [o.apache.kafka.clients.NetworkClient] - [Producer clientId=customer-service-producer-1] Bootstrap broker localhost:9092 (id: -1 rack: null) disconnected
2026-08-28 20:21:33.087 [kafka-producer-network-thread | customer-service-producer-1] INFO  customer-service [o.apache.kafka.clients.NetworkClient] - [Producer clientId=customer-service-producer-1] Node -1 disconnected.
2026-08-28 20:21:33.087 [kafka-producer-network-thread | customer-service-producer-1] WARN  customer-service [o.apache.kafka.clients.NetworkClient] - [Producer clientId=customer-service-producer-1] Connection to node -1 (localhost/127.0.0.1:9092) could not be established. Node may not be available.
2026-08-28 20:21:33.087 [kafka-producer-network-thread | customer-service-producer-1] WARN  customer-service [o.apache.kafka.clients.NetworkClient] - [Producer clientId=customer-service-producer-1] Bootstrap broker localhost:9092 (id: -1 rack: null) disconnected
2026-08-28 20:21:34.071 [kafka-producer-network-thread | customer-service-producer-1] INFO  customer-service [o.apache.kafka.clients.NetworkClient] - [Producer clientId=customer-service-producer-1] Node -1 disconnected.
2026-08-28 20:21:34.071 [kafka-producer-network-thread | customer-service-producer-1] WARN  customer-service [o.apache.kafka.clients.NetworkClient] - [Producer clientId=customer-service-producer-1] Connection to node -1 (localhost/127.0.0.1:9092) could not be established. Node may not be available.
2026-08-28 20:21:34.071 [kafka-producer-network-thread | customer-service-producer-1] WARN  customer-service [o.apache.kafka.clients.NetworkClient] - [Producer clientId=customer-service-producer-1] Bootstrap broker localhost:9092 (id: -1 rack: null) disconnected
2026-08-28 20:21:35.082 [kafka-producer-network-thread | customer-service-producer-1] INFO  customer-service [o.apache.kafka.clients.NetworkClient] - [Producer clientId=customer-service-producer-1] Node -1 disconnected.
2026-08-28 20:21:35.082 [kafka-producer-network-thread | customer-service-producer-1] WARN  customer-service [o.apache.kafka.clients.NetworkClient] - [Producer clientId=customer-service-producer-1] Connection to node -1 (localhost/127.0.0.1:9092) could not be established. Node may not be available.
2026-08-28 20:21:35.082 [kafka-producer-network-thread | customer-service-producer-1] WARN  customer-service [o.apache.kafka.clients.NetworkClient] - [Producer clientId=customer-service-producer-1] Bootstrap broker localhost:9092 (id: -1 rack: null) disconnected
2026-08-28 20:21:36.008 [kafka-producer-network-thread | customer-service-producer-1] INFO  customer-service [o.apache.kafka.clients.NetworkClient] - [Producer clientId=customer-service-producer-1] Node -1 disconnected.
2026-08-28 20:21:36.008 [kafka-producer-network-thread | customer-service-producer-1] WARN  customer-service [o.apache.kafka.clients.NetworkClient] - [Producer clientId=customer-service-producer-1] Connection to node -1 (localhost/127.0.0.1:9092) could not be established. Node may not be available.
2026-08-28 20:21:36.008 [kafka-producer-network-thread | customer-service-producer-1] WARN  customer-service [o.apache.kafka.clients.NetworkClient] - [Producer clientId=customer-service-producer-1] Bootstrap broker localhost:9092 (id: -1 rack: null) disconnected
2026-08-28 20:21:37.010 [kafka-producer-network-thread | customer-service-producer-1] INFO  customer-service [o.apache.kafka.clients.NetworkClient] - [Producer clientId=customer-service-producer-1] Node -1 disconnected.
2026-08-28 20:21:37.011 [kafka-producer-network-thread | customer-service-producer-1] WARN  customer-service [o.apache.kafka.clients.NetworkClient] - [Producer clientId=customer-service-producer-1] Connection to node -1 (localhost/127.0.0.1:9092) could not be established. Node may not be available.
2026-08-28 20:21:37.011 [kafka-producer-network-thread | customer-service-producer-1] WARN  customer-service [o.apache.kafka.clients.NetworkClient] - [Producer clientId=customer-service-producer-1] Bootstrap broker localhost:9092 (id: -1 rack: null) disconnected
2026-08-28 20:21:38.011 [kafka-producer-network-thread | customer-service-producer-1] INFO  customer-service [o.apache.kafka.clients.NetworkClient] - [Producer clientId=customer-service-producer-1] Node -1 disconnected.
2026-08-28 20:21:38.011 [kafka-producer-network-thread | customer-service-producer-1] WARN  customer-service [o.apache.kafka.clients.NetworkClient] - [Producer clientId=customer-service-producer-1] Connection to node -1 (localhost/127.0.0.1:9092) could not be established. Node may not be available.
2026-08-28 20:21:38.011 [kafka-producer-network-thread | customer-service-producer-1] WARN  customer-service [o.apache.kafka.clients.NetworkClient] - [Producer clientId=customer-service-producer-1] Bootstrap broker localhost:9092 (id: -1 rack: null) disconnected
2026-08-28 20:21:39.029 [kafka-producer-network-thread | customer-service-producer-1] INFO  customer-service [o.apache.kafka.clients.NetworkClient] - [Producer clientId=customer-service-producer-1] Node -1 disconnected.
2026-08-28 20:21:39.029 [kafka-producer-network-thread | customer-service-producer-1] WARN  customer-service [o.apache.kafka.clients.NetworkClient] - [Producer clientId=customer-service-producer-1] Connection to node -1 (localhost/127.0.0.1:9092) could not be established. Node may not be available.
2026-08-28 20:21:39.029 [kafka-producer-network-thread | customer-service-producer-1] WARN  customer-service [o.apache.kafka.clients.NetworkClient] - [Producer clientId=customer-service-producer-1] Bootstrap broker localhost:9092 (id: -1 rack: null) disconnected
2026-08-28 20:21:40.062 [kafka-producer-network-thread | customer-service-producer-1] INFO  customer-service [o.apache.kafka.clients.NetworkClient] - [Producer clientId=customer-service-producer-1] Node -1 disconnected.
2026-08-28 20:21:40.062 [kafka-producer-network-thread | customer-service-producer-1] WARN  customer-service [o.apache.kafka.clients.NetworkClient] - [Producer clientId=customer-service-producer-1] Connection to node -1 (localhost/127.0.0.1:9092) could not be established. Node may not be available.
2026-08-28 20:21:40.062 [kafka-producer-network-thread | customer-service-producer-1] WARN  customer-service [o.apache.kafka.clients.NetworkClient] - [Producer clientId=customer-service-producer-1] Bootstrap broker localhost:9092 (id: -1 rack: null) disconnected
2026-08-28 20:21:41.099 [kafka-producer-network-thread | customer-service-producer-1] INFO  customer-service [o.apache.kafka.clients.NetworkClient] - [Producer clientId=customer-service-producer-1] Node -1 disconnected.
2026-08-28 20:21:41.100 [kafka-producer-network-thread | customer-service-producer-1] WARN  customer-service [o.apache.kafka.clients.NetworkClient] - [Producer clientId=customer-service-producer-1] Connection to node -1 (localhost/127.0.0.1:9092) could not be established. Node may not be available.
2026-08-28 20:21:41.100 [kafka-producer-network-thread | customer-service-producer-1] WARN  customer-service [o.apache.kafka.clients.NetworkClient] - [Producer clientId=customer-service-producer-1] Bootstrap broker localhost:9092 (id: -1 rack: null) disconnected
2026-08-28 20:21:41.971 [kafka-producer-network-thread | customer-service-producer-1] INFO  customer-service [o.apache.kafka.clients.NetworkClient] - [Producer clientId=customer-service-producer-1] Node -1 disconnected.
2026-08-28 20:21:41.971 [kafka-producer-network-thread | customer-service-producer-1] WARN  customer-service [o.apache.kafka.clients.NetworkClient] - [Producer clientId=customer-service-producer-1] Connection to node -1 (localhost/127.0.0.1:9092) could not be established. Node may not be available.
2026-08-28 20:21:41.971 [kafka-producer-network-thread | customer-service-producer-1] WARN  customer-service [o.apache.kafka.clients.NetworkClient] - [Producer clientId=customer-service-producer-1] Bootstrap broker localhost:9092 (id: -1 rack: null) disconnected
2026-08-28 20:21:42.975 [kafka-producer-network-thread | customer-service-producer-1] INFO  customer-service [o.apache.kafka.clients.NetworkClient] - [Producer clientId=customer-service-producer-1] Node -1 disconnected.
2026-08-28 20:21:42.975 [kafka-producer-network-thread | customer-service-producer-1] WARN  customer-service [o.apache.kafka.clients.NetworkClient] - [Producer clientId=customer-service-producer-1] Connection to node -1 (localhost/127.0.0.1:9092) could not be established. Node may not be available.
2026-08-28 20:21:42.975 [kafka-producer-network-thread | customer-service-producer-1] WARN  customer-service [o.apache.kafka.clients.NetworkClient] - [Producer clientId=customer-service-producer-1] Bootstrap broker localhost:9092 (id: -1 rack: null) disconnected
2026-08-28 20:21:43.976 [kafka-producer-network-thread | customer-service-producer-1] INFO  customer-service [o.apache.kafka.clients.NetworkClient] - [Producer clientId=customer-service-producer-1] Node -1 disconnected.
2026-08-28 20:21:43.976 [kafka-producer-network-thread | customer-service-producer-1] WARN  customer-service [o.apache.kafka.clients.NetworkClient] - [Producer clientId=customer-service-producer-1] Connection to node -1 (localhost/127.0.0.1:9092) could not be established. Node may not be available.
2026-08-28 20:21:43.976 [kafka-producer-network-thread | customer-service-producer-1] WARN  customer-service [o.apache.kafka.clients.NetworkClient] - [Producer clientId=customer-service-producer-1] Bootstrap broker localhost:9092 (id: -1 rack: null) disconnected
2026-08-28 20:21:44.849 [kafka-producer-network-thread | customer-service-producer-1] INFO  customer-service [o.apache.kafka.clients.NetworkClient] - [Producer clientId=customer-service-producer-1] Node -1 disconnected.
2026-08-28 20:21:44.850 [kafka-producer-network-thread | customer-service-producer-1] WARN  customer-service [o.apache.kafka.clients.NetworkClient] - [Producer clientId=customer-service-producer-1] Connection to node -1 (localhost/127.0.0.1:9092) could not be established. Node may not be available.
2026-08-28 20:21:44.850 [kafka-producer-network-thread | customer-service-producer-1] WARN  customer-service [o.apache.kafka.clients.NetworkClient] - [Producer clientId=customer-service-producer-1] Bootstrap broker localhost:9092 (id: -1 rack: null) disconnected
2026-08-28 20:21:45.735 [kafka-producer-network-thread | customer-service-producer-1] INFO  customer-service [o.apache.kafka.clients.NetworkClient] - [Producer clientId=customer-service-producer-1] Node -1 disconnected.
2026-08-28 20:21:45.735 [kafka-producer-network-thread | customer-service-producer-1] WARN  customer-service [o.apache.kafka.clients.NetworkClient] - [Producer clientId=customer-service-producer-1] Connection to node -1 (localhost/127.0.0.1:9092) could not be established. Node may not be available.
2026-08-28 20:21:45.735 [kafka-producer-network-thread | customer-service-producer-1] WARN  customer-service [o.apache.kafka.clients.NetworkClient] - [Producer clientId=customer-service-producer-1] Bootstrap broker localhost:9092 (id: -1 rack: null) disconnected
2026-08-28 20:21:46.737 [kafka-producer-network-thread | customer-service-producer-1] INFO  customer-service [o.apache.kafka.clients.NetworkClient] - [Producer clientId=customer-service-producer-1] Node -1 disconnected.
2026-08-28 20:21:46.737 [kafka-producer-network-thread | customer-service-producer-1] WARN  customer-service [o.apache.kafka.clients.NetworkClient] - [Producer clientId=customer-service-producer-1] Connection to node -1 (localhost/127.0.0.1:9092) could not be established. Node may not be available.
2026-08-28 20:21:46.737 [kafka-producer-network-thread | customer-service-producer-1] WARN  customer-service [o.apache.kafka.clients.NetworkClient] - [Producer clientId=customer-service-producer-1] Bootstrap broker localhost:9092 (id: -1 rack: null) disconnected
2026-08-28 20:21:47.594 [kafka-producer-network-thread | customer-service-producer-1] INFO  customer-service [o.apache.kafka.clients.NetworkClient] - [Producer clientId=customer-service-producer-1] Node -1 disconnected.
2026-08-28 20:21:47.594 [kafka-producer-network-thread | customer-service-producer-1] WARN  customer-service [o.apache.kafka.clients.NetworkClient] - [Producer clientId=customer-service-producer-1] Connection to node -1 (localhost/127.0.0.1:9092) could not be established. Node may not be available.
2026-08-28 20:21:47.594 [kafka-producer-network-thread | customer-service-producer-1] WARN  customer-service [o.apache.kafka.clients.NetworkClient] - [Producer clientId=customer-service-producer-1] Bootstrap broker localhost:9092 (id: -1 rack: null) disconnected
2026-08-28 20:21:48.642 [kafka-producer-network-thread | customer-service-producer-1] INFO  customer-service [o.apache.kafka.clients.NetworkClient] - [Producer clientId=customer-service-producer-1] Node -1 disconnected.
2026-08-28 20:21:48.642 [kafka-producer-network-thread | customer-service-producer-1] WARN  customer-service [o.apache.kafka.clients.NetworkClient] - [Producer clientId=customer-service-producer-1] Connection to node -1 (localhost/127.0.0.1:9092) could not be established. Node may not be available.
2026-08-28 20:21:48.642 [kafka-producer-network-thread | customer-service-producer-1] WARN  customer-service [o.apache.kafka.clients.NetworkClient] - [Producer clientId=customer-service-producer-1] Bootstrap broker localhost:9092 (id: -1 rack: null) disconnected
2026-08-28 20:21:49.670 [kafka-producer-network-thread | customer-service-producer-1] INFO  customer-service [o.apache.kafka.clients.NetworkClient] - [Producer clientId=customer-service-producer-1] Node -1 disconnected.
2026-08-28 20:21:49.670 [kafka-producer-network-thread | customer-service-producer-1] WARN  customer-service [o.apache.kafka.clients.NetworkClient] - [Producer clientId=customer-service-producer-1] Connection to node -1 (localhost/127.0.0.1:9092) could not be established. Node may not be available.
2026-08-28 20:21:49.670 [kafka-producer-network-thread | customer-service-producer-1] WARN  customer-service [o.apache.kafka.clients.NetworkClient] - [Producer clientId=customer-service-producer-1] Bootstrap broker localhost:9092 (id: -1 rack: null) disconnected
2026-08-28 20:21:50.640 [kafka-producer-network-thread | customer-service-producer-1] INFO  customer-service [o.apache.kafka.clients.NetworkClient] - [Producer clientId=customer-service-producer-1] Node -1 disconnected.
2026-08-28 20:21:50.640 [kafka-producer-network-thread | customer-service-producer-1] WARN  customer-service [o.apache.kafka.clients.NetworkClient] - [Producer clientId=customer-service-producer-1] Connection to node -1 (localhost/127.0.0.1:9092) could not be established. Node may not be available.
2026-08-28 20:21:50.640 [kafka-producer-network-thread | customer-service-producer-1] WARN  customer-service [o.apache.kafka.clients.NetworkClient] - [Producer clientId=customer-service-producer-1] Bootstrap broker localhost:9092 (id: -1 rack: null) disconnected
2026-08-28 20:21:51.650 [kafka-producer-network-thread | customer-service-producer-1] INFO  customer-service [o.apache.kafka.clients.NetworkClient] - [Producer clientId=customer-service-producer-1] Node -1 disconnected.
2026-08-28 20:21:51.650 [kafka-producer-network-thread | customer-service-producer-1] WARN  customer-service [o.apache.kafka.clients.NetworkClient] - [Producer clientId=customer-service-producer-1] Connection to node -1 (localhost/127.0.0.1:9092) could not be established. Node may not be available.
2026-08-28 20:21:51.651 [kafka-producer-network-thread | customer-service-producer-1] WARN  customer-service [o.apache.kafka.clients.NetworkClient] - [Producer clientId=customer-service-producer-1] Bootstrap broker localhost:9092 (id: -1 rack: null) disconnected
2026-08-28 20:21:52.652 [kafka-producer-network-thread | customer-service-producer-1] INFO  customer-service [o.apache.kafka.clients.NetworkClient] - [Producer clientId=customer-service-producer-1] Node -1 disconnected.
2026-08-28 20:21:52.652 [kafka-producer-network-thread | customer-service-producer-1] WARN  customer-service [o.apache.kafka.clients.NetworkClient] - [Producer clientId=customer-service-producer-1] Connection to node -1 (localhost/127.0.0.1:9092) could not be established. Node may not be available.
2026-08-28 20:21:52.652 [kafka-producer-network-thread | customer-service-producer-1] WARN  customer-service [o.apache.kafka.clients.NetworkClient] - [Producer clientId=customer-service-producer-1] Bootstrap broker localhost:9092 (id: -1 rack: null) disconnected
2026-08-28 20:21:53.654 [kafka-producer-network-thread | customer-service-producer-1] INFO  customer-service [o.apache.kafka.clients.NetworkClient] - [Producer clientId=customer-service-producer-1] Node -1 disconnected.
2026-08-28 20:21:53.655 [kafka-producer-network-thread | customer-service-producer-1] WARN  customer-service [o.apache.kafka.clients.NetworkClient] - [Producer clientId=customer-service-producer-1] Connection to node -1 (localhost/127.0.0.1:9092) could not be established. Node may not be available.
2026-08-28 20:21:53.655 [kafka-producer-network-thread | customer-service-producer-1] WARN  customer-service [o.apache.kafka.clients.NetworkClient] - [Producer clientId=customer-service-producer-1] Bootstrap broker localhost:9092 (id: -1 rack: null) disconnected
2026-08-28 20:21:54.654 [kafka-producer-network-thread | customer-service-producer-1] INFO  customer-service [o.apache.kafka.clients.NetworkClient] - [Producer clientId=customer-service-producer-1] Node -1 disconnected.
2026-08-28 20:21:54.654 [kafka-producer-network-thread | customer-service-producer-1] WARN  customer-service [o.apache.kafka.clients.NetworkClient] - [Producer clientId=customer-service-producer-1] Connection to node -1 (localhost/127.0.0.1:9092) could not be established. Node may not be available.
2026-08-28 20:21:54.654 [kafka-producer-network-thread | customer-service-producer-1] WARN  customer-service [o.apache.kafka.clients.NetworkClient] - [Producer clientId=customer-service-producer-1] Bootstrap broker localhost:9092 (id: -1 rack: null) disconnected
2026-08-28 20:21:55.609 [kafka-producer-network-thread | customer-service-producer-1] INFO  customer-service [o.apache.kafka.clients.NetworkClient] - [Producer clientId=customer-service-producer-1] Node -1 disconnected.
2026-08-28 20:21:55.609 [kafka-producer-network-thread | customer-service-producer-1] WARN  customer-service [o.apache.kafka.clients.NetworkClient] - [Producer clientId=customer-service-producer-1] Connection to node -1 (localhost/127.0.0.1:9092) could not be established. Node may not be available.
2026-08-28 20:21:55.609 [kafka-producer-network-thread | customer-service-producer-1] WARN  customer-service [o.apache.kafka.clients.NetworkClient] - [Producer clientId=customer-service-producer-1] Bootstrap broker localhost:9092 (id: -1 rack: null) disconnected
2026-08-28 20:21:56.616 [kafka-producer-network-thread | customer-service-producer-1] INFO  customer-service [o.apache.kafka.clients.NetworkClient] - [Producer clientId=customer-service-producer-1] Node -1 disconnected.
2026-08-28 20:21:56.616 [kafka-producer-network-thread | customer-service-producer-1] WARN  customer-service [o.apache.kafka.clients.NetworkClient] - [Producer clientId=customer-service-producer-1] Connection to node -1 (localhost/127.0.0.1:9092) could not be established. Node may not be available.
2026-08-28 20:21:56.616 [kafka-producer-network-thread | customer-service-producer-1] WARN  customer-service [o.apache.kafka.clients.NetworkClient] - [Producer clientId=customer-service-producer-1] Bootstrap broker localhost:9092 (id: -1 rack: null) disconnected
2026-08-28 20:21:57.473 [kafka-producer-network-thread | customer-service-producer-1] INFO  customer-service [o.apache.kafka.clients.NetworkClient] - [Producer clientId=customer-service-producer-1] Node -1 disconnected.
2026-08-28 20:21:57.474 [kafka-producer-network-thread | customer-service-producer-1] WARN  customer-service [o.apache.kafka.clients.NetworkClient] - [Producer clientId=customer-service-producer-1] Connection to node -1 (localhost/127.0.0.1:9092) could not be established. Node may not be available.
2026-08-28 20:21:57.474 [kafka-producer-network-thread | customer-service-producer-1] WARN  customer-service [o.apache.kafka.clients.NetworkClient] - [Producer clientId=customer-service-producer-1] Bootstrap broker localhost:9092 (id: -1 rack: null) disconnected
2026-08-28 20:21:58.486 [kafka-producer-network-thread | customer-service-producer-1] INFO  customer-service [o.apache.kafka.clients.NetworkClient] - [Producer clientId=customer-service-producer-1] Node -1 disconnected.
2026-08-28 20:21:58.486 [kafka-producer-network-thread | customer-service-producer-1] WARN  customer-service [o.apache.kafka.clients.NetworkClient] - [Producer clientId=customer-service-producer-1] Connection to node -1 (localhost/127.0.0.1:9092) could not be established. Node may not be available.
2026-08-28 20:21:58.486 [kafka-producer-network-thread | customer-service-producer-1] WARN  customer-service [o.apache.kafka.clients.NetworkClient] - [Producer clientId=customer-service-producer-1] Bootstrap broker localhost:9092 (id: -1 rack: null) disconnected
2026-08-28 20:21:59.498 [kafka-producer-network-thread | customer-service-producer-1] INFO  customer-service [o.apache.kafka.clients.NetworkClient] - [Producer clientId=customer-service-producer-1] Node -1 disconnected.
2026-08-28 20:21:59.498 [kafka-producer-network-thread | customer-service-producer-1] WARN  customer-service [o.apache.kafka.clients.NetworkClient] - [Producer clientId=customer-service-producer-1] Connection to node -1 (localhost/127.0.0.1:9092) could not be established. Node may not be available.
2026-08-28 20:21:59.498 [kafka-producer-network-thread | customer-service-producer-1] WARN  customer-service [o.apache.kafka.clients.NetworkClient] - [Producer clientId=customer-service-producer-1] Bootstrap broker localhost:9092 (id: -1 rack: null) disconnected
2026-08-28 20:22:00.498 [kafka-producer-network-thread | customer-service-producer-1] INFO  customer-service [o.apache.kafka.clients.NetworkClient] - [Producer clientId=customer-service-producer-1] Node -1 disconnected.
2026-08-28 20:22:00.498 [kafka-producer-network-thread | customer-service-producer-1] WARN  customer-service [o.apache.kafka.clients.NetworkClient] - [Producer clientId=customer-service-producer-1] Connection to node -1 (localhost/127.0.0.1:9092) could not be established. Node may not be available.
2026-08-28 20:22:00.498 [kafka-producer-network-thread | customer-service-producer-1] WARN  customer-service [o.apache.kafka.clients.NetworkClient] - [Producer clientId=customer-service-producer-1] Bootstrap broker localhost:9092 (id: -1 rack: null) disconnected
2026-08-28 20:22:01.406 [kafka-producer-network-thread | customer-service-producer-1] INFO  customer-service [o.apache.kafka.clients.NetworkClient] - [Producer clientId=customer-service-producer-1] Node -1 disconnected.
2026-08-28 20:22:01.407 [kafka-producer-network-thread | customer-service-producer-1] WARN  customer-service [o.apache.kafka.clients.NetworkClient] - [Producer clientId=customer-service-producer-1] Connection to node -1 (localhost/127.0.0.1:9092) could not be established. Node may not be available.
2026-08-28 20:22:01.407 [kafka-producer-network-thread | customer-service-producer-1] WARN  customer-service [o.apache.kafka.clients.NetworkClient] - [Producer clientId=customer-service-producer-1] Bootstrap broker localhost:9092 (id: -1 rack: null) disconnected
2026-08-28 20:22:02.315 [kafka-producer-network-thread | customer-service-producer-1] INFO  customer-service [o.apache.kafka.clients.NetworkClient] - [Producer clientId=customer-service-producer-1] Node -1 disconnected.
2026-08-28 20:22:02.315 [kafka-producer-network-thread | customer-service-producer-1] WARN  customer-service [o.apache.kafka.clients.NetworkClient] - [Producer clientId=customer-service-producer-1] Connection to node -1 (localhost/127.0.0.1:9092) could not be established. Node may not be available.
2026-08-28 20:22:02.315 [kafka-producer-network-thread | customer-service-producer-1] WARN  customer-service [o.apache.kafka.clients.NetworkClient] - [Producer clientId=customer-service-producer-1] Bootstrap broker localhost:9092 (id: -1 rack: null) disconnected
2026-08-28 20:22:03.325 [kafka-producer-network-thread | customer-service-producer-1] INFO  customer-service [o.apache.kafka.clients.NetworkClient] - [Producer clientId=customer-service-producer-1] Node -1 disconnected.
2026-08-28 20:22:03.325 [kafka-producer-network-thread | customer-service-producer-1] WARN  customer-service [o.apache.kafka.clients.NetworkClient] - [Producer clientId=customer-service-producer-1] Connection to node -1 (localhost/127.0.0.1:9092) could not be established. Node may not be available.
2026-08-28 20:22:03.325 [kafka-producer-network-thread | customer-service-producer-1] WARN  customer-service [o.apache.kafka.clients.NetworkClient] - [Producer clientId=customer-service-producer-1] Bootstrap broker localhost:9092 (id: -1 rack: null) disconnected
2026-08-28 20:22:04.327 [kafka-producer-network-thread | customer-service-producer-1] INFO  customer-service [o.apache.kafka.clients.NetworkClient] - [Producer clientId=customer-service-producer-1] Node -1 disconnected.
2026-08-28 20:22:04.327 [kafka-producer-network-thread | customer-service-producer-1] WARN  customer-service [o.apache.kafka.clients.NetworkClient] - [Producer clientId=customer-service-producer-1] Connection to node -1 (localhost/127.0.0.1:9092) could not be established. Node may not be available.
2026-08-28 20:22:04.327 [kafka-producer-network-thread | customer-service-producer-1] WARN  customer-service [o.apache.kafka.clients.NetworkClient] - [Producer clientId=customer-service-producer-1] Bootstrap broker localhost:9092 (id: -1 rack: null) disconnected
2026-08-28 20:22:05.182 [kafka-producer-network-thread | customer-service-producer-1] INFO  customer-service [o.apache.kafka.clients.NetworkClient] - [Producer clientId=customer-service-producer-1] Node -1 disconnected.
2026-08-28 20:22:05.182 [kafka-producer-network-thread | customer-service-producer-1] WARN  customer-service [o.apache.kafka.clients.NetworkClient] - [Producer clientId=customer-service-producer-1] Connection to node -1 (localhost/127.0.0.1:9092) could not be established. Node may not be available.
2026-08-28 20:22:05.182 [kafka-producer-network-thread | customer-service-producer-1] WARN  customer-service [o.apache.kafka.clients.NetworkClient] - [Producer clientId=customer-service-producer-1] Bootstrap broker localhost:9092 (id: -1 rack: null) disconnected
2026-08-28 20:22:06.182 [kafka-producer-network-thread | customer-service-producer-1] INFO  customer-service [o.apache.kafka.clients.NetworkClient] - [Producer clientId=customer-service-producer-1] Node -1 disconnected.
2026-08-28 20:22:06.182 [kafka-producer-network-thread | customer-service-producer-1] WARN  customer-service [o.apache.kafka.clients.NetworkClient] - [Producer clientId=customer-service-producer-1] Connection to node -1 (localhost/127.0.0.1:9092) could not be established. Node may not be available.
2026-08-28 20:22:06.182 [kafka-producer-network-thread | customer-service-producer-1] WARN  customer-service [o.apache.kafka.clients.NetworkClient] - [Producer clientId=customer-service-producer-1] Bootstrap broker localhost:9092 (id: -1 rack: null) disconnected
2026-08-28 20:22:07.183 [kafka-producer-network-thread | customer-service-producer-1] INFO  customer-service [o.apache.kafka.clients.NetworkClient] - [Producer clientId=customer-service-producer-1] Node -1 disconnected.
2026-08-28 20:22:07.183 [kafka-producer-network-thread | customer-service-producer-1] WARN  customer-service [o.apache.kafka.clients.NetworkClient] - [Producer clientId=customer-service-producer-1] Connection to node -1 (localhost/127.0.0.1:9092) could not be established. Node may not be available.
2026-08-28 20:22:07.183 [kafka-producer-network-thread | customer-service-producer-1] WARN  customer-service [o.apache.kafka.clients.NetworkClient] - [Producer clientId=customer-service-producer-1] Bootstrap broker localhost:9092 (id: -1 rack: null) disconnected
2026-08-28 20:22:08.184 [kafka-producer-network-thread | customer-service-producer-1] INFO  customer-service [o.apache.kafka.clients.NetworkClient] - [Producer clientId=customer-service-producer-1] Node -1 disconnected.
2026-08-28 20:22:08.184 [kafka-producer-network-thread | customer-service-producer-1] WARN  customer-service [o.apache.kafka.clients.NetworkClient] - [Producer clientId=customer-service-producer-1] Connection to node -1 (localhost/127.0.0.1:9092) could not be established. Node may not be available.
2026-08-28 20:22:08.184 [kafka-producer-network-thread | customer-service-producer-1] WARN  customer-service [o.apache.kafka.clients.NetworkClient] - [Producer clientId=customer-service-producer-1] Bootstrap broker localhost:9092 (id: -1 rack: null) disconnected
2026-08-28 20:22:09.193 [kafka-producer-network-thread | customer-service-producer-1] INFO  customer-service [o.apache.kafka.clients.NetworkClient] - [Producer clientId=customer-service-producer-1] Node -1 disconnected.
2026-08-28 20:22:09.194 [kafka-producer-network-thread | customer-service-producer-1] WARN  customer-service [o.apache.kafka.clients.NetworkClient] - [Producer clientId=customer-service-producer-1] Connection to node -1 (localhost/127.0.0.1:9092) could not be established. Node may not be available.
2026-08-28 20:22:09.194 [kafka-producer-network-thread | customer-service-producer-1] WARN  customer-service [o.apache.kafka.clients.NetworkClient] - [Producer clientId=customer-service-producer-1] Bootstrap broker localhost:9092 (id: -1 rack: null) disconnected
2026-08-28 20:22:10.128 [kafka-producer-network-thread | customer-service-producer-1] INFO  customer-service [o.apache.kafka.clients.NetworkClient] - [Producer clientId=customer-service-producer-1] Node -1 disconnected.
2026-08-28 20:22:10.128 [kafka-producer-network-thread | customer-service-producer-1] WARN  customer-service [o.apache.kafka.clients.NetworkClient] - [Producer clientId=customer-service-producer-1] Connection to node -1 (localhost/127.0.0.1:9092) could not be established. Node may not be available.
2026-08-28 20:22:10.128 [kafka-producer-network-thread | customer-service-producer-1] WARN  customer-service [o.apache.kafka.clients.NetworkClient] - [Producer clientId=customer-service-producer-1] Bootstrap broker localhost:9092 (id: -1 rack: null) disconnected
2026-08-28 20:22:11.128 [kafka-producer-network-thread | customer-service-producer-1] INFO  customer-service [o.apache.kafka.clients.NetworkClient] - [Producer clientId=customer-service-producer-1] Node -1 disconnected.
2026-08-28 20:22:11.128 [kafka-producer-network-thread | customer-service-producer-1] WARN  customer-service [o.apache.kafka.clients.NetworkClient] - [Producer clientId=customer-service-producer-1] Connection to node -1 (localhost/127.0.0.1:9092) could not be established. Node may not be available.
2026-08-28 20:22:11.128 [kafka-producer-network-thread | customer-service-producer-1] WARN  customer-service [o.apache.kafka.clients.NetworkClient] - [Producer clientId=customer-service-producer-1] Bootstrap broker localhost:9092 (id: -1 rack: null) disconnected
2026-08-28 20:22:12.037 [kafka-producer-network-thread | customer-service-producer-1] INFO  customer-service [o.apache.kafka.clients.NetworkClient] - [Producer clientId=customer-service-producer-1] Node -1 disconnected.
2026-08-28 20:22:12.037 [kafka-producer-network-thread | customer-service-producer-1] WARN  customer-service [o.apache.kafka.clients.NetworkClient] - [Producer clientId=customer-service-producer-1] Connection to node -1 (localhost/127.0.0.1:9092) could not be established. Node may not be available.
2026-08-28 20:22:12.037 [kafka-producer-network-thread | customer-service-producer-1] WARN  customer-service [o.apache.kafka.clients.NetworkClient] - [Producer clientId=customer-service-producer-1] Bootstrap broker localhost:9092 (id: -1 rack: null) disconnected
2026-08-28 20:22:13.025 [kafka-producer-network-thread | customer-service-producer-1] INFO  customer-service [o.apache.kafka.clients.NetworkClient] - [Producer clientId=customer-service-producer-1] Node -1 disconnected.
2026-08-28 20:22:13.025 [kafka-producer-network-thread | customer-service-producer-1] WARN  customer-service [o.apache.kafka.clients.NetworkClient] - [Producer clientId=customer-service-producer-1] Connection to node -1 (localhost/127.0.0.1:9092) could not be established. Node may not be available.
2026-08-28 20:22:13.025 [kafka-producer-network-thread | customer-service-producer-1] WARN  customer-service [o.apache.kafka.clients.NetworkClient] - [Producer clientId=customer-service-producer-1] Bootstrap broker localhost:9092 (id: -1 rack: null) disconnected
2026-08-28 20:22:14.035 [kafka-producer-network-thread | customer-service-producer-1] INFO  customer-service [o.apache.kafka.clients.NetworkClient] - [Producer clientId=customer-service-producer-1] Node -1 disconnected.
2026-08-28 20:22:14.035 [kafka-producer-network-thread | customer-service-producer-1] WARN  customer-service [o.apache.kafka.clients.NetworkClient] - [Producer clientId=customer-service-producer-1] Connection to node -1 (localhost/127.0.0.1:9092) could not be established. Node may not be available.
2026-08-28 20:22:14.035 [kafka-producer-network-thread | customer-service-producer-1] WARN  customer-service [o.apache.kafka.clients.NetworkClient] - [Producer clientId=customer-service-producer-1] Bootstrap broker localhost:9092 (id: -1 rack: null) disconnected
2026-08-28 20:22:15.036 [kafka-producer-network-thread | customer-service-producer-1] INFO  customer-service [o.apache.kafka.clients.NetworkClient] - [Producer clientId=customer-service-producer-1] Node -1 disconnected.
2026-08-28 20:22:15.036 [kafka-producer-network-thread | customer-service-producer-1] WARN  customer-service [o.apache.kafka.clients.NetworkClient] - [Producer clientId=customer-service-producer-1] Connection to node -1 (localhost/127.0.0.1:9092) could not be established. Node may not be available.
2026-08-28 20:22:15.036 [kafka-producer-network-thread | customer-service-producer-1] WARN  customer-service [o.apache.kafka.clients.NetworkClient] - [Producer clientId=customer-service-producer-1] Bootstrap broker localhost:9092 (id: -1 rack: null) disconnected
2026-08-28 20:22:16.042 [kafka-producer-network-thread | customer-service-producer-1] INFO  customer-service [o.apache.kafka.clients.NetworkClient] - [Producer clientId=customer-service-producer-1] Node -1 disconnected.
2026-08-28 20:22:16.042 [kafka-producer-network-thread | customer-service-producer-1] WARN  customer-service [o.apache.kafka.clients.NetworkClient] - [Producer clientId=customer-service-producer-1] Connection to node -1 (localhost/127.0.0.1:9092) could not be established. Node may not be available.
2026-08-28 20:22:16.042 [kafka-producer-network-thread | customer-service-producer-1] WARN  customer-service [o.apache.kafka.clients.NetworkClient] - [Producer clientId=customer-service-producer-1] Bootstrap broker localhost:9092 (id: -1 rack: null) disconnected
2026-08-28 20:22:17.042 [kafka-producer-network-thread | customer-service-producer-1] INFO  customer-service [o.apache.kafka.clients.NetworkClient] - [Producer clientId=customer-service-producer-1] Node -1 disconnected.
2026-08-28 20:22:17.042 [kafka-producer-network-thread | customer-service-producer-1] WARN  customer-service [o.apache.kafka.clients.NetworkClient] - [Producer clientId=customer-service-producer-1] Connection to node -1 (localhost/127.0.0.1:9092) could not be established. Node may not be available.
2026-08-28 20:22:17.042 [kafka-producer-network-thread | customer-service-producer-1] WARN  customer-service [o.apache.kafka.clients.NetworkClient] - [Producer clientId=customer-service-producer-1] Bootstrap broker localhost:9092 (id: -1 rack: null) disconnected
2026-08-28 20:22:18.000 [kafka-producer-network-thread | customer-service-producer-1] INFO  customer-service [o.apache.kafka.clients.NetworkClient] - [Producer clientId=customer-service-producer-1] Node -1 disconnected.
2026-08-28 20:22:18.000 [kafka-producer-network-thread | customer-service-producer-1] WARN  customer-service [o.apache.kafka.clients.NetworkClient] - [Producer clientId=customer-service-producer-1] Connection to node -1 (localhost/127.0.0.1:9092) could not be established. Node may not be available.
2026-08-28 20:22:18.000 [kafka-producer-network-thread | customer-service-producer-1] WARN  customer-service [o.apache.kafka.clients.NetworkClient] - [Producer clientId=customer-service-producer-1] Bootstrap broker localhost:9092 (id: -1 rack: null) disconnected
2026-08-28 20:22:19.008 [kafka-producer-network-thread | customer-service-producer-1] INFO  customer-service [o.apache.kafka.clients.NetworkClient] - [Producer clientId=customer-service-producer-1] Node -1 disconnected.
2026-08-28 20:22:19.008 [kafka-producer-network-thread | customer-service-producer-1] WARN  customer-service [o.apache.kafka.clients.NetworkClient] - [Producer clientId=customer-service-producer-1] Connection to node -1 (localhost/127.0.0.1:9092) could not be established. Node may not be available.
2026-08-28 20:22:19.008 [kafka-producer-network-thread | customer-service-producer-1] WARN  customer-service [o.apache.kafka.clients.NetworkClient] - [Producer clientId=customer-service-producer-1] Bootstrap broker localhost:9092 (id: -1 rack: null) disconnected
2026-08-28 20:22:19.852 [kafka-producer-network-thread | customer-service-producer-1] INFO  customer-service [o.apache.kafka.clients.NetworkClient] - [Producer clientId=customer-service-producer-1] Node -1 disconnected.
2026-08-28 20:22:19.852 [kafka-producer-network-thread | customer-service-producer-1] WARN  customer-service [o.apache.kafka.clients.NetworkClient] - [Producer clientId=customer-service-producer-1] Connection to node -1 (localhost/127.0.0.1:9092) could not be established. Node may not be available.
2026-08-28 20:22:19.852 [kafka-producer-network-thread | customer-service-producer-1] WARN  customer-service [o.apache.kafka.clients.NetworkClient] - [Producer clientId=customer-service-producer-1] Bootstrap broker localhost:9092 (id: -1 rack: null) disconnected
2026-08-28 20:22:20.755 [kafka-producer-network-thread | customer-service-producer-1] INFO  customer-service [o.apache.kafka.clients.NetworkClient] - [Producer clientId=customer-service-producer-1] Node -1 disconnected.
2026-08-28 20:22:20.755 [kafka-producer-network-thread | customer-service-producer-1] WARN  customer-service [o.apache.kafka.clients.NetworkClient] - [Producer clientId=customer-service-producer-1] Connection to node -1 (localhost/127.0.0.1:9092) could not be established. Node may not be available.
2026-08-28 20:22:20.755 [kafka-producer-network-thread | customer-service-producer-1] WARN  customer-service [o.apache.kafka.clients.NetworkClient] - [Producer clientId=customer-service-producer-1] Bootstrap broker localhost:9092 (id: -1 rack: null) disconnected
2026-08-28 20:22:21.755 [kafka-producer-network-thread | customer-service-producer-1] INFO  customer-service [o.apache.kafka.clients.NetworkClient] - [Producer clientId=customer-service-producer-1] Node -1 disconnected.
2026-08-28 20:22:21.755 [kafka-producer-network-thread | customer-service-producer-1] WARN  customer-service [o.apache.kafka.clients.NetworkClient] - [Producer clientId=customer-service-producer-1] Connection to node -1 (localhost/127.0.0.1:9092) could not be established. Node may not be available.
2026-08-28 20:22:21.755 [kafka-producer-network-thread | customer-service-producer-1] WARN  customer-service [o.apache.kafka.clients.NetworkClient] - [Producer clientId=customer-service-producer-1] Bootstrap broker localhost:9092 (id: -1 rack: null) disconnected
2026-08-28 20:22:22.764 [kafka-producer-network-thread | customer-service-producer-1] INFO  customer-service [o.apache.kafka.clients.NetworkClient] - [Producer clientId=customer-service-producer-1] Node -1 disconnected.
2026-08-28 20:22:22.764 [kafka-producer-network-thread | customer-service-producer-1] WARN  customer-service [o.apache.kafka.clients.NetworkClient] - [Producer clientId=customer-service-producer-1] Connection to node -1 (localhost/127.0.0.1:9092) could not be established. Node may not be available.
2026-08-28 20:22:22.764 [kafka-producer-network-thread | customer-service-producer-1] WARN  customer-service [o.apache.kafka.clients.NetworkClient] - [Producer clientId=customer-service-producer-1] Bootstrap broker localhost:9092 (id: -1 rack: null) disconnected
2026-08-28 20:22:23.718 [kafka-producer-network-thread | customer-service-producer-1] INFO  customer-service [o.apache.kafka.clients.NetworkClient] - [Producer clientId=customer-service-producer-1] Node -1 disconnected.
2026-08-28 20:22:23.718 [kafka-producer-network-thread | customer-service-producer-1] WARN  customer-service [o.apache.kafka.clients.NetworkClient] - [Producer clientId=customer-service-producer-1] Connection to node -1 (localhost/127.0.0.1:9092) could not be established. Node may not be available.
2026-08-28 20:22:23.718 [kafka-producer-network-thread | customer-service-producer-1] WARN  customer-service [o.apache.kafka.clients.NetworkClient] - [Producer clientId=customer-service-producer-1] Bootstrap broker localhost:9092 (id: -1 rack: null) disconnected
2026-08-28 20:22:24.658 [kafka-producer-network-thread | customer-service-producer-1] INFO  customer-service [o.apache.kafka.clients.NetworkClient] - [Producer clientId=customer-service-producer-1] Node -1 disconnected.
2026-08-28 20:22:24.658 [kafka-producer-network-thread | customer-service-producer-1] WARN  customer-service [o.apache.kafka.clients.NetworkClient] - [Producer clientId=customer-service-producer-1] Connection to node -1 (localhost/127.0.0.1:9092) could not be established. Node may not be available.
2026-08-28 20:22:24.658 [kafka-producer-network-thread | customer-service-producer-1] WARN  customer-service [o.apache.kafka.clients.NetworkClient] - [Producer clientId=customer-service-producer-1] Bootstrap broker localhost:9092 (id: -1 rack: null) disconnected
2026-08-28 20:22:25.703 [kafka-producer-network-thread | customer-service-producer-1] INFO  customer-service [o.apache.kafka.clients.NetworkClient] - [Producer clientId=customer-service-producer-1] Node -1 disconnected.
2026-08-28 20:22:25.703 [kafka-producer-network-thread | customer-service-producer-1] WARN  customer-service [o.apache.kafka.clients.NetworkClient] - [Producer clientId=customer-service-producer-1] Connection to node -1 (localhost/127.0.0.1:9092) could not be established. Node may not be available.
2026-08-28 20:22:25.704 [kafka-producer-network-thread | customer-service-producer-1] WARN  customer-service [o.apache.kafka.clients.NetworkClient] - [Producer clientId=customer-service-producer-1] Bootstrap broker localhost:9092 (id: -1 rack: null) disconnected
2026-08-28 20:22:26.639 [kafka-producer-network-thread | customer-service-producer-1] INFO  customer-service [o.apache.kafka.clients.NetworkClient] - [Producer clientId=customer-service-producer-1] Node -1 disconnected.
2026-08-28 20:22:26.639 [kafka-producer-network-thread | customer-service-producer-1] WARN  customer-service [o.apache.kafka.clients.NetworkClient] - [Producer clientId=customer-service-producer-1] Connection to node -1 (localhost/127.0.0.1:9092) could not be established. Node may not be available.
2026-08-28 20:22:26.639 [kafka-producer-network-thread | customer-service-producer-1] WARN  customer-service [o.apache.kafka.clients.NetworkClient] - [Producer clientId=customer-service-producer-1] Bootstrap broker localhost:9092 (id: -1 rack: null) disconnected
2026-08-28 20:22:27.643 [kafka-producer-network-thread | customer-service-producer-1] INFO  customer-service [o.apache.kafka.clients.NetworkClient] - [Producer clientId=customer-service-producer-1] Node -1 disconnected.
2026-08-28 20:22:27.644 [kafka-producer-network-thread | customer-service-producer-1] WARN  customer-service [o.apache.kafka.clients.NetworkClient] - [Producer clientId=customer-service-producer-1] Connection to node -1 (localhost/127.0.0.1:9092) could not be established. Node may not be available.
2026-08-28 20:22:27.644 [kafka-producer-network-thread | customer-service-producer-1] WARN  customer-service [o.apache.kafka.clients.NetworkClient] - [Producer clientId=customer-service-producer-1] Bootstrap broker localhost:9092 (id: -1 rack: null) disconnected
2026-08-28 20:22:28.502 [kafka-producer-network-thread | customer-service-producer-1] INFO  customer-service [o.apache.kafka.clients.NetworkClient] - [Producer clientId=customer-service-producer-1] Node -1 disconnected.
2026-08-28 20:22:28.502 [kafka-producer-network-thread | customer-service-producer-1] WARN  customer-service [o.apache.kafka.clients.NetworkClient] - [Producer clientId=customer-service-producer-1] Connection to node -1 (localhost/127.0.0.1:9092) could not be established. Node may not be available.
2026-08-28 20:22:28.502 [kafka-producer-network-thread | customer-service-producer-1] WARN  customer-service [o.apache.kafka.clients.NetworkClient] - [Producer clientId=customer-service-producer-1] Bootstrap broker localhost:9092 (id: -1 rack: null) disconnected
2026-08-28 20:22:29.511 [kafka-producer-network-thread | customer-service-producer-1] INFO  customer-service [o.apache.kafka.clients.NetworkClient] - [Producer clientId=customer-service-producer-1] Node -1 disconnected.
2026-08-28 20:22:29.511 [kafka-producer-network-thread | customer-service-producer-1] WARN  customer-service [o.apache.kafka.clients.NetworkClient] - [Producer clientId=customer-service-producer-1] Connection to node -1 (localhost/127.0.0.1:9092) could not be established. Node may not be available.
2026-08-28 20:22:29.512 [kafka-producer-network-thread | customer-service-producer-1] WARN  customer-service [o.apache.kafka.clients.NetworkClient] - [Producer clientId=customer-service-producer-1] Bootstrap broker localhost:9092 (id: -1 rack: null) disconnected
2026-08-28 20:22:30.368 [kafka-producer-network-thread | customer-service-producer-1] INFO  customer-service [o.apache.kafka.clients.NetworkClient] - [Producer clientId=customer-service-producer-1] Node -1 disconnected.
2026-08-28 20:22:30.368 [kafka-producer-network-thread | customer-service-producer-1] WARN  customer-service [o.apache.kafka.clients.NetworkClient] - [Producer clientId=customer-service-producer-1] Connection to node -1 (localhost/127.0.0.1:9092) could not be established. Node may not be available.
2026-08-28 20:22:30.368 [kafka-producer-network-thread | customer-service-producer-1] WARN  customer-service [o.apache.kafka.clients.NetworkClient] - [Producer clientId=customer-service-producer-1] Bootstrap broker localhost:9092 (id: -1 rack: null) disconnected
2026-08-28 20:22:31.370 [kafka-producer-network-thread | customer-service-producer-1] INFO  customer-service [o.apache.kafka.clients.NetworkClient] - [Producer clientId=customer-service-producer-1] Node -1 disconnected.
2026-08-28 20:22:31.370 [kafka-producer-network-thread | customer-service-producer-1] WARN  customer-service [o.apache.kafka.clients.NetworkClient] - [Producer clientId=customer-service-producer-1] Connection to node -1 (localhost/127.0.0.1:9092) could not be established. Node may not be available.
2026-08-28 20:22:31.370 [kafka-producer-network-thread | customer-service-producer-1] WARN  customer-service [o.apache.kafka.clients.NetworkClient] - [Producer clientId=customer-service-producer-1] Bootstrap broker localhost:9092 (id: -1 rack: null) disconnected
2026-08-28 20:22:32.328 [kafka-producer-network-thread | customer-service-producer-1] INFO  customer-service [o.apache.kafka.clients.NetworkClient] - [Producer clientId=customer-service-producer-1] Node -1 disconnected.
2026-08-28 20:22:32.328 [kafka-producer-network-thread | customer-service-producer-1] WARN  customer-service [o.apache.kafka.clients.NetworkClient] - [Producer clientId=customer-service-producer-1] Connection to node -1 (localhost/127.0.0.1:9092) could not be established. Node may not be available.
2026-08-28 20:22:32.328 [kafka-producer-network-thread | customer-service-producer-1] WARN  customer-service [o.apache.kafka.clients.NetworkClient] - [Producer clientId=customer-service-producer-1] Bootstrap broker localhost:9092 (id: -1 rack: null) disconnected
2026-08-28 20:22:33.338 [kafka-producer-network-thread | customer-service-producer-1] INFO  customer-service [o.apache.kafka.clients.NetworkClient] - [Producer clientId=customer-service-producer-1] Node -1 disconnected.
2026-08-28 20:22:33.338 [kafka-producer-network-thread | customer-service-producer-1] WARN  customer-service [o.apache.kafka.clients.NetworkClient] - [Producer clientId=customer-service-producer-1] Connection to node -1 (localhost/127.0.0.1:9092) could not be established. Node may not be available.
2026-08-28 20:22:33.339 [kafka-producer-network-thread | customer-service-producer-1] WARN  customer-service [o.apache.kafka.clients.NetworkClient] - [Producer clientId=customer-service-producer-1] Bootstrap broker localhost:9092 (id: -1 rack: null) disconnected
2026-08-28 20:22:34.339 [kafka-producer-network-thread | customer-service-producer-1] INFO  customer-service [o.apache.kafka.clients.NetworkClient] - [Producer clientId=customer-service-producer-1] Node -1 disconnected.
2026-08-28 20:22:34.339 [kafka-producer-network-thread | customer-service-producer-1] WARN  customer-service [o.apache.kafka.clients.NetworkClient] - [Producer clientId=customer-service-producer-1] Connection to node -1 (localhost/127.0.0.1:9092) could not be established. Node may not be available.
2026-08-28 20:22:34.340 [kafka-producer-network-thread | customer-service-producer-1] WARN  customer-service [o.apache.kafka.clients.NetworkClient] - [Producer clientId=customer-service-producer-1] Bootstrap broker localhost:9092 (id: -1 rack: null) disconnected
2026-08-28 20:22:35.349 [kafka-producer-network-thread | customer-service-producer-1] INFO  customer-service [o.apache.kafka.clients.NetworkClient] - [Producer clientId=customer-service-producer-1] Node -1 disconnected.
2026-08-28 20:22:35.349 [kafka-producer-network-thread | customer-service-producer-1] WARN  customer-service [o.apache.kafka.clients.NetworkClient] - [Producer clientId=customer-service-producer-1] Connection to node -1 (localhost/127.0.0.1:9092) could not be established. Node may not be available.
2026-08-28 20:22:35.349 [kafka-producer-network-thread | customer-service-producer-1] WARN  customer-service [o.apache.kafka.clients.NetworkClient] - [Producer clientId=customer-service-producer-1] Bootstrap broker localhost:9092 (id: -1 rack: null) disconnected
2026-08-28 20:22:36.309 [kafka-producer-network-thread | customer-service-producer-1] INFO  customer-service [o.apache.kafka.clients.NetworkClient] - [Producer clientId=customer-service-producer-1] Node -1 disconnected.
2026-08-28 20:22:36.309 [kafka-producer-network-thread | customer-service-producer-1] WARN  customer-service [o.apache.kafka.clients.NetworkClient] - [Producer clientId=customer-service-producer-1] Connection to node -1 (localhost/127.0.0.1:9092) could not be established. Node may not be available.
2026-08-28 20:22:36.309 [kafka-producer-network-thread | customer-service-producer-1] WARN  customer-service [o.apache.kafka.clients.NetworkClient] - [Producer clientId=customer-service-producer-1] Bootstrap broker localhost:9092 (id: -1 rack: null) disconnected
2026-08-28 20:22:37.340 [kafka-producer-network-thread | customer-service-producer-1] INFO  customer-service [o.apache.kafka.clients.NetworkClient] - [Producer clientId=customer-service-producer-1] Node -1 disconnected.
2026-08-28 20:22:37.340 [kafka-producer-network-thread | customer-service-producer-1] WARN  customer-service [o.apache.kafka.clients.NetworkClient] - [Producer clientId=customer-service-producer-1] Connection to node -1 (localhost/127.0.0.1:9092) could not be established. Node may not be available.
2026-08-28 20:22:37.340 [kafka-producer-network-thread | customer-service-producer-1] WARN  customer-service [o.apache.kafka.clients.NetworkClient] - [Producer clientId=customer-service-producer-1] Bootstrap broker localhost:9092 (id: -1 rack: null) disconnected
2026-08-28 20:22:38.341 [kafka-producer-network-thread | customer-service-producer-1] INFO  customer-service [o.apache.kafka.clients.NetworkClient] - [Producer clientId=customer-service-producer-1] Node -1 disconnected.
2026-08-28 20:22:38.341 [kafka-producer-network-thread | customer-service-producer-1] WARN  customer-service [o.apache.kafka.clients.NetworkClient] - [Producer clientId=customer-service-producer-1] Connection to node -1 (localhost/127.0.0.1:9092) could not be established. Node may not be available.
2026-08-28 20:22:38.341 [kafka-producer-network-thread | customer-service-producer-1] WARN  customer-service [o.apache.kafka.clients.NetworkClient] - [Producer clientId=customer-service-producer-1] Bootstrap broker localhost:9092 (id: -1 rack: null) disconnected
2026-08-28 20:22:39.345 [kafka-producer-network-thread | customer-service-producer-1] INFO  customer-service [o.apache.kafka.clients.NetworkClient] - [Producer clientId=customer-service-producer-1] Node -1 disconnected.
2026-08-28 20:22:39.345 [kafka-producer-network-thread | customer-service-producer-1] WARN  customer-service [o.apache.kafka.clients.NetworkClient] - [Producer clientId=customer-service-producer-1] Connection to node -1 (localhost/127.0.0.1:9092) could not be established. Node may not be available.
2026-08-28 20:22:39.345 [kafka-producer-network-thread | customer-service-producer-1] WARN  customer-service [o.apache.kafka.clients.NetworkClient] - [Producer clientId=customer-service-producer-1] Bootstrap broker localhost:9092 (id: -1 rack: null) disconnected
2026-08-28 20:22:40.339 [kafka-producer-network-thread | customer-service-producer-1] INFO  customer-service [o.apache.kafka.clients.NetworkClient] - [Producer clientId=customer-service-producer-1] Node -1 disconnected.
2026-08-28 20:22:40.339 [kafka-producer-network-thread | customer-service-producer-1] WARN  customer-service [o.apache.kafka.clients.NetworkClient] - [Producer clientId=customer-service-producer-1] Connection to node -1 (localhost/127.0.0.1:9092) could not be established. Node may not be available.
2026-08-28 20:22:40.339 [kafka-producer-network-thread | customer-service-producer-1] WARN  customer-service [o.apache.kafka.clients.NetworkClient] - [Producer clientId=customer-service-producer-1] Bootstrap broker localhost:9092 (id: -1 rack: null) disconnected
2026-08-28 20:22:41.199 [kafka-producer-network-thread | customer-service-producer-1] INFO  customer-service [o.apache.kafka.clients.NetworkClient] - [Producer clientId=customer-service-producer-1] Node -1 disconnected.
2026-08-28 20:22:41.199 [kafka-producer-network-thread | customer-service-producer-1] WARN  customer-service [o.apache.kafka.clients.NetworkClient] - [Producer clientId=customer-service-producer-1] Connection to node -1 (localhost/127.0.0.1:9092) could not be established. Node may not be available.
2026-08-28 20:22:41.199 [kafka-producer-network-thread | customer-service-producer-1] WARN  customer-service [o.apache.kafka.clients.NetworkClient] - [Producer clientId=customer-service-producer-1] Bootstrap broker localhost:9092 (id: -1 rack: null) disconnected
2026-08-28 20:22:42.059 [kafka-producer-network-thread | customer-service-producer-1] INFO  customer-service [o.apache.kafka.clients.NetworkClient] - [Producer clientId=customer-service-producer-1] Node -1 disconnected.
2026-08-28 20:22:42.059 [kafka-producer-network-thread | customer-service-producer-1] WARN  customer-service [o.apache.kafka.clients.NetworkClient] - [Producer clientId=customer-service-producer-1] Connection to node -1 (localhost/127.0.0.1:9092) could not be established. Node may not be available.
2026-08-28 20:22:42.059 [kafka-producer-network-thread | customer-service-producer-1] WARN  customer-service [o.apache.kafka.clients.NetworkClient] - [Producer clientId=customer-service-producer-1] Bootstrap broker localhost:9092 (id: -1 rack: null) disconnected
2026-08-28 20:22:43.017 [kafka-producer-network-thread | customer-service-producer-1] INFO  customer-service [o.apache.kafka.clients.NetworkClient] - [Producer clientId=customer-service-producer-1] Node -1 disconnected.
2026-08-28 20:22:43.018 [kafka-producer-network-thread | customer-service-producer-1] WARN  customer-service [o.apache.kafka.clients.NetworkClient] - [Producer clientId=customer-service-producer-1] Connection to node -1 (localhost/127.0.0.1:9092) could not be established. Node may not be available.
2026-08-28 20:22:43.018 [kafka-producer-network-thread | customer-service-producer-1] WARN  customer-service [o.apache.kafka.clients.NetworkClient] - [Producer clientId=customer-service-producer-1] Bootstrap broker localhost:9092 (id: -1 rack: null) disconnected
2026-08-28 20:22:43.977 [kafka-producer-network-thread | customer-service-producer-1] INFO  customer-service [o.apache.kafka.clients.NetworkClient] - [Producer clientId=customer-service-producer-1] Node -1 disconnected.
2026-08-28 20:22:43.977 [kafka-producer-network-thread | customer-service-producer-1] WARN  customer-service [o.apache.kafka.clients.NetworkClient] - [Producer clientId=customer-service-producer-1] Connection to node -1 (localhost/127.0.0.1:9092) could not be established. Node may not be available.
2026-08-28 20:22:43.977 [kafka-producer-network-thread | customer-service-producer-1] WARN  customer-service [o.apache.kafka.clients.NetworkClient] - [Producer clientId=customer-service-producer-1] Bootstrap broker localhost:9092 (id: -1 rack: null) disconnected
2026-08-28 20:22:44.981 [kafka-producer-network-thread | customer-service-producer-1] INFO  customer-service [o.apache.kafka.clients.NetworkClient] - [Producer clientId=customer-service-producer-1] Node -1 disconnected.
2026-08-28 20:22:44.982 [kafka-producer-network-thread | customer-service-producer-1] WARN  customer-service [o.apache.kafka.clients.NetworkClient] - [Producer clientId=customer-service-producer-1] Connection to node -1 (localhost/127.0.0.1:9092) could not be established. Node may not be available.
2026-08-28 20:22:44.982 [kafka-producer-network-thread | customer-service-producer-1] WARN  customer-service [o.apache.kafka.clients.NetworkClient] - [Producer clientId=customer-service-producer-1] Bootstrap broker localhost:9092 (id: -1 rack: null) disconnected
2026-08-28 20:22:45.982 [kafka-producer-network-thread | customer-service-producer-1] INFO  customer-service [o.apache.kafka.clients.NetworkClient] - [Producer clientId=customer-service-producer-1] Node -1 disconnected.
2026-08-28 20:22:45.982 [kafka-producer-network-thread | customer-service-producer-1] WARN  customer-service [o.apache.kafka.clients.NetworkClient] - [Producer clientId=customer-service-producer-1] Connection to node -1 (localhost/127.0.0.1:9092) could not be established. Node may not be available.
2026-08-28 20:22:45.982 [kafka-producer-network-thread | customer-service-producer-1] WARN  customer-service [o.apache.kafka.clients.NetworkClient] - [Producer clientId=customer-service-producer-1] Bootstrap broker localhost:9092 (id: -1 rack: null) disconnected
2026-08-28 20:22:46.842 [kafka-producer-network-thread | customer-service-producer-1] INFO  customer-service [o.apache.kafka.clients.NetworkClient] - [Producer clientId=customer-service-producer-1] Node -1 disconnected.
2026-08-28 20:22:46.842 [kafka-producer-network-thread | customer-service-producer-1] WARN  customer-service [o.apache.kafka.clients.NetworkClient] - [Producer clientId=customer-service-producer-1] Connection to node -1 (localhost/127.0.0.1:9092) could not be established. Node may not be available.
2026-08-28 20:22:46.842 [kafka-producer-network-thread | customer-service-producer-1] WARN  customer-service [o.apache.kafka.clients.NetworkClient] - [Producer clientId=customer-service-producer-1] Bootstrap broker localhost:9092 (id: -1 rack: null) disconnected
2026-08-28 20:22:47.770 [kafka-producer-network-thread | customer-service-producer-1] INFO  customer-service [o.apache.kafka.clients.NetworkClient] - [Producer clientId=customer-service-producer-1] Node -1 disconnected.
2026-08-28 20:22:47.770 [kafka-producer-network-thread | customer-service-producer-1] WARN  customer-service [o.apache.kafka.clients.NetworkClient] - [Producer clientId=customer-service-producer-1] Connection to node -1 (localhost/127.0.0.1:9092) could not be established. Node may not be available.
2026-08-28 20:22:47.770 [kafka-producer-network-thread | customer-service-producer-1] WARN  customer-service [o.apache.kafka.clients.NetworkClient] - [Producer clientId=customer-service-producer-1] Bootstrap broker localhost:9092 (id: -1 rack: null) disconnected
2026-08-28 20:22:48.781 [kafka-producer-network-thread | customer-service-producer-1] INFO  customer-service [o.apache.kafka.clients.NetworkClient] - [Producer clientId=customer-service-producer-1] Node -1 disconnected.
2026-08-28 20:22:48.781 [kafka-producer-network-thread | customer-service-producer-1] WARN  customer-service [o.apache.kafka.clients.NetworkClient] - [Producer clientId=customer-service-producer-1] Connection to node -1 (localhost/127.0.0.1:9092) could not be established. Node may not be available.
2026-08-28 20:22:48.781 [kafka-producer-network-thread | customer-service-producer-1] WARN  customer-service [o.apache.kafka.clients.NetworkClient] - [Producer clientId=customer-service-producer-1] Bootstrap broker localhost:9092 (id: -1 rack: null) disconnected
2026-08-28 20:22:49.800 [kafka-producer-network-thread | customer-service-producer-1] INFO  customer-service [o.apache.kafka.clients.NetworkClient] - [Producer clientId=customer-service-producer-1] Node -1 disconnected.
2026-08-28 20:22:49.800 [kafka-producer-network-thread | customer-service-producer-1] WARN  customer-service [o.apache.kafka.clients.NetworkClient] - [Producer clientId=customer-service-producer-1] Connection to node -1 (localhost/127.0.0.1:9092) could not be established. Node may not be available.
2026-08-28 20:22:49.800 [kafka-producer-network-thread | customer-service-producer-1] WARN  customer-service [o.apache.kafka.clients.NetworkClient] - [Producer clientId=customer-service-producer-1] Bootstrap broker localhost:9092 (id: -1 rack: null) disconnected
2026-08-28 20:22:50.710 [kafka-producer-network-thread | customer-service-producer-1] INFO  customer-service [o.apache.kafka.clients.NetworkClient] - [Producer clientId=customer-service-producer-1] Node -1 disconnected.
2026-08-28 20:22:50.710 [kafka-producer-network-thread | customer-service-producer-1] WARN  customer-service [o.apache.kafka.clients.NetworkClient] - [Producer clientId=customer-service-producer-1] Connection to node -1 (localhost/127.0.0.1:9092) could not be established. Node may not be available.
2026-08-28 20:22:50.710 [kafka-producer-network-thread | customer-service-producer-1] WARN  customer-service [o.apache.kafka.clients.NetworkClient] - [Producer clientId=customer-service-producer-1] Bootstrap broker localhost:9092 (id: -1 rack: null) disconnected
2026-08-28 20:22:51.710 [kafka-producer-network-thread | customer-service-producer-1] INFO  customer-service [o.apache.kafka.clients.NetworkClient] - [Producer clientId=customer-service-producer-1] Node -1 disconnected.
2026-08-28 20:22:51.710 [kafka-producer-network-thread | customer-service-producer-1] WARN  customer-service [o.apache.kafka.clients.NetworkClient] - [Producer clientId=customer-service-producer-1] Connection to node -1 (localhost/127.0.0.1:9092) could not be established. Node may not be available.
2026-08-28 20:22:51.710 [kafka-producer-network-thread | customer-service-producer-1] WARN  customer-service [o.apache.kafka.clients.NetworkClient] - [Producer clientId=customer-service-producer-1] Bootstrap broker localhost:9092 (id: -1 rack: null) disconnected
2026-08-28 20:22:52.615 [kafka-producer-network-thread | customer-service-producer-1] INFO  customer-service [o.apache.kafka.clients.NetworkClient] - [Producer clientId=customer-service-producer-1] Node -1 disconnected.
2026-08-28 20:22:52.615 [kafka-producer-network-thread | customer-service-producer-1] WARN  customer-service [o.apache.kafka.clients.NetworkClient] - [Producer clientId=customer-service-producer-1] Connection to node -1 (localhost/127.0.0.1:9092) could not be established. Node may not be available.
2026-08-28 20:22:52.615 [kafka-producer-network-thread | customer-service-producer-1] WARN  customer-service [o.apache.kafka.clients.NetworkClient] - [Producer clientId=customer-service-producer-1] Bootstrap broker localhost:9092 (id: -1 rack: null) disconnected
2026-08-28 20:22:53.624 [kafka-producer-network-thread | customer-service-producer-1] INFO  customer-service [o.apache.kafka.clients.NetworkClient] - [Producer clientId=customer-service-producer-1] Node -1 disconnected.
2026-08-28 20:22:53.624 [kafka-producer-network-thread | customer-service-producer-1] WARN  customer-service [o.apache.kafka.clients.NetworkClient] - [Producer clientId=customer-service-producer-1] Connection to node -1 (localhost/127.0.0.1:9092) could not be established. Node may not be available.
2026-08-28 20:22:53.624 [kafka-producer-network-thread | customer-service-producer-1] WARN  customer-service [o.apache.kafka.clients.NetworkClient] - [Producer clientId=customer-service-producer-1] Bootstrap broker localhost:9092 (id: -1 rack: null) disconnected
2026-08-28 20:22:54.627 [kafka-producer-network-thread | customer-service-producer-1] INFO  customer-service [o.apache.kafka.clients.NetworkClient] - [Producer clientId=customer-service-producer-1] Node -1 disconnected.
2026-08-28 20:22:54.627 [kafka-producer-network-thread | customer-service-producer-1] WARN  customer-service [o.apache.kafka.clients.NetworkClient] - [Producer clientId=customer-service-producer-1] Connection to node -1 (localhost/127.0.0.1:9092) could not be established. Node may not be available.
2026-08-28 20:22:54.627 [kafka-producer-network-thread | customer-service-producer-1] WARN  customer-service [o.apache.kafka.clients.NetworkClient] - [Producer clientId=customer-service-producer-1] Bootstrap broker localhost:9092 (id: -1 rack: null) disconnected
2026-08-28 20:22:55.627 [kafka-producer-network-thread | customer-service-producer-1] INFO  customer-service [o.apache.kafka.clients.NetworkClient] - [Producer clientId=customer-service-producer-1] Node -1 disconnected.
2026-08-28 20:22:55.627 [kafka-producer-network-thread | customer-service-producer-1] WARN  customer-service [o.apache.kafka.clients.NetworkClient] - [Producer clientId=customer-service-producer-1] Connection to node -1 (localhost/127.0.0.1:9092) could not be established. Node may not be available.
2026-08-28 20:22:55.627 [kafka-producer-network-thread | customer-service-producer-1] WARN  customer-service [o.apache.kafka.clients.NetworkClient] - [Producer clientId=customer-service-producer-1] Bootstrap broker localhost:9092 (id: -1 rack: null) disconnected
2026-08-28 20:22:56.628 [kafka-producer-network-thread | customer-service-producer-1] INFO  customer-service [o.apache.kafka.clients.NetworkClient] - [Producer clientId=customer-service-producer-1] Node -1 disconnected.
2026-08-28 20:22:56.628 [kafka-producer-network-thread | customer-service-producer-1] WARN  customer-service [o.apache.kafka.clients.NetworkClient] - [Producer clientId=customer-service-producer-1] Connection to node -1 (localhost/127.0.0.1:9092) could not be established. Node may not be available.
2026-08-28 20:22:56.628 [kafka-producer-network-thread | customer-service-producer-1] WARN  customer-service [o.apache.kafka.clients.NetworkClient] - [Producer clientId=customer-service-producer-1] Bootstrap broker localhost:9092 (id: -1 rack: null) disconnected
2026-08-28 20:22:57.662 [kafka-producer-network-thread | customer-service-producer-1] INFO  customer-service [o.apache.kafka.clients.NetworkClient] - [Producer clientId=customer-service-producer-1] Node -1 disconnected.
2026-08-28 20:22:57.662 [kafka-producer-network-thread | customer-service-producer-1] WARN  customer-service [o.apache.kafka.clients.NetworkClient] - [Producer clientId=customer-service-producer-1] Connection to node -1 (localhost/127.0.0.1:9092) could not be established. Node may not be available.
2026-08-28 20:22:57.662 [kafka-producer-network-thread | customer-service-producer-1] WARN  customer-service [o.apache.kafka.clients.NetworkClient] - [Producer clientId=customer-service-producer-1] Bootstrap broker localhost:9092 (id: -1 rack: null) disconnected
2026-08-28 20:22:58.518 [kafka-producer-network-thread | customer-service-producer-1] INFO  customer-service [o.apache.kafka.clients.NetworkClient] - [Producer clientId=customer-service-producer-1] Node -1 disconnected.
2026-08-28 20:22:58.518 [kafka-producer-network-thread | customer-service-producer-1] WARN  customer-service [o.apache.kafka.clients.NetworkClient] - [Producer clientId=customer-service-producer-1] Connection to node -1 (localhost/127.0.0.1:9092) could not be established. Node may not be available.
2026-08-28 20:22:58.518 [kafka-producer-network-thread | customer-service-producer-1] WARN  customer-service [o.apache.kafka.clients.NetworkClient] - [Producer clientId=customer-service-producer-1] Bootstrap broker localhost:9092 (id: -1 rack: null) disconnected
2026-08-28 20:22:59.520 [kafka-producer-network-thread | customer-service-producer-1] INFO  customer-service [o.apache.kafka.clients.NetworkClient] - [Producer clientId=customer-service-producer-1] Node -1 disconnected.
2026-08-28 20:22:59.520 [kafka-producer-network-thread | customer-service-producer-1] WARN  customer-service [o.apache.kafka.clients.NetworkClient] - [Producer clientId=customer-service-producer-1] Connection to node -1 (localhost/127.0.0.1:9092) could not be established. Node may not be available.
2026-08-28 20:22:59.521 [kafka-producer-network-thread | customer-service-producer-1] WARN  customer-service [o.apache.kafka.clients.NetworkClient] - [Producer clientId=customer-service-producer-1] Bootstrap broker localhost:9092 (id: -1 rack: null) disconnected
2026-08-28 20:23:00.429 [kafka-producer-network-thread | customer-service-producer-1] INFO  customer-service [o.apache.kafka.clients.NetworkClient] - [Producer clientId=customer-service-producer-1] Node -1 disconnected.
2026-08-28 20:23:00.429 [kafka-producer-network-thread | customer-service-producer-1] WARN  customer-service [o.apache.kafka.clients.NetworkClient] - [Producer clientId=customer-service-producer-1] Connection to node -1 (localhost/127.0.0.1:9092) could not be established. Node may not be available.
2026-08-28 20:23:00.429 [kafka-producer-network-thread | customer-service-producer-1] WARN  customer-service [o.apache.kafka.clients.NetworkClient] - [Producer clientId=customer-service-producer-1] Bootstrap broker localhost:9092 (id: -1 rack: null) disconnected
2026-08-28 20:23:01.398 [kafka-producer-network-thread | customer-service-producer-1] INFO  customer-service [o.apache.kafka.clients.NetworkClient] - [Producer clientId=customer-service-producer-1] Node -1 disconnected.
2026-08-28 20:23:01.398 [kafka-producer-network-thread | customer-service-producer-1] WARN  customer-service [o.apache.kafka.clients.NetworkClient] - [Producer clientId=customer-service-producer-1] Connection to node -1 (localhost/127.0.0.1:9092) could not be established. Node may not be available.
2026-08-28 20:23:01.398 [kafka-producer-network-thread | customer-service-producer-1] WARN  customer-service [o.apache.kafka.clients.NetworkClient] - [Producer clientId=customer-service-producer-1] Bootstrap broker localhost:9092 (id: -1 rack: null) disconnected
2026-08-28 20:23:02.414 [kafka-producer-network-thread | customer-service-producer-1] INFO  customer-service [o.apache.kafka.clients.NetworkClient] - [Producer clientId=customer-service-producer-1] Node -1 disconnected.
2026-08-28 20:23:02.414 [kafka-producer-network-thread | customer-service-producer-1] WARN  customer-service [o.apache.kafka.clients.NetworkClient] - [Producer clientId=customer-service-producer-1] Connection to node -1 (localhost/127.0.0.1:9092) could not be established. Node may not be available.
2026-08-28 20:23:02.414 [kafka-producer-network-thread | customer-service-producer-1] WARN  customer-service [o.apache.kafka.clients.NetworkClient] - [Producer clientId=customer-service-producer-1] Bootstrap broker localhost:9092 (id: -1 rack: null) disconnected
2026-08-28 20:23:03.331 [kafka-producer-network-thread | customer-service-producer-1] INFO  customer-service [o.apache.kafka.clients.NetworkClient] - [Producer clientId=customer-service-producer-1] Node -1 disconnected.
2026-08-28 20:23:03.331 [kafka-producer-network-thread | customer-service-producer-1] WARN  customer-service [o.apache.kafka.clients.NetworkClient] - [Producer clientId=customer-service-producer-1] Connection to node -1 (localhost/127.0.0.1:9092) could not be established. Node may not be available.
2026-08-28 20:23:03.331 [kafka-producer-network-thread | customer-service-producer-1] WARN  customer-service [o.apache.kafka.clients.NetworkClient] - [Producer clientId=customer-service-producer-1] Bootstrap broker localhost:9092 (id: -1 rack: null) disconnected
2026-08-28 20:23:04.251 [kafka-producer-network-thread | customer-service-producer-1] INFO  customer-service [o.apache.kafka.clients.NetworkClient] - [Producer clientId=customer-service-producer-1] Node -1 disconnected.
2026-08-28 20:23:04.252 [kafka-producer-network-thread | customer-service-producer-1] WARN  customer-service [o.apache.kafka.clients.NetworkClient] - [Producer clientId=customer-service-producer-1] Connection to node -1 (localhost/127.0.0.1:9092) could not be established. Node may not be available.
2026-08-28 20:23:04.252 [kafka-producer-network-thread | customer-service-producer-1] WARN  customer-service [o.apache.kafka.clients.NetworkClient] - [Producer clientId=customer-service-producer-1] Bootstrap broker localhost:9092 (id: -1 rack: null) disconnected
2026-08-28 20:23:05.260 [kafka-producer-network-thread | customer-service-producer-1] INFO  customer-service [o.apache.kafka.clients.NetworkClient] - [Producer clientId=customer-service-producer-1] Node -1 disconnected.
2026-08-28 20:23:05.261 [kafka-producer-network-thread | customer-service-producer-1] WARN  customer-service [o.apache.kafka.clients.NetworkClient] - [Producer clientId=customer-service-producer-1] Connection to node -1 (localhost/127.0.0.1:9092) could not be established. Node may not be available.
2026-08-28 20:23:05.261 [kafka-producer-network-thread | customer-service-producer-1] WARN  customer-service [o.apache.kafka.clients.NetworkClient] - [Producer clientId=customer-service-producer-1] Bootstrap broker localhost:9092 (id: -1 rack: null) disconnected
2026-08-28 20:23:06.262 [kafka-producer-network-thread | customer-service-producer-1] INFO  customer-service [o.apache.kafka.clients.NetworkClient] - [Producer clientId=customer-service-producer-1] Node -1 disconnected.
2026-08-28 20:23:06.262 [kafka-producer-network-thread | customer-service-producer-1] WARN  customer-service [o.apache.kafka.clients.NetworkClient] - [Producer clientId=customer-service-producer-1] Connection to node -1 (localhost/127.0.0.1:9092) could not be established. Node may not be available.
2026-08-28 20:23:06.262 [kafka-producer-network-thread | customer-service-producer-1] WARN  customer-service [o.apache.kafka.clients.NetworkClient] - [Producer clientId=customer-service-producer-1] Bootstrap broker localhost:9092 (id: -1 rack: null) disconnected
2026-08-28 20:23:07.273 [kafka-producer-network-thread | customer-service-producer-1] INFO  customer-service [o.apache.kafka.clients.NetworkClient] - [Producer clientId=customer-service-producer-1] Node -1 disconnected.
2026-08-28 20:23:07.274 [kafka-producer-network-thread | customer-service-producer-1] WARN  customer-service [o.apache.kafka.clients.NetworkClient] - [Producer clientId=customer-service-producer-1] Connection to node -1 (localhost/127.0.0.1:9092) could not be established. Node may not be available.
2026-08-28 20:23:07.274 [kafka-producer-network-thread | customer-service-producer-1] WARN  customer-service [o.apache.kafka.clients.NetworkClient] - [Producer clientId=customer-service-producer-1] Bootstrap broker localhost:9092 (id: -1 rack: null) disconnected
2026-08-28 20:23:08.274 [kafka-producer-network-thread | customer-service-producer-1] INFO  customer-service [o.apache.kafka.clients.NetworkClient] - [Producer clientId=customer-service-producer-1] Node -1 disconnected.
2026-08-28 20:23:08.274 [kafka-producer-network-thread | customer-service-producer-1] WARN  customer-service [o.apache.kafka.clients.NetworkClient] - [Producer clientId=customer-service-producer-1] Connection to node -1 (localhost/127.0.0.1:9092) could not be established. Node may not be available.
2026-08-28 20:23:08.274 [kafka-producer-network-thread | customer-service-producer-1] WARN  customer-service [o.apache.kafka.clients.NetworkClient] - [Producer clientId=customer-service-producer-1] Bootstrap broker localhost:9092 (id: -1 rack: null) disconnected
2026-08-28 20:23:09.285 [kafka-producer-network-thread | customer-service-producer-1] INFO  customer-service [o.apache.kafka.clients.NetworkClient] - [Producer clientId=customer-service-producer-1] Node -1 disconnected.
2026-08-28 20:23:09.285 [kafka-producer-network-thread | customer-service-producer-1] WARN  customer-service [o.apache.kafka.clients.NetworkClient] - [Producer clientId=customer-service-producer-1] Connection to node -1 (localhost/127.0.0.1:9092) could not be established. Node may not be available.
2026-08-28 20:23:09.286 [kafka-producer-network-thread | customer-service-producer-1] WARN  customer-service [o.apache.kafka.clients.NetworkClient] - [Producer clientId=customer-service-producer-1] Bootstrap broker localhost:9092 (id: -1 rack: null) disconnected
2026-08-28 20:23:10.196 [kafka-producer-network-thread | customer-service-producer-1] INFO  customer-service [o.apache.kafka.clients.NetworkClient] - [Producer clientId=customer-service-producer-1] Node -1 disconnected.
2026-08-28 20:23:10.196 [kafka-producer-network-thread | customer-service-producer-1] WARN  customer-service [o.apache.kafka.clients.NetworkClient] - [Producer clientId=customer-service-producer-1] Connection to node -1 (localhost/127.0.0.1:9092) could not be established. Node may not be available.
2026-08-28 20:23:10.196 [kafka-producer-network-thread | customer-service-producer-1] WARN  customer-service [o.apache.kafka.clients.NetworkClient] - [Producer clientId=customer-service-producer-1] Bootstrap broker localhost:9092 (id: -1 rack: null) disconnected
2026-08-28 20:23:11.203 [kafka-producer-network-thread | customer-service-producer-1] INFO  customer-service [o.apache.kafka.clients.NetworkClient] - [Producer clientId=customer-service-producer-1] Node -1 disconnected.
2026-08-28 20:23:11.203 [kafka-producer-network-thread | customer-service-producer-1] WARN  customer-service [o.apache.kafka.clients.NetworkClient] - [Producer clientId=customer-service-producer-1] Connection to node -1 (localhost/127.0.0.1:9092) could not be established. Node may not be available.
2026-08-28 20:23:11.203 [kafka-producer-network-thread | customer-service-producer-1] WARN  customer-service [o.apache.kafka.clients.NetworkClient] - [Producer clientId=customer-service-producer-1] Bootstrap broker localhost:9092 (id: -1 rack: null) disconnected
2026-08-28 20:23:12.146 [kafka-producer-network-thread | customer-service-producer-1] INFO  customer-service [o.apache.kafka.clients.NetworkClient] - [Producer clientId=customer-service-producer-1] Node -1 disconnected.
2026-08-28 20:23:12.146 [kafka-producer-network-thread | customer-service-producer-1] WARN  customer-service [o.apache.kafka.clients.NetworkClient] - [Producer clientId=customer-service-producer-1] Connection to node -1 (localhost/127.0.0.1:9092) could not be established. Node may not be available.
2026-08-28 20:23:12.146 [kafka-producer-network-thread | customer-service-producer-1] WARN  customer-service [o.apache.kafka.clients.NetworkClient] - [Producer clientId=customer-service-producer-1] Bootstrap broker localhost:9092 (id: -1 rack: null) disconnected
2026-08-28 20:23:13.160 [kafka-producer-network-thread | customer-service-producer-1] INFO  customer-service [o.apache.kafka.clients.NetworkClient] - [Producer clientId=customer-service-producer-1] Node -1 disconnected.
2026-08-28 20:23:13.160 [kafka-producer-network-thread | customer-service-producer-1] WARN  customer-service [o.apache.kafka.clients.NetworkClient] - [Producer clientId=customer-service-producer-1] Connection to node -1 (localhost/127.0.0.1:9092) could not be established. Node may not be available.
2026-08-28 20:23:13.160 [kafka-producer-network-thread | customer-service-producer-1] WARN  customer-service [o.apache.kafka.clients.NetworkClient] - [Producer clientId=customer-service-producer-1] Bootstrap broker localhost:9092 (id: -1 rack: null) disconnected
2026-08-28 20:23:14.060 [kafka-producer-network-thread | customer-service-producer-1] INFO  customer-service [o.apache.kafka.clients.NetworkClient] - [Producer clientId=customer-service-producer-1] Node -1 disconnected.
2026-08-28 20:23:14.060 [kafka-producer-network-thread | customer-service-producer-1] WARN  customer-service [o.apache.kafka.clients.NetworkClient] - [Producer clientId=customer-service-producer-1] Connection to node -1 (localhost/127.0.0.1:9092) could not be established. Node may not be available.
2026-08-28 20:23:14.060 [kafka-producer-network-thread | customer-service-producer-1] WARN  customer-service [o.apache.kafka.clients.NetworkClient] - [Producer clientId=customer-service-producer-1] Bootstrap broker localhost:9092 (id: -1 rack: null) disconnected
2026-08-28 20:23:14.918 [kafka-producer-network-thread | customer-service-producer-1] INFO  customer-service [o.apache.kafka.clients.NetworkClient] - [Producer clientId=customer-service-producer-1] Node -1 disconnected.
2026-08-28 20:23:14.919 [kafka-producer-network-thread | customer-service-producer-1] WARN  customer-service [o.apache.kafka.clients.NetworkClient] - [Producer clientId=customer-service-producer-1] Connection to node -1 (localhost/127.0.0.1:9092) could not be established. Node may not be available.
2026-08-28 20:23:14.919 [kafka-producer-network-thread | customer-service-producer-1] WARN  customer-service [o.apache.kafka.clients.NetworkClient] - [Producer clientId=customer-service-producer-1] Bootstrap broker localhost:9092 (id: -1 rack: null) disconnected
2026-08-28 20:23:15.894 [kafka-producer-network-thread | customer-service-producer-1] INFO  customer-service [o.apache.kafka.clients.NetworkClient] - [Producer clientId=customer-service-producer-1] Node -1 disconnected.
2026-08-28 20:23:15.894 [kafka-producer-network-thread | customer-service-producer-1] WARN  customer-service [o.apache.kafka.clients.NetworkClient] - [Producer clientId=customer-service-producer-1] Connection to node -1 (localhost/127.0.0.1:9092) could not be established. Node may not be available.
2026-08-28 20:23:15.894 [kafka-producer-network-thread | customer-service-producer-1] WARN  customer-service [o.apache.kafka.clients.NetworkClient] - [Producer clientId=customer-service-producer-1] Bootstrap broker localhost:9092 (id: -1 rack: null) disconnected
2026-08-28 20:23:16.799 [kafka-producer-network-thread | customer-service-producer-1] INFO  customer-service [o.apache.kafka.clients.NetworkClient] - [Producer clientId=customer-service-producer-1] Node -1 disconnected.
2026-08-28 20:23:16.799 [kafka-producer-network-thread | customer-service-producer-1] WARN  customer-service [o.apache.kafka.clients.NetworkClient] - [Producer clientId=customer-service-producer-1] Connection to node -1 (localhost/127.0.0.1:9092) could not be established. Node may not be available.
2026-08-28 20:23:16.800 [kafka-producer-network-thread | customer-service-producer-1] WARN  customer-service [o.apache.kafka.clients.NetworkClient] - [Producer clientId=customer-service-producer-1] Bootstrap broker localhost:9092 (id: -1 rack: null) disconnected
2026-08-28 20:23:17.757 [kafka-producer-network-thread | customer-service-producer-1] INFO  customer-service [o.apache.kafka.clients.NetworkClient] - [Producer clientId=customer-service-producer-1] Node -1 disconnected.
2026-08-28 20:23:17.757 [kafka-producer-network-thread | customer-service-producer-1] WARN  customer-service [o.apache.kafka.clients.NetworkClient] - [Producer clientId=customer-service-producer-1] Connection to node -1 (localhost/127.0.0.1:9092) could not be established. Node may not be available.
2026-08-28 20:23:17.757 [kafka-producer-network-thread | customer-service-producer-1] WARN  customer-service [o.apache.kafka.clients.NetworkClient] - [Producer clientId=customer-service-producer-1] Bootstrap broker localhost:9092 (id: -1 rack: null) disconnected
2026-08-28 20:23:18.758 [kafka-producer-network-thread | customer-service-producer-1] INFO  customer-service [o.apache.kafka.clients.NetworkClient] - [Producer clientId=customer-service-producer-1] Node -1 disconnected.
2026-08-28 20:23:18.758 [kafka-producer-network-thread | customer-service-producer-1] WARN  customer-service [o.apache.kafka.clients.NetworkClient] - [Producer clientId=customer-service-producer-1] Connection to node -1 (localhost/127.0.0.1:9092) could not be established. Node may not be available.
2026-08-28 20:23:18.758 [kafka-producer-network-thread | customer-service-producer-1] WARN  customer-service [o.apache.kafka.clients.NetworkClient] - [Producer clientId=customer-service-producer-1] Bootstrap broker localhost:9092 (id: -1 rack: null) disconnected
2026-08-28 20:23:19.797 [kafka-producer-network-thread | customer-service-producer-1] INFO  customer-service [o.apache.kafka.clients.NetworkClient] - [Producer clientId=customer-service-producer-1] Node -1 disconnected.
2026-08-28 20:23:19.797 [kafka-producer-network-thread | customer-service-producer-1] WARN  customer-service [o.apache.kafka.clients.NetworkClient] - [Producer clientId=customer-service-producer-1] Connection to node -1 (localhost/127.0.0.1:9092) could not be established. Node may not be available.
2026-08-28 20:23:19.797 [kafka-producer-network-thread | customer-service-producer-1] WARN  customer-service [o.apache.kafka.clients.NetworkClient] - [Producer clientId=customer-service-producer-1] Bootstrap broker localhost:9092 (id: -1 rack: null) disconnected
2026-08-28 20:23:20.757 [kafka-producer-network-thread | customer-service-producer-1] INFO  customer-service [o.apache.kafka.clients.NetworkClient] - [Producer clientId=customer-service-producer-1] Node -1 disconnected.
2026-08-28 20:23:20.757 [kafka-producer-network-thread | customer-service-producer-1] WARN  customer-service [o.apache.kafka.clients.NetworkClient] - [Producer clientId=customer-service-producer-1] Connection to node -1 (localhost/127.0.0.1:9092) could not be established. Node may not be available.
2026-08-28 20:23:20.757 [kafka-producer-network-thread | customer-service-producer-1] WARN  customer-service [o.apache.kafka.clients.NetworkClient] - [Producer clientId=customer-service-producer-1] Bootstrap broker localhost:9092 (id: -1 rack: null) disconnected
2026-08-28 20:23:21.613 [kafka-producer-network-thread | customer-service-producer-1] INFO  customer-service [o.apache.kafka.clients.NetworkClient] - [Producer clientId=customer-service-producer-1] Node -1 disconnected.
2026-08-28 20:23:21.613 [kafka-producer-network-thread | customer-service-producer-1] WARN  customer-service [o.apache.kafka.clients.NetworkClient] - [Producer clientId=customer-service-producer-1] Connection to node -1 (localhost/127.0.0.1:9092) could not be established. Node may not be available.
2026-08-28 20:23:21.613 [kafka-producer-network-thread | customer-service-producer-1] WARN  customer-service [o.apache.kafka.clients.NetworkClient] - [Producer clientId=customer-service-producer-1] Bootstrap broker localhost:9092 (id: -1 rack: null) disconnected
2026-08-28 20:23:22.519 [kafka-producer-network-thread | customer-service-producer-1] INFO  customer-service [o.apache.kafka.clients.NetworkClient] - [Producer clientId=customer-service-producer-1] Node -1 disconnected.
2026-08-28 20:23:22.520 [kafka-producer-network-thread | customer-service-producer-1] WARN  customer-service [o.apache.kafka.clients.NetworkClient] - [Producer clientId=customer-service-producer-1] Connection to node -1 (localhost/127.0.0.1:9092) could not be established. Node may not be available.
2026-08-28 20:23:22.520 [kafka-producer-network-thread | customer-service-producer-1] WARN  customer-service [o.apache.kafka.clients.NetworkClient] - [Producer clientId=customer-service-producer-1] Bootstrap broker localhost:9092 (id: -1 rack: null) disconnected
2026-08-28 20:23:23.494 [kafka-producer-network-thread | customer-service-producer-1] INFO  customer-service [o.apache.kafka.clients.NetworkClient] - [Producer clientId=customer-service-producer-1] Node -1 disconnected.
2026-08-28 20:23:23.496 [kafka-producer-network-thread | customer-service-producer-1] WARN  customer-service [o.apache.kafka.clients.NetworkClient] - [Producer clientId=customer-service-producer-1] Connection to node -1 (localhost/127.0.0.1:9092) could not be established. Node may not be available.
2026-08-28 20:23:23.497 [kafka-producer-network-thread | customer-service-producer-1] WARN  customer-service [o.apache.kafka.clients.NetworkClient] - [Producer clientId=customer-service-producer-1] Bootstrap broker localhost:9092 (id: -1 rack: null) disconnected
2026-08-28 20:23:24.397 [kafka-producer-network-thread | customer-service-producer-1] INFO  customer-service [o.apache.kafka.clients.NetworkClient] - [Producer clientId=customer-service-producer-1] Node -1 disconnected.
2026-08-28 20:23:24.398 [kafka-producer-network-thread | customer-service-producer-1] WARN  customer-service [o.apache.kafka.clients.NetworkClient] - [Producer clientId=customer-service-producer-1] Connection to node -1 (localhost/127.0.0.1:9092) could not be established. Node may not be available.
2026-08-28 20:23:24.398 [kafka-producer-network-thread | customer-service-producer-1] WARN  customer-service [o.apache.kafka.clients.NetworkClient] - [Producer clientId=customer-service-producer-1] Bootstrap broker localhost:9092 (id: -1 rack: null) disconnected
2026-08-28 20:23:25.337 [kafka-producer-network-thread | customer-service-producer-1] INFO  customer-service [o.apache.kafka.clients.NetworkClient] - [Producer clientId=customer-service-producer-1] Node -1 disconnected.
2026-08-28 20:23:25.337 [kafka-producer-network-thread | customer-service-producer-1] WARN  customer-service [o.apache.kafka.clients.NetworkClient] - [Producer clientId=customer-service-producer-1] Connection to node -1 (localhost/127.0.0.1:9092) could not be established. Node may not be available.
2026-08-28 20:23:25.337 [kafka-producer-network-thread | customer-service-producer-1] WARN  customer-service [o.apache.kafka.clients.NetworkClient] - [Producer clientId=customer-service-producer-1] Bootstrap broker localhost:9092 (id: -1 rack: null) disconnected
2026-08-28 20:23:26.296 [kafka-producer-network-thread | customer-service-producer-1] INFO  customer-service [o.apache.kafka.clients.NetworkClient] - [Producer clientId=customer-service-producer-1] Node -1 disconnected.
2026-08-28 20:23:26.296 [kafka-producer-network-thread | customer-service-producer-1] WARN  customer-service [o.apache.kafka.clients.NetworkClient] - [Producer clientId=customer-service-producer-1] Connection to node -1 (localhost/127.0.0.1:9092) could not be established. Node may not be available.
2026-08-28 20:23:26.296 [kafka-producer-network-thread | customer-service-producer-1] WARN  customer-service [o.apache.kafka.clients.NetworkClient] - [Producer clientId=customer-service-producer-1] Bootstrap broker localhost:9092 (id: -1 rack: null) disconnected
2026-08-28 20:23:27.330 [kafka-producer-network-thread | customer-service-producer-1] INFO  customer-service [o.apache.kafka.clients.NetworkClient] - [Producer clientId=customer-service-producer-1] Node -1 disconnected.
2026-08-28 20:23:27.330 [kafka-producer-network-thread | customer-service-producer-1] WARN  customer-service [o.apache.kafka.clients.NetworkClient] - [Producer clientId=customer-service-producer-1] Connection to node -1 (localhost/127.0.0.1:9092) could not be established. Node may not be available.
2026-08-28 20:23:27.330 [kafka-producer-network-thread | customer-service-producer-1] WARN  customer-service [o.apache.kafka.clients.NetworkClient] - [Producer clientId=customer-service-producer-1] Bootstrap broker localhost:9092 (id: -1 rack: null) disconnected
2026-08-28 20:23:28.292 [kafka-producer-network-thread | customer-service-producer-1] INFO  customer-service [o.apache.kafka.clients.NetworkClient] - [Producer clientId=customer-service-producer-1] Node -1 disconnected.
2026-08-28 20:23:28.292 [kafka-producer-network-thread | customer-service-producer-1] WARN  customer-service [o.apache.kafka.clients.NetworkClient] - [Producer clientId=customer-service-producer-1] Connection to node -1 (localhost/127.0.0.1:9092) could not be established. Node may not be available.
2026-08-28 20:23:28.293 [kafka-producer-network-thread | customer-service-producer-1] WARN  customer-service [o.apache.kafka.clients.NetworkClient] - [Producer clientId=customer-service-producer-1] Bootstrap broker localhost:9092 (id: -1 rack: null) disconnected
2026-08-28 20:23:29.200 [kafka-producer-network-thread | customer-service-producer-1] INFO  customer-service [o.apache.kafka.clients.NetworkClient] - [Producer clientId=customer-service-producer-1] Node -1 disconnected.
2026-08-28 20:23:29.200 [kafka-producer-network-thread | customer-service-producer-1] WARN  customer-service [o.apache.kafka.clients.NetworkClient] - [Producer clientId=customer-service-producer-1] Connection to node -1 (localhost/127.0.0.1:9092) could not be established. Node may not be available.
2026-08-28 20:23:29.200 [kafka-producer-network-thread | customer-service-producer-1] WARN  customer-service [o.apache.kafka.clients.NetworkClient] - [Producer clientId=customer-service-producer-1] Bootstrap broker localhost:9092 (id: -1 rack: null) disconnected
2026-08-28 20:23:30.106 [kafka-producer-network-thread | customer-service-producer-1] INFO  customer-service [o.apache.kafka.clients.NetworkClient] - [Producer clientId=customer-service-producer-1] Node -1 disconnected.
2026-08-28 20:23:30.107 [kafka-producer-network-thread | customer-service-producer-1] WARN  customer-service [o.apache.kafka.clients.NetworkClient] - [Producer clientId=customer-service-producer-1] Connection to node -1 (localhost/127.0.0.1:9092) could not be established. Node may not be available.
2026-08-28 20:23:30.107 [kafka-producer-network-thread | customer-service-producer-1] WARN  customer-service [o.apache.kafka.clients.NetworkClient] - [Producer clientId=customer-service-producer-1] Bootstrap broker localhost:9092 (id: -1 rack: null) disconnected
2026-08-28 20:23:31.113 [kafka-producer-network-thread | customer-service-producer-1] INFO  customer-service [o.apache.kafka.clients.NetworkClient] - [Producer clientId=customer-service-producer-1] Node -1 disconnected.
2026-08-28 20:23:31.114 [kafka-producer-network-thread | customer-service-producer-1] WARN  customer-service [o.apache.kafka.clients.NetworkClient] - [Producer clientId=customer-service-producer-1] Connection to node -1 (localhost/127.0.0.1:9092) could not be established. Node may not be available.
2026-08-28 20:23:31.114 [kafka-producer-network-thread | customer-service-producer-1] WARN  customer-service [o.apache.kafka.clients.NetworkClient] - [Producer clientId=customer-service-producer-1] Bootstrap broker localhost:9092 (id: -1 rack: null) disconnected
2026-08-28 20:23:31.969 [kafka-producer-network-thread | customer-service-producer-1] INFO  customer-service [o.apache.kafka.clients.NetworkClient] - [Producer clientId=customer-service-producer-1] Node -1 disconnected.
2026-08-28 20:23:31.969 [kafka-producer-network-thread | customer-service-producer-1] WARN  customer-service [o.apache.kafka.clients.NetworkClient] - [Producer clientId=customer-service-producer-1] Connection to node -1 (localhost/127.0.0.1:9092) could not be established. Node may not be available.
2026-08-28 20:23:31.969 [kafka-producer-network-thread | customer-service-producer-1] WARN  customer-service [o.apache.kafka.clients.NetworkClient] - [Producer clientId=customer-service-producer-1] Bootstrap broker localhost:9092 (id: -1 rack: null) disconnected
2026-08-28 20:23:32.976 [kafka-producer-network-thread | customer-service-producer-1] INFO  customer-service [o.apache.kafka.clients.NetworkClient] - [Producer clientId=customer-service-producer-1] Node -1 disconnected.
2026-08-28 20:23:32.976 [kafka-producer-network-thread | customer-service-producer-1] WARN  customer-service [o.apache.kafka.clients.NetworkClient] - [Producer clientId=customer-service-producer-1] Connection to node -1 (localhost/127.0.0.1:9092) could not be established. Node may not be available.
2026-08-28 20:23:32.976 [kafka-producer-network-thread | customer-service-producer-1] WARN  customer-service [o.apache.kafka.clients.NetworkClient] - [Producer clientId=customer-service-producer-1] Bootstrap broker localhost:9092 (id: -1 rack: null) disconnected
2026-08-28 20:23:33.977 [kafka-producer-network-thread | customer-service-producer-1] INFO  customer-service [o.apache.kafka.clients.NetworkClient] - [Producer clientId=customer-service-producer-1] Node -1 disconnected.
2026-08-28 20:23:33.977 [kafka-producer-network-thread | customer-service-producer-1] WARN  customer-service [o.apache.kafka.clients.NetworkClient] - [Producer clientId=customer-service-producer-1] Connection to node -1 (localhost/127.0.0.1:9092) could not be established. Node may not be available.
2026-08-28 20:23:33.977 [kafka-producer-network-thread | customer-service-producer-1] WARN  customer-service [o.apache.kafka.clients.NetworkClient] - [Producer clientId=customer-service-producer-1] Bootstrap broker localhost:9092 (id: -1 rack: null) disconnected
2026-08-28 20:23:34.931 [kafka-producer-network-thread | customer-service-producer-1] INFO  customer-service [o.apache.kafka.clients.NetworkClient] - [Producer clientId=customer-service-producer-1] Node -1 disconnected.
2026-08-28 20:23:34.931 [kafka-producer-network-thread | customer-service-producer-1] WARN  customer-service [o.apache.kafka.clients.NetworkClient] - [Producer clientId=customer-service-producer-1] Connection to node -1 (localhost/127.0.0.1:9092) could not be established. Node may not be available.
2026-08-28 20:23:34.931 [kafka-producer-network-thread | customer-service-producer-1] WARN  customer-service [o.apache.kafka.clients.NetworkClient] - [Producer clientId=customer-service-producer-1] Bootstrap broker localhost:9092 (id: -1 rack: null) disconnected
2026-08-28 20:23:35.940 [kafka-producer-network-thread | customer-service-producer-1] INFO  customer-service [o.apache.kafka.clients.NetworkClient] - [Producer clientId=customer-service-producer-1] Node -1 disconnected.
2026-08-28 20:23:35.940 [kafka-producer-network-thread | customer-service-producer-1] WARN  customer-service [o.apache.kafka.clients.NetworkClient] - [Producer clientId=customer-service-producer-1] Connection to node -1 (localhost/127.0.0.1:9092) could not be established. Node may not be available.
2026-08-28 20:23:35.941 [kafka-producer-network-thread | customer-service-producer-1] WARN  customer-service [o.apache.kafka.clients.NetworkClient] - [Producer clientId=customer-service-producer-1] Bootstrap broker localhost:9092 (id: -1 rack: null) disconnected
2026-08-28 20:23:36.944 [kafka-producer-network-thread | customer-service-producer-1] INFO  customer-service [o.apache.kafka.clients.NetworkClient] - [Producer clientId=customer-service-producer-1] Node -1 disconnected.
2026-08-28 20:23:36.964 [kafka-producer-network-thread | customer-service-producer-1] WARN  customer-service [o.apache.kafka.clients.NetworkClient] - [Producer clientId=customer-service-producer-1] Connection to node -1 (localhost/127.0.0.1:9092) could not be established. Node may not be available.
2026-08-28 20:23:36.964 [kafka-producer-network-thread | customer-service-producer-1] WARN  customer-service [o.apache.kafka.clients.NetworkClient] - [Producer clientId=customer-service-producer-1] Bootstrap broker localhost:9092 (id: -1 rack: null) disconnected
2026-08-28 20:23:37.946 [kafka-producer-network-thread | customer-service-producer-1] INFO  customer-service [o.apache.kafka.clients.NetworkClient] - [Producer clientId=customer-service-producer-1] Node -1 disconnected.
2026-08-28 20:23:37.947 [kafka-producer-network-thread | customer-service-producer-1] WARN  customer-service [o.apache.kafka.clients.NetworkClient] - [Producer clientId=customer-service-producer-1] Connection to node -1 (localhost/127.0.0.1:9092) could not be established. Node may not be available.
2026-08-28 20:23:37.947 [kafka-producer-network-thread | customer-service-producer-1] WARN  customer-service [o.apache.kafka.clients.NetworkClient] - [Producer clientId=customer-service-producer-1] Bootstrap broker localhost:9092 (id: -1 rack: null) disconnected
2026-08-28 20:23:38.788 [kafka-producer-network-thread | customer-service-producer-1] INFO  customer-service [o.apache.kafka.clients.NetworkClient] - [Producer clientId=customer-service-producer-1] Node -1 disconnected.
2026-08-28 20:23:38.788 [kafka-producer-network-thread | customer-service-producer-1] WARN  customer-service [o.apache.kafka.clients.NetworkClient] - [Producer clientId=customer-service-producer-1] Connection to node -1 (localhost/127.0.0.1:9092) could not be established. Node may not be available.
2026-08-28 20:23:38.788 [kafka-producer-network-thread | customer-service-producer-1] WARN  customer-service [o.apache.kafka.clients.NetworkClient] - [Producer clientId=customer-service-producer-1] Bootstrap broker localhost:9092 (id: -1 rack: null) disconnected
2026-08-28 20:23:39.810 [kafka-producer-network-thread | customer-service-producer-1] INFO  customer-service [o.apache.kafka.clients.NetworkClient] - [Producer clientId=customer-service-producer-1] Node -1 disconnected.
2026-08-28 20:23:39.810 [kafka-producer-network-thread | customer-service-producer-1] WARN  customer-service [o.apache.kafka.clients.NetworkClient] - [Producer clientId=customer-service-producer-1] Connection to node -1 (localhost/127.0.0.1:9092) could not be established. Node may not be available.
2026-08-28 20:23:39.810 [kafka-producer-network-thread | customer-service-producer-1] WARN  customer-service [o.apache.kafka.clients.NetworkClient] - [Producer clientId=customer-service-producer-1] Bootstrap broker localhost:9092 (id: -1 rack: null) disconnected
2026-08-28 20:23:40.722 [kafka-producer-network-thread | customer-service-producer-1] INFO  customer-service [o.apache.kafka.clients.NetworkClient] - [Producer clientId=customer-service-producer-1] Node -1 disconnected.
2026-08-28 20:23:40.722 [kafka-producer-network-thread | customer-service-producer-1] WARN  customer-service [o.apache.kafka.clients.NetworkClient] - [Producer clientId=customer-service-producer-1] Connection to node -1 (localhost/127.0.0.1:9092) could not be established. Node may not be available.
2026-08-28 20:23:40.723 [kafka-producer-network-thread | customer-service-producer-1] WARN  customer-service [o.apache.kafka.clients.NetworkClient] - [Producer clientId=customer-service-producer-1] Bootstrap broker localhost:9092 (id: -1 rack: null) disconnected
2026-08-28 20:23:41.732 [kafka-producer-network-thread | customer-service-producer-1] INFO  customer-service [o.apache.kafka.clients.NetworkClient] - [Producer clientId=customer-service-producer-1] Node -1 disconnected.
2026-08-28 20:23:41.732 [kafka-producer-network-thread | customer-service-producer-1] WARN  customer-service [o.apache.kafka.clients.NetworkClient] - [Producer clientId=customer-service-producer-1] Connection to node -1 (localhost/127.0.0.1:9092) could not be established. Node may not be available.
2026-08-28 20:23:41.732 [kafka-producer-network-thread | customer-service-producer-1] WARN  customer-service [o.apache.kafka.clients.NetworkClient] - [Producer clientId=customer-service-producer-1] Bootstrap broker localhost:9092 (id: -1 rack: null) disconnected
2026-08-28 20:23:42.771 [kafka-producer-network-thread | customer-service-producer-1] INFO  customer-service [o.apache.kafka.clients.NetworkClient] - [Producer clientId=customer-service-producer-1] Node -1 disconnected.
2026-08-28 20:23:42.771 [kafka-producer-network-thread | customer-service-producer-1] WARN  customer-service [o.apache.kafka.clients.NetworkClient] - [Producer clientId=customer-service-producer-1] Connection to node -1 (localhost/127.0.0.1:9092) could not be established. Node may not be available.
2026-08-28 20:23:42.771 [kafka-producer-network-thread | customer-service-producer-1] WARN  customer-service [o.apache.kafka.clients.NetworkClient] - [Producer clientId=customer-service-producer-1] Bootstrap broker localhost:9092 (id: -1 rack: null) disconnected
2026-08-28 20:23:43.771 [kafka-producer-network-thread | customer-service-producer-1] INFO  customer-service [o.apache.kafka.clients.NetworkClient] - [Producer clientId=customer-service-producer-1] Node -1 disconnected.
2026-08-28 20:23:43.771 [kafka-producer-network-thread | customer-service-producer-1] WARN  customer-service [o.apache.kafka.clients.NetworkClient] - [Producer clientId=customer-service-producer-1] Connection to node -1 (localhost/127.0.0.1:9092) could not be established. Node may not be available.
2026-08-28 20:23:43.771 [kafka-producer-network-thread | customer-service-producer-1] WARN  customer-service [o.apache.kafka.clients.NetworkClient] - [Producer clientId=customer-service-producer-1] Bootstrap broker localhost:9092 (id: -1 rack: null) disconnected
2026-08-28 20:23:44.681 [kafka-producer-network-thread | customer-service-producer-1] INFO  customer-service [o.apache.kafka.clients.NetworkClient] - [Producer clientId=customer-service-producer-1] Node -1 disconnected.
2026-08-28 20:23:44.681 [kafka-producer-network-thread | customer-service-producer-1] WARN  customer-service [o.apache.kafka.clients.NetworkClient] - [Producer clientId=customer-service-producer-1] Connection to node -1 (localhost/127.0.0.1:9092) could not be established. Node may not be available.
2026-08-28 20:23:44.681 [kafka-producer-network-thread | customer-service-producer-1] WARN  customer-service [o.apache.kafka.clients.NetworkClient] - [Producer clientId=customer-service-producer-1] Bootstrap broker localhost:9092 (id: -1 rack: null) disconnected
2026-08-28 20:23:45.597 [kafka-producer-network-thread | customer-service-producer-1] INFO  customer-service [o.apache.kafka.clients.NetworkClient] - [Producer clientId=customer-service-producer-1] Node -1 disconnected.
2026-08-28 20:23:45.597 [kafka-producer-network-thread | customer-service-producer-1] WARN  customer-service [o.apache.kafka.clients.NetworkClient] - [Producer clientId=customer-service-producer-1] Connection to node -1 (localhost/127.0.0.1:9092) could not be established. Node may not be available.
2026-08-28 20:23:45.597 [kafka-producer-network-thread | customer-service-producer-1] WARN  customer-service [o.apache.kafka.clients.NetworkClient] - [Producer clientId=customer-service-producer-1] Bootstrap broker localhost:9092 (id: -1 rack: null) disconnected
2026-08-28 20:23:46.607 [kafka-producer-network-thread | customer-service-producer-1] INFO  customer-service [o.apache.kafka.clients.NetworkClient] - [Producer clientId=customer-service-producer-1] Node -1 disconnected.
2026-08-28 20:23:46.607 [kafka-producer-network-thread | customer-service-producer-1] WARN  customer-service [o.apache.kafka.clients.NetworkClient] - [Producer clientId=customer-service-producer-1] Connection to node -1 (localhost/127.0.0.1:9092) could not be established. Node may not be available.
2026-08-28 20:23:46.607 [kafka-producer-network-thread | customer-service-producer-1] WARN  customer-service [o.apache.kafka.clients.NetworkClient] - [Producer clientId=customer-service-producer-1] Bootstrap broker localhost:9092 (id: -1 rack: null) disconnected
2026-08-28 20:23:47.643 [kafka-producer-network-thread | customer-service-producer-1] INFO  customer-service [o.apache.kafka.clients.NetworkClient] - [Producer clientId=customer-service-producer-1] Node -1 disconnected.
2026-08-28 20:23:47.643 [kafka-producer-network-thread | customer-service-producer-1] WARN  customer-service [o.apache.kafka.clients.NetworkClient] - [Producer clientId=customer-service-producer-1] Connection to node -1 (localhost/127.0.0.1:9092) could not be established. Node may not be available.
2026-08-28 20:23:47.643 [kafka-producer-network-thread | customer-service-producer-1] WARN  customer-service [o.apache.kafka.clients.NetworkClient] - [Producer clientId=customer-service-producer-1] Bootstrap broker localhost:9092 (id: -1 rack: null) disconnected
2026-08-28 20:23:48.650 [kafka-producer-network-thread | customer-service-producer-1] INFO  customer-service [o.apache.kafka.clients.NetworkClient] - [Producer clientId=customer-service-producer-1] Node -1 disconnected.
2026-08-28 20:23:48.650 [kafka-producer-network-thread | customer-service-producer-1] WARN  customer-service [o.apache.kafka.clients.NetworkClient] - [Producer clientId=customer-service-producer-1] Connection to node -1 (localhost/127.0.0.1:9092) could not be established. Node may not be available.
2026-08-28 20:23:48.650 [kafka-producer-network-thread | customer-service-producer-1] WARN  customer-service [o.apache.kafka.clients.NetworkClient] - [Producer clientId=customer-service-producer-1] Bootstrap broker localhost:9092 (id: -1 rack: null) disconnected
2026-08-28 20:23:49.651 [kafka-producer-network-thread | customer-service-producer-1] INFO  customer-service [o.apache.kafka.clients.NetworkClient] - [Producer clientId=customer-service-producer-1] Node -1 disconnected.
2026-08-28 20:23:49.651 [kafka-producer-network-thread | customer-service-producer-1] WARN  customer-service [o.apache.kafka.clients.NetworkClient] - [Producer clientId=customer-service-producer-1] Connection to node -1 (localhost/127.0.0.1:9092) could not be established. Node may not be available.
2026-08-28 20:23:49.651 [kafka-producer-network-thread | customer-service-producer-1] WARN  customer-service [o.apache.kafka.clients.NetworkClient] - [Producer clientId=customer-service-producer-1] Bootstrap broker localhost:9092 (id: -1 rack: null) disconnected
2026-08-28 20:23:50.651 [kafka-producer-network-thread | customer-service-producer-1] INFO  customer-service [o.apache.kafka.clients.NetworkClient] - [Producer clientId=customer-service-producer-1] Node -1 disconnected.
2026-08-28 20:23:50.651 [kafka-producer-network-thread | customer-service-producer-1] WARN  customer-service [o.apache.kafka.clients.NetworkClient] - [Producer clientId=customer-service-producer-1] Connection to node -1 (localhost/127.0.0.1:9092) could not be established. Node may not be available.
2026-08-28 20:23:50.651 [kafka-producer-network-thread | customer-service-producer-1] WARN  customer-service [o.apache.kafka.clients.NetworkClient] - [Producer clientId=customer-service-producer-1] Bootstrap broker localhost:9092 (id: -1 rack: null) disconnected
2026-08-28 20:23:51.491 [kafka-producer-network-thread | customer-service-producer-1] INFO  customer-service [o.apache.kafka.clients.NetworkClient] - [Producer clientId=customer-service-producer-1] Node -1 disconnected.
2026-08-28 20:23:51.491 [kafka-producer-network-thread | customer-service-producer-1] WARN  customer-service [o.apache.kafka.clients.NetworkClient] - [Producer clientId=customer-service-producer-1] Connection to node -1 (localhost/127.0.0.1:9092) could not be established. Node may not be available.
2026-08-28 20:23:51.491 [kafka-producer-network-thread | customer-service-producer-1] WARN  customer-service [o.apache.kafka.clients.NetworkClient] - [Producer clientId=customer-service-producer-1] Bootstrap broker localhost:9092 (id: -1 rack: null) disconnected
2026-08-28 20:23:52.351 [kafka-producer-network-thread | customer-service-producer-1] INFO  customer-service [o.apache.kafka.clients.NetworkClient] - [Producer clientId=customer-service-producer-1] Node -1 disconnected.
2026-08-28 20:23:52.351 [kafka-producer-network-thread | customer-service-producer-1] WARN  customer-service [o.apache.kafka.clients.NetworkClient] - [Producer clientId=customer-service-producer-1] Connection to node -1 (localhost/127.0.0.1:9092) could not be established. Node may not be available.
2026-08-28 20:23:52.352 [kafka-producer-network-thread | customer-service-producer-1] WARN  customer-service [o.apache.kafka.clients.NetworkClient] - [Producer clientId=customer-service-producer-1] Bootstrap broker localhost:9092 (id: -1 rack: null) disconnected
2026-08-28 20:23:53.351 [kafka-producer-network-thread | customer-service-producer-1] INFO  customer-service [o.apache.kafka.clients.NetworkClient] - [Producer clientId=customer-service-producer-1] Node -1 disconnected.
2026-08-28 20:23:53.351 [kafka-producer-network-thread | customer-service-producer-1] WARN  customer-service [o.apache.kafka.clients.NetworkClient] - [Producer clientId=customer-service-producer-1] Connection to node -1 (localhost/127.0.0.1:9092) could not be established. Node may not be available.
2026-08-28 20:23:53.352 [kafka-producer-network-thread | customer-service-producer-1] WARN  customer-service [o.apache.kafka.clients.NetworkClient] - [Producer clientId=customer-service-producer-1] Bootstrap broker localhost:9092 (id: -1 rack: null) disconnected
2026-08-28 20:23:54.262 [kafka-producer-network-thread | customer-service-producer-1] INFO  customer-service [o.apache.kafka.clients.NetworkClient] - [Producer clientId=customer-service-producer-1] Node -1 disconnected.
2026-08-28 20:23:54.263 [kafka-producer-network-thread | customer-service-producer-1] WARN  customer-service [o.apache.kafka.clients.NetworkClient] - [Producer clientId=customer-service-producer-1] Connection to node -1 (localhost/127.0.0.1:9092) could not be established. Node may not be available.
2026-08-28 20:23:54.263 [kafka-producer-network-thread | customer-service-producer-1] WARN  customer-service [o.apache.kafka.clients.NetworkClient] - [Producer clientId=customer-service-producer-1] Bootstrap broker localhost:9092 (id: -1 rack: null) disconnected
2026-08-28 20:23:55.071 [kafka-producer-network-thread | customer-service-producer-1] INFO  customer-service [o.apache.kafka.clients.NetworkClient] - [Producer clientId=customer-service-producer-1] Node -1 disconnected.
2026-08-28 20:23:55.071 [kafka-producer-network-thread | customer-service-producer-1] WARN  customer-service [o.apache.kafka.clients.NetworkClient] - [Producer clientId=customer-service-producer-1] Connection to node -1 (localhost/127.0.0.1:9092) could not be established. Node may not be available.
2026-08-28 20:23:55.071 [kafka-producer-network-thread | customer-service-producer-1] WARN  customer-service [o.apache.kafka.clients.NetworkClient] - [Producer clientId=customer-service-producer-1] Bootstrap broker localhost:9092 (id: -1 rack: null) disconnected
2026-08-28 20:23:56.079 [kafka-producer-network-thread | customer-service-producer-1] INFO  customer-service [o.apache.kafka.clients.NetworkClient] - [Producer clientId=customer-service-producer-1] Node -1 disconnected.
2026-08-28 20:23:56.079 [kafka-producer-network-thread | customer-service-producer-1] WARN  customer-service [o.apache.kafka.clients.NetworkClient] - [Producer clientId=customer-service-producer-1] Connection to node -1 (localhost/127.0.0.1:9092) could not be established. Node may not be available.
2026-08-28 20:23:56.080 [kafka-producer-network-thread | customer-service-producer-1] WARN  customer-service [o.apache.kafka.clients.NetworkClient] - [Producer clientId=customer-service-producer-1] Bootstrap broker localhost:9092 (id: -1 rack: null) disconnected
2026-08-28 20:23:57.143 [kafka-producer-network-thread | customer-service-producer-1] INFO  customer-service [o.apache.kafka.clients.NetworkClient] - [Producer clientId=customer-service-producer-1] Node -1 disconnected.
2026-08-28 20:23:57.143 [kafka-producer-network-thread | customer-service-producer-1] WARN  customer-service [o.apache.kafka.clients.NetworkClient] - [Producer clientId=customer-service-producer-1] Connection to node -1 (localhost/127.0.0.1:9092) could not be established. Node may not be available.
2026-08-28 20:23:57.144 [kafka-producer-network-thread | customer-service-producer-1] WARN  customer-service [o.apache.kafka.clients.NetworkClient] - [Producer clientId=customer-service-producer-1] Bootstrap broker localhost:9092 (id: -1 rack: null) disconnected
2026-08-28 20:23:58.185 [kafka-producer-network-thread | customer-service-producer-1] INFO  customer-service [o.apache.kafka.clients.NetworkClient] - [Producer clientId=customer-service-producer-1] Node -1 disconnected.
2026-08-28 20:23:58.188 [kafka-producer-network-thread | customer-service-producer-1] WARN  customer-service [o.apache.kafka.clients.NetworkClient] - [Producer clientId=customer-service-producer-1] Connection to node -1 (localhost/127.0.0.1:9092) could not be established. Node may not be available.
2026-08-28 20:23:58.188 [kafka-producer-network-thread | customer-service-producer-1] WARN  customer-service [o.apache.kafka.clients.NetworkClient] - [Producer clientId=customer-service-producer-1] Bootstrap broker localhost:9092 (id: -1 rack: null) disconnected
2026-08-28 20:23:59.185 [kafka-producer-network-thread | customer-service-producer-1] INFO  customer-service [o.apache.kafka.clients.NetworkClient] - [Producer clientId=customer-service-producer-1] Node -1 disconnected.
2026-08-28 20:23:59.185 [kafka-producer-network-thread | customer-service-producer-1] WARN  customer-service [o.apache.kafka.clients.NetworkClient] - [Producer clientId=customer-service-producer-1] Connection to node -1 (localhost/127.0.0.1:9092) could not be established. Node may not be available.
2026-08-28 20:23:59.185 [kafka-producer-network-thread | customer-service-producer-1] WARN  customer-service [o.apache.kafka.clients.NetworkClient] - [Producer clientId=customer-service-producer-1] Bootstrap broker localhost:9092 (id: -1 rack: null) disconnected
2026-08-28 20:24:00.030 [kafka-producer-network-thread | customer-service-producer-1] INFO  customer-service [o.apache.kafka.clients.NetworkClient] - [Producer clientId=customer-service-producer-1] Node -1 disconnected.
2026-08-28 20:24:00.030 [kafka-producer-network-thread | customer-service-producer-1] WARN  customer-service [o.apache.kafka.clients.NetworkClient] - [Producer clientId=customer-service-producer-1] Connection to node -1 (localhost/127.0.0.1:9092) could not be established. Node may not be available.
2026-08-28 20:24:00.030 [kafka-producer-network-thread | customer-service-producer-1] WARN  customer-service [o.apache.kafka.clients.NetworkClient] - [Producer clientId=customer-service-producer-1] Bootstrap broker localhost:9092 (id: -1 rack: null) disconnected
2026-08-28 20:24:00.994 [kafka-producer-network-thread | customer-service-producer-1] INFO  customer-service [o.apache.kafka.clients.NetworkClient] - [Producer clientId=customer-service-producer-1] Node -1 disconnected.
2026-08-28 20:24:00.994 [kafka-producer-network-thread | customer-service-producer-1] WARN  customer-service [o.apache.kafka.clients.NetworkClient] - [Producer clientId=customer-service-producer-1] Connection to node -1 (localhost/127.0.0.1:9092) could not be established. Node may not be available.
2026-08-28 20:24:00.994 [kafka-producer-network-thread | customer-service-producer-1] WARN  customer-service [o.apache.kafka.clients.NetworkClient] - [Producer clientId=customer-service-producer-1] Bootstrap broker localhost:9092 (id: -1 rack: null) disconnected
2026-08-28 20:24:01.995 [kafka-producer-network-thread | customer-service-producer-1] INFO  customer-service [o.apache.kafka.clients.NetworkClient] - [Producer clientId=customer-service-producer-1] Node -1 disconnected.
2026-08-28 20:24:01.995 [kafka-producer-network-thread | customer-service-producer-1] WARN  customer-service [o.apache.kafka.clients.NetworkClient] - [Producer clientId=customer-service-producer-1] Connection to node -1 (localhost/127.0.0.1:9092) could not be established. Node may not be available.
2026-08-28 20:24:01.995 [kafka-producer-network-thread | customer-service-producer-1] WARN  customer-service [o.apache.kafka.clients.NetworkClient] - [Producer clientId=customer-service-producer-1] Bootstrap broker localhost:9092 (id: -1 rack: null) disconnected
2026-08-28 20:24:02.972 [kafka-producer-network-thread | customer-service-producer-1] INFO  customer-service [o.apache.kafka.clients.NetworkClient] - [Producer clientId=customer-service-producer-1] Node -1 disconnected.
2026-08-28 20:24:02.972 [kafka-producer-network-thread | customer-service-producer-1] WARN  customer-service [o.apache.kafka.clients.NetworkClient] - [Producer clientId=customer-service-producer-1] Connection to node -1 (localhost/127.0.0.1:9092) could not be established. Node may not be available.
2026-08-28 20:24:02.972 [kafka-producer-network-thread | customer-service-producer-1] WARN  customer-service [o.apache.kafka.clients.NetworkClient] - [Producer clientId=customer-service-producer-1] Bootstrap broker localhost:9092 (id: -1 rack: null) disconnected
2026-08-28 20:24:03.973 [kafka-producer-network-thread | customer-service-producer-1] INFO  customer-service [o.apache.kafka.clients.NetworkClient] - [Producer clientId=customer-service-producer-1] Node -1 disconnected.
2026-08-28 20:24:03.973 [kafka-producer-network-thread | customer-service-producer-1] WARN  customer-service [o.apache.kafka.clients.NetworkClient] - [Producer clientId=customer-service-producer-1] Connection to node -1 (localhost/127.0.0.1:9092) could not be established. Node may not be available.
2026-08-28 20:24:03.973 [kafka-producer-network-thread | customer-service-producer-1] WARN  customer-service [o.apache.kafka.clients.NetworkClient] - [Producer clientId=customer-service-producer-1] Bootstrap broker localhost:9092 (id: -1 rack: null) disconnected
2026-08-28 20:24:04.979 [kafka-producer-network-thread | customer-service-producer-1] INFO  customer-service [o.apache.kafka.clients.NetworkClient] - [Producer clientId=customer-service-producer-1] Node -1 disconnected.
2026-08-28 20:24:04.979 [kafka-producer-network-thread | customer-service-producer-1] WARN  customer-service [o.apache.kafka.clients.NetworkClient] - [Producer clientId=customer-service-producer-1] Connection to node -1 (localhost/127.0.0.1:9092) could not be established. Node may not be available.
2026-08-28 20:24:04.979 [kafka-producer-network-thread | customer-service-producer-1] WARN  customer-service [o.apache.kafka.clients.NetworkClient] - [Producer clientId=customer-service-producer-1] Bootstrap broker localhost:9092 (id: -1 rack: null) disconnected
2026-08-28 20:24:05.993 [kafka-producer-network-thread | customer-service-producer-1] INFO  customer-service [o.apache.kafka.clients.NetworkClient] - [Producer clientId=customer-service-producer-1] Node -1 disconnected.
2026-08-28 20:24:05.993 [kafka-producer-network-thread | customer-service-producer-1] WARN  customer-service [o.apache.kafka.clients.NetworkClient] - [Producer clientId=customer-service-producer-1] Connection to node -1 (localhost/127.0.0.1:9092) could not be established. Node may not be available.
2026-08-28 20:24:05.993 [kafka-producer-network-thread | customer-service-producer-1] WARN  customer-service [o.apache.kafka.clients.NetworkClient] - [Producer clientId=customer-service-producer-1] Bootstrap broker localhost:9092 (id: -1 rack: null) disconnected
2026-08-28 20:24:07.038 [kafka-producer-network-thread | customer-service-producer-1] INFO  customer-service [o.apache.kafka.clients.NetworkClient] - [Producer clientId=customer-service-producer-1] Node -1 disconnected.
2026-08-28 20:24:07.038 [kafka-producer-network-thread | customer-service-producer-1] WARN  customer-service [o.apache.kafka.clients.NetworkClient] - [Producer clientId=customer-service-producer-1] Connection to node -1 (localhost/127.0.0.1:9092) could not be established. Node may not be available.
2026-08-28 20:24:07.038 [kafka-producer-network-thread | customer-service-producer-1] WARN  customer-service [o.apache.kafka.clients.NetworkClient] - [Producer clientId=customer-service-producer-1] Bootstrap broker localhost:9092 (id: -1 rack: null) disconnected
2026-08-28 20:24:08.141 [kafka-producer-network-thread | customer-service-producer-1] INFO  customer-service [o.apache.kafka.clients.NetworkClient] - [Producer clientId=customer-service-producer-1] Node -1 disconnected.
2026-08-28 20:24:08.142 [kafka-producer-network-thread | customer-service-producer-1] WARN  customer-service [o.apache.kafka.clients.NetworkClient] - [Producer clientId=customer-service-producer-1] Connection to node -1 (localhost/127.0.0.1:9092) could not be established. Node may not be available.
2026-08-28 20:24:08.142 [kafka-producer-network-thread | customer-service-producer-1] WARN  customer-service [o.apache.kafka.clients.NetworkClient] - [Producer clientId=customer-service-producer-1] Bootstrap broker localhost:9092 (id: -1 rack: null) disconnected
2026-08-28 20:24:09.096 [kafka-producer-network-thread | customer-service-producer-1] INFO  customer-service [o.apache.kafka.clients.NetworkClient] - [Producer clientId=customer-service-producer-1] Node -1 disconnected.
2026-08-28 20:24:09.096 [kafka-producer-network-thread | customer-service-producer-1] WARN  customer-service [o.apache.kafka.clients.NetworkClient] - [Producer clientId=customer-service-producer-1] Connection to node -1 (localhost/127.0.0.1:9092) could not be established. Node may not be available.
2026-08-28 20:24:09.096 [kafka-producer-network-thread | customer-service-producer-1] WARN  customer-service [o.apache.kafka.clients.NetworkClient] - [Producer clientId=customer-service-producer-1] Bootstrap broker localhost:9092 (id: -1 rack: null) disconnected
2026-08-28 20:24:10.057 [kafka-producer-network-thread | customer-service-producer-1] INFO  customer-service [o.apache.kafka.clients.NetworkClient] - [Producer clientId=customer-service-producer-1] Node -1 disconnected.
2026-08-28 20:24:10.057 [kafka-producer-network-thread | customer-service-producer-1] WARN  customer-service [o.apache.kafka.clients.NetworkClient] - [Producer clientId=customer-service-producer-1] Connection to node -1 (localhost/127.0.0.1:9092) could not be established. Node may not be available.
2026-08-28 20:24:10.057 [kafka-producer-network-thread | customer-service-producer-1] WARN  customer-service [o.apache.kafka.clients.NetworkClient] - [Producer clientId=customer-service-producer-1] Bootstrap broker localhost:9092 (id: -1 rack: null) disconnected
2026-08-28 20:24:11.058 [kafka-producer-network-thread | customer-service-producer-1] INFO  customer-service [o.apache.kafka.clients.NetworkClient] - [Producer clientId=customer-service-producer-1] Node -1 disconnected.
2026-08-28 20:24:11.058 [kafka-producer-network-thread | customer-service-producer-1] WARN  customer-service [o.apache.kafka.clients.NetworkClient] - [Producer clientId=customer-service-producer-1] Connection to node -1 (localhost/127.0.0.1:9092) could not be established. Node may not be available.
2026-08-28 20:24:11.058 [kafka-producer-network-thread | customer-service-producer-1] WARN  customer-service [o.apache.kafka.clients.NetworkClient] - [Producer clientId=customer-service-producer-1] Bootstrap broker localhost:9092 (id: -1 rack: null) disconnected
2026-08-28 20:24:12.064 [kafka-producer-network-thread | customer-service-producer-1] INFO  customer-service [o.apache.kafka.clients.NetworkClient] - [Producer clientId=customer-service-producer-1] Node -1 disconnected.
2026-08-28 20:24:12.064 [kafka-producer-network-thread | customer-service-producer-1] WARN  customer-service [o.apache.kafka.clients.NetworkClient] - [Producer clientId=customer-service-producer-1] Connection to node -1 (localhost/127.0.0.1:9092) could not be established. Node may not be available.
2026-08-28 20:24:12.064 [kafka-producer-network-thread | customer-service-producer-1] WARN  customer-service [o.apache.kafka.clients.NetworkClient] - [Producer clientId=customer-service-producer-1] Bootstrap broker localhost:9092 (id: -1 rack: null) disconnected
2026-08-28 20:24:13.065 [kafka-producer-network-thread | customer-service-producer-1] INFO  customer-service [o.apache.kafka.clients.NetworkClient] - [Producer clientId=customer-service-producer-1] Node -1 disconnected.
2026-08-28 20:24:13.065 [kafka-producer-network-thread | customer-service-producer-1] WARN  customer-service [o.apache.kafka.clients.NetworkClient] - [Producer clientId=customer-service-producer-1] Connection to node -1 (localhost/127.0.0.1:9092) could not be established. Node may not be available.
2026-08-28 20:24:13.065 [kafka-producer-network-thread | customer-service-producer-1] WARN  customer-service [o.apache.kafka.clients.NetworkClient] - [Producer clientId=customer-service-producer-1] Bootstrap broker localhost:9092 (id: -1 rack: null) disconnected
2026-08-28 20:24:13.869 [kafka-producer-network-thread | customer-service-producer-1] INFO  customer-service [o.apache.kafka.clients.NetworkClient] - [Producer clientId=customer-service-producer-1] Node -1 disconnected.
2026-08-28 20:24:13.869 [kafka-producer-network-thread | customer-service-producer-1] WARN  customer-service [o.apache.kafka.clients.NetworkClient] - [Producer clientId=customer-service-producer-1] Connection to node -1 (localhost/127.0.0.1:9092) could not be established. Node may not be available.
2026-08-28 20:24:13.869 [kafka-producer-network-thread | customer-service-producer-1] WARN  customer-service [o.apache.kafka.clients.NetworkClient] - [Producer clientId=customer-service-producer-1] Bootstrap broker localhost:9092 (id: -1 rack: null) disconnected
2026-08-28 20:24:14.880 [kafka-producer-network-thread | customer-service-producer-1] INFO  customer-service [o.apache.kafka.clients.NetworkClient] - [Producer clientId=customer-service-producer-1] Node -1 disconnected.
2026-08-28 20:24:14.880 [kafka-producer-network-thread | customer-service-producer-1] WARN  customer-service [o.apache.kafka.clients.NetworkClient] - [Producer clientId=customer-service-producer-1] Connection to node -1 (localhost/127.0.0.1:9092) could not be established. Node may not be available.
2026-08-28 20:24:14.880 [kafka-producer-network-thread | customer-service-producer-1] WARN  customer-service [o.apache.kafka.clients.NetworkClient] - [Producer clientId=customer-service-producer-1] Bootstrap broker localhost:9092 (id: -1 rack: null) disconnected
2026-08-28 20:24:15.888 [kafka-producer-network-thread | customer-service-producer-1] INFO  customer-service [o.apache.kafka.clients.NetworkClient] - [Producer clientId=customer-service-producer-1] Node -1 disconnected.
2026-08-28 20:24:15.888 [kafka-producer-network-thread | customer-service-producer-1] WARN  customer-service [o.apache.kafka.clients.NetworkClient] - [Producer clientId=customer-service-producer-1] Connection to node -1 (localhost/127.0.0.1:9092) could not be established. Node may not be available.
2026-08-28 20:24:15.888 [kafka-producer-network-thread | customer-service-producer-1] WARN  customer-service [o.apache.kafka.clients.NetworkClient] - [Producer clientId=customer-service-producer-1] Bootstrap broker localhost:9092 (id: -1 rack: null) disconnected
2026-08-28 20:24:16.748 [kafka-producer-network-thread | customer-service-producer-1] INFO  customer-service [o.apache.kafka.clients.NetworkClient] - [Producer clientId=customer-service-producer-1] Node -1 disconnected.
2026-08-28 20:24:16.748 [kafka-producer-network-thread | customer-service-producer-1] WARN  customer-service [o.apache.kafka.clients.NetworkClient] - [Producer clientId=customer-service-producer-1] Connection to node -1 (localhost/127.0.0.1:9092) could not be established. Node may not be available.
2026-08-28 20:24:16.748 [kafka-producer-network-thread | customer-service-producer-1] WARN  customer-service [o.apache.kafka.clients.NetworkClient] - [Producer clientId=customer-service-producer-1] Bootstrap broker localhost:9092 (id: -1 rack: null) disconnected
2026-08-28 20:24:17.607 [kafka-producer-network-thread | customer-service-producer-1] INFO  customer-service [o.apache.kafka.clients.NetworkClient] - [Producer clientId=customer-service-producer-1] Node -1 disconnected.
2026-08-28 20:24:17.607 [kafka-producer-network-thread | customer-service-producer-1] WARN  customer-service [o.apache.kafka.clients.NetworkClient] - [Producer clientId=customer-service-producer-1] Connection to node -1 (localhost/127.0.0.1:9092) could not be established. Node may not be available.
2026-08-28 20:24:17.608 [kafka-producer-network-thread | customer-service-producer-1] WARN  customer-service [o.apache.kafka.clients.NetworkClient] - [Producer clientId=customer-service-producer-1] Bootstrap broker localhost:9092 (id: -1 rack: null) disconnected
2026-08-28 20:24:18.653 [kafka-producer-network-thread | customer-service-producer-1] INFO  customer-service [o.apache.kafka.clients.NetworkClient] - [Producer clientId=customer-service-producer-1] Node -1 disconnected.
2026-08-28 20:24:18.653 [kafka-producer-network-thread | customer-service-producer-1] WARN  customer-service [o.apache.kafka.clients.NetworkClient] - [Producer clientId=customer-service-producer-1] Connection to node -1 (localhost/127.0.0.1:9092) could not be established. Node may not be available.
2026-08-28 20:24:18.654 [kafka-producer-network-thread | customer-service-producer-1] WARN  customer-service [o.apache.kafka.clients.NetworkClient] - [Producer clientId=customer-service-producer-1] Bootstrap broker localhost:9092 (id: -1 rack: null) disconnected
2026-08-28 20:24:19.516 [kafka-producer-network-thread | customer-service-producer-1] INFO  customer-service [o.apache.kafka.clients.NetworkClient] - [Producer clientId=customer-service-producer-1] Node -1 disconnected.
2026-08-28 20:24:19.516 [kafka-producer-network-thread | customer-service-producer-1] WARN  customer-service [o.apache.kafka.clients.NetworkClient] - [Producer clientId=customer-service-producer-1] Connection to node -1 (localhost/127.0.0.1:9092) could not be established. Node may not be available.
2026-08-28 20:24:19.516 [kafka-producer-network-thread | customer-service-producer-1] WARN  customer-service [o.apache.kafka.clients.NetworkClient] - [Producer clientId=customer-service-producer-1] Bootstrap broker localhost:9092 (id: -1 rack: null) disconnected
2026-08-28 20:24:20.359 [kafka-producer-network-thread | customer-service-producer-1] INFO  customer-service [o.apache.kafka.clients.NetworkClient] - [Producer clientId=customer-service-producer-1] Node -1 disconnected.
2026-08-28 20:24:20.360 [kafka-producer-network-thread | customer-service-producer-1] WARN  customer-service [o.apache.kafka.clients.NetworkClient] - [Producer clientId=customer-service-producer-1] Connection to node -1 (localhost/127.0.0.1:9092) could not be established. Node may not be available.
2026-08-28 20:24:20.360 [kafka-producer-network-thread | customer-service-producer-1] WARN  customer-service [o.apache.kafka.clients.NetworkClient] - [Producer clientId=customer-service-producer-1] Bootstrap broker localhost:9092 (id: -1 rack: null) disconnected
2026-08-28 20:24:21.369 [kafka-producer-network-thread | customer-service-producer-1] INFO  customer-service [o.apache.kafka.clients.NetworkClient] - [Producer clientId=customer-service-producer-1] Node -1 disconnected.
2026-08-28 20:24:21.370 [kafka-producer-network-thread | customer-service-producer-1] WARN  customer-service [o.apache.kafka.clients.NetworkClient] - [Producer clientId=customer-service-producer-1] Connection to node -1 (localhost/127.0.0.1:9092) could not be established. Node may not be available.
2026-08-28 20:24:21.370 [kafka-producer-network-thread | customer-service-producer-1] WARN  customer-service [o.apache.kafka.clients.NetworkClient] - [Producer clientId=customer-service-producer-1] Bootstrap broker localhost:9092 (id: -1 rack: null) disconnected
2026-08-28 20:24:22.280 [kafka-producer-network-thread | customer-service-producer-1] INFO  customer-service [o.apache.kafka.clients.NetworkClient] - [Producer clientId=customer-service-producer-1] Node -1 disconnected.
2026-08-28 20:24:22.280 [kafka-producer-network-thread | customer-service-producer-1] WARN  customer-service [o.apache.kafka.clients.NetworkClient] - [Producer clientId=customer-service-producer-1] Connection to node -1 (localhost/127.0.0.1:9092) could not be established. Node may not be available.
2026-08-28 20:24:22.280 [kafka-producer-network-thread | customer-service-producer-1] WARN  customer-service [o.apache.kafka.clients.NetworkClient] - [Producer clientId=customer-service-producer-1] Bootstrap broker localhost:9092 (id: -1 rack: null) disconnected
2026-08-28 20:24:23.150 [kafka-producer-network-thread | customer-service-producer-1] INFO  customer-service [o.apache.kafka.clients.NetworkClient] - [Producer clientId=customer-service-producer-1] Node -1 disconnected.
2026-08-28 20:24:23.150 [kafka-producer-network-thread | customer-service-producer-1] WARN  customer-service [o.apache.kafka.clients.NetworkClient] - [Producer clientId=customer-service-producer-1] Connection to node -1 (localhost/127.0.0.1:9092) could not be established. Node may not be available.
2026-08-28 20:24:23.150 [kafka-producer-network-thread | customer-service-producer-1] WARN  customer-service [o.apache.kafka.clients.NetworkClient] - [Producer clientId=customer-service-producer-1] Bootstrap broker localhost:9092 (id: -1 rack: null) disconnected
2026-08-28 20:24:24.150 [kafka-producer-network-thread | customer-service-producer-1] INFO  customer-service [o.apache.kafka.clients.NetworkClient] - [Producer clientId=customer-service-producer-1] Node -1 disconnected.
2026-08-28 20:24:24.150 [kafka-producer-network-thread | customer-service-producer-1] WARN  customer-service [o.apache.kafka.clients.NetworkClient] - [Producer clientId=customer-service-producer-1] Connection to node -1 (localhost/127.0.0.1:9092) could not be established. Node may not be available.
2026-08-28 20:24:24.150 [kafka-producer-network-thread | customer-service-producer-1] WARN  customer-service [o.apache.kafka.clients.NetworkClient] - [Producer clientId=customer-service-producer-1] Bootstrap broker localhost:9092 (id: -1 rack: null) disconnected
2026-08-28 20:24:25.031 [kafka-producer-network-thread | customer-service-producer-1] INFO  customer-service [o.apache.kafka.clients.NetworkClient] - [Producer clientId=customer-service-producer-1] Node -1 disconnected.
2026-08-28 20:24:25.031 [kafka-producer-network-thread | customer-service-producer-1] WARN  customer-service [o.apache.kafka.clients.NetworkClient] - [Producer clientId=customer-service-producer-1] Connection to node -1 (localhost/127.0.0.1:9092) could not be established. Node may not be available.
2026-08-28 20:24:25.031 [kafka-producer-network-thread | customer-service-producer-1] WARN  customer-service [o.apache.kafka.clients.NetworkClient] - [Producer clientId=customer-service-producer-1] Bootstrap broker localhost:9092 (id: -1 rack: null) disconnected
2026-08-28 20:24:26.060 [kafka-producer-network-thread | customer-service-producer-1] INFO  customer-service [o.apache.kafka.clients.NetworkClient] - [Producer clientId=customer-service-producer-1] Node -1 disconnected.
2026-08-28 20:24:26.060 [kafka-producer-network-thread | customer-service-producer-1] WARN  customer-service [o.apache.kafka.clients.NetworkClient] - [Producer clientId=customer-service-producer-1] Connection to node -1 (localhost/127.0.0.1:9092) could not be established. Node may not be available.
2026-08-28 20:24:26.060 [kafka-producer-network-thread | customer-service-producer-1] WARN  customer-service [o.apache.kafka.clients.NetworkClient] - [Producer clientId=customer-service-producer-1] Bootstrap broker localhost:9092 (id: -1 rack: null) disconnected
2026-08-28 20:24:27.026 [kafka-producer-network-thread | customer-service-producer-1] INFO  customer-service [o.apache.kafka.clients.NetworkClient] - [Producer clientId=customer-service-producer-1] Node -1 disconnected.
2026-08-28 20:24:27.027 [kafka-producer-network-thread | customer-service-producer-1] WARN  customer-service [o.apache.kafka.clients.NetworkClient] - [Producer clientId=customer-service-producer-1] Connection to node -1 (localhost/127.0.0.1:9092) could not be established. Node may not be available.
2026-08-28 20:24:27.027 [kafka-producer-network-thread | customer-service-producer-1] WARN  customer-service [o.apache.kafka.clients.NetworkClient] - [Producer clientId=customer-service-producer-1] Bootstrap broker localhost:9092 (id: -1 rack: null) disconnected
2026-08-28 20:24:28.015 [kafka-producer-network-thread | customer-service-producer-1] INFO  customer-service [o.apache.kafka.clients.NetworkClient] - [Producer clientId=customer-service-producer-1] Node -1 disconnected.
2026-08-28 20:24:28.015 [kafka-producer-network-thread | customer-service-producer-1] WARN  customer-service [o.apache.kafka.clients.NetworkClient] - [Producer clientId=customer-service-producer-1] Connection to node -1 (localhost/127.0.0.1:9092) could not be established. Node may not be available.
2026-08-28 20:24:28.015 [kafka-producer-network-thread | customer-service-producer-1] WARN  customer-service [o.apache.kafka.clients.NetworkClient] - [Producer clientId=customer-service-producer-1] Bootstrap broker localhost:9092 (id: -1 rack: null) disconnected
2026-08-28 20:24:28.954 [SpringApplicationShutdownHook] INFO  customer-service [o.s.b.w.e.tomcat.GracefulShutdown] - Commencing graceful shutdown. Waiting for active requests to complete
2026-08-28 20:24:28.961 [tomcat-shutdown] INFO  customer-service [o.s.b.w.e.tomcat.GracefulShutdown] - Graceful shutdown complete
2026-08-28 20:24:28.965 [SpringApplicationShutdownHook] INFO  customer-service [o.a.k.clients.producer.KafkaProducer] - [Producer clientId=customer-service-producer-1] Closing the Kafka producer with timeoutMillis = 30000 ms.
2026-08-28 20:24:28.977 [SpringApplicationShutdownHook] INFO  customer-service [o.a.kafka.common.metrics.Metrics] - Metrics scheduler closed
2026-08-28 20:24:28.978 [SpringApplicationShutdownHook] INFO  customer-service [o.a.kafka.common.metrics.Metrics] - Closing reporter org.apache.kafka.common.metrics.JmxReporter
2026-08-28 20:24:28.978 [SpringApplicationShutdownHook] INFO  customer-service [o.a.kafka.common.metrics.Metrics] - Closing reporter org.apache.kafka.common.telemetry.internals.ClientTelemetryReporter
2026-08-28 20:24:28.978 [SpringApplicationShutdownHook] INFO  customer-service [o.a.kafka.common.metrics.Metrics] - Metrics reporters closed
2026-08-28 20:24:28.979 [SpringApplicationShutdownHook] INFO  customer-service [o.a.kafka.common.utils.AppInfoParser] - App info kafka.producer for customer-service-producer-1 unregistered
2026-08-28 20:24:28.993 [SpringApplicationShutdownHook] INFO  customer-service [o.s.o.j.LocalContainerEntityManagerFactoryBean] - Closing JPA EntityManagerFactory for persistence unit 'default'
2026-08-28 20:24:29.000 [SpringApplicationShutdownHook] INFO  customer-service [com.zaxxer.hikari.HikariDataSource] - HikariPool-1 - Shutdown initiated...
2026-08-28 20:24:29.059 [SpringApplicationShutdownHook] INFO  customer-service [com.zaxxer.hikari.HikariDataSource] - HikariPool-1 - Shutdown completed.
